{
  "level_id": "L001",
  "board": {
    "rows": 8,
    "cols": 10,
    "num_colors": 3,
    "shots_remaining": 14,
    "seed": 1001,
    "cells": [
      [
        2,
        1,
        3,
        0,
        1,
        1,
        0,
        3,
        0,
        1
      ],
      [
        3,
        1,
        3,
        0,
        0,
        0,
        0,
        2,
        0,
        3
      ],
      [
        3,
        2,
        0,
        0,
        0,
        0,
        0,
        1,
        0,
        0
      ],
      [
        0,
        0,
        0,
        0,
        0,
        0,
        2,
        0,
        0,
        0
      ],
      [
        0,
        0,
        0,
        0,
        0,
        1,
        3,
        0,
        0,
        0
      ],
      [
        0,
        0,
        3,
        0,
        1,
        0,
        0,
        0,
        0,
        0
      ],
      [
        0,
        3,
        1,
        0,
        0,
        0,
        0,
        1,
        0,
        0
      ],
      [
        0,
        0,
        1,
        0,
        0,
        0,
        0,
        0,
        0,
        0
      ]
    ]
  },
  "features": {
    "color_entropy": 1.4773344666381945,
    "max_chain_depth": 8.0,
    "avg_cluster_size": 1.3333333333333333,
    "floating_potential": 1.4871794871794872,
    "density": 0.3,
    "shot_pressure": 0.5833333333333334
  },
  "bots": {
    "weak": {
      "bot_name": "weak",
      "runs": 60,
      "clear_rate": 0.9833333333333333,
      "eac": 21.35593220338983,
      "eac_all": 21.7,
      "avg_popped": 45.68333333333333
    },
    "medium": {
      "bot_name": "medium",
      "runs": 60,
      "clear_rate": 1.0,
      "eac": 20.583333333333332,
      "eac_all": 20.583333333333332,
      "avg_popped": 44.583333333333336
    },
    "strong": {
      "bot_name": "strong",
      "runs": 60,
      "clear_rate": 1.0,
      "eac": 18.3,
      "eac_all": 18.3,
      "avg_popped": 42.3
    }
  },
  "spec": {
    "target_features": {
      "color_entropy": 1.4252364789134813,
      "max_chain_depth": 8,
      "floating_potential": 1.304417862629913,
      "density": 0.4073108840242366
    },
    "weights": {
      "color_entropy": 1.0,
      "max_chain_depth": 0.5,
      "floating_potential": 1.0,
      "density": 2.0
    },
    "rows": 8,
    "cols": 10,
    "num_colors": 3,
    "shots_remaining": 14,
    "target_density": 0.4073108840242366,
    "num_seeds": 4,
    "level_index": 1,
    "symmetric": true
  }
}