{
  "level_id": "L005",
  "board": {
    "rows": 8,
    "cols": 10,
    "num_colors": 2,
    "shots_remaining": 12,
    "seed": 1005,
    "cells": [
      [
        0,
        1,
        2,
        2,
        0,
        0,
        2,
        1,
        2,
        1
      ],
      [
        2,
        0,
        0,
        1,
        0,
        0,
        1,
        0,
        2,
        2
      ],
      [
        1,
        1,
        0,
        0,
        0,
        0,
        0,
        2,
        1,
        0
      ],
      [
        0,
        2,
        0,
        0,
        0,
        1,
        2,
        0,
        0,
        0
      ],
      [
        0,
        0,
        1,
        0,
        0,
        0,
        0,
        1,
        0,
        0
      ],
      [
        0,
        0,
        2,
        0,
        0,
        0,
        0,
        0,
        0,
        0
      ],
      [
        0,
        0,
        0,
        0,
        0,
        0,
        0,
        0,
        0,
        0
      ],
      [
        0,
        0,
        0,
        0,
        0,
        0,
        0,
        1,
        0,
        0
      ]
    ]
  },
  "features": {
    "color_entropy": 0.9986359641585718,
    "max_chain_depth": 11.0,
    "avg_cluster_size": 1.3529411764705883,
    "floating_potential": 1.5147058823529411,
    "density": 0.2875,
    "shot_pressure": 0.5217391304347826
  },
  "bots": {
    "weak": {
      "bot_name": "weak",
      "runs": 60,
      "clear_rate": 1.0,
      "eac": 13.2,
      "eac_all": 13.2,
      "avg_popped": 36.2
    },
    "medium": {
      "bot_name": "medium",
      "runs": 60,
      "clear_rate": 1.0,
      "eac": 9.5,
      "eac_all": 9.5,
      "avg_popped": 32.5
    },
    "strong": {
      "bot_name": "strong",
      "runs": 60,
      "clear_rate": 1.0,
      "eac": 9.516666666666667,
      "eac_all": 9.516666666666667,
      "avg_popped": 32.516666666666666
    }
  },
  "spec": {
    "target_features": {
      "color_entropy": 1.7592714202960837,
      "max_chain_depth": 11,
      "floating_potential": 0.936689736269225,
      "density": 0.39617971085066134
    },
    "weights": {
      "color_entropy": 1.0,
      "max_chain_depth": 0.5,
      "floating_potential": 1.0,
      "density": 2.0
    },
    "rows": 8,
    "cols": 10,
    "num_colors": 2,
    "shots_remaining": 12,
    "target_density": 0.39617971085066134,
    "num_seeds": 5,
    "level_index": 5,
    "symmetric": true
  }
}