{
  "level_id": "L006",
  "board": {
    "rows": 8,
    "cols": 10,
    "num_colors": 2,
    "shots_remaining": 12,
    "seed": 1006,
    "cells": [
      [
        1,
        0,
        2,
        0,
        0,
        1,
        0,
        2,
        0,
        1
      ],
      [
        2,
        0,
        1,
        1,
        0,
        0,
        1,
        1,
        0,
        0
      ],
      [
        0,
        1,
        0,
        0,
        2,
        0,
        0,
        0,
        2,
        0
      ],
      [
        0,
        0,
        2,
        1,
        0,
        0,
        1,
        1,
        0,
        0
      ],
      [
        0,
        0,
        0,
        1,
        0,
        1,
        2,
        0,
        0,
        0
      ],
      [
        0,
        0,
        0,
        2,
        2,
        2,
        0,
        0,
        0,
        0
      ],
      [
        0,
        0,
        0,
        0,
        0,
        1,
        0,
        0,
        0,
        0
      ],
      [
        0,
        0,
        0,
        0,
        0,
        0,
        0,
        0,
        0,
        0
      ]
    ]
  },
  "features": {
    "color_entropy": 0.9798687566511528,
    "max_chain_depth": 7.0,
    "avg_cluster_size": 1.411764705882353,
    "floating_potential": 2.303030303030303,
    "density": 0.3,
    "shot_pressure": 0.5
  },
  "bots": {
    "weak": {
      "bot_name": "weak",
      "runs": 60,
      "clear_rate": 1.0,
      "eac": 14.1,
      "eac_all": 14.1,
      "avg_popped": 38.1
    },
    "medium": {
      "bot_name": "medium",
      "runs": 60,
      "clear_rate": 1.0,
      "eac": 11.9,
      "eac_all": 11.9,
      "avg_popped": 35.9
    },
    "strong": {
      "bot_name": "strong",
      "runs": 60,
      "clear_rate": 1.0,
      "eac": 13.766666666666667,
      "eac_all": 13.766666666666667,
      "avg_popped": 37.766666666666666
    }
  },
  "spec": {
    "target_features": {
      "color_entropy": 1.5049892887447038,
      "max_chain_depth": 4,
      "floating_potential": 0.7852334945664418,
      "density": 0.4373074716782429
    },
    "weights": {
      "color_entropy": 1.0,
      "max_chain_depth": 0.5,
      "floating_potential": 1.0,
      "density": 2.0
    },
    "rows": 8,
    "cols": 10,
    "num_colors": 2,
    "shots_remaining": 12,
    "target_density": 0.4373074716782429,
    "num_seeds": 4,
    "level_index": 6,
    "symmetric": true
  }
}