{
  "level_id": "L011",
  "board": {
    "rows": 8,
    "cols": 10,
    "num_colors": 3,
    "shots_remaining": 14,
    "seed": 1011,
    "cells": [
      [
        2,
        3,
        3,
        1,
        2,
        2,
        1,
        3,
        2,
        0
      ],
      [
        2,
        2,
        1,
        3,
        0,
        1,
        0,
        1,
        3,
        1
      ],
      [
        1,
        2,
        3,
        1,
        2,
        2,
        0,
        3,
        2,
        2
      ],
      [
        0,
        1,
        0,
        0,
        3,
        3,
        1,
        0,
        2,
        3
      ],
      [
        2,
        3,
        1,
        3,
        1,
        1,
        3,
        1,
        3,
        1
      ],
      [
        0,
        0,
        2,
        0,
        0,
        2,
        1,
        2,
        0,
        0
      ],
      [
        0,
        0,
        0,
        3,
        0,
        0,
        3,
        0,
        0,
        0
      ],
      [
        0,
        0,
        0,
        0,
        0,
        1,
        2,
        0,
        0,
        0
      ]
    ]
  },
  "features": {
    "color_entropy": 1.584381457724494,
    "max_chain_depth": 8.0,
    "avg_cluster_size": 1.5151515151515151,
    "floating_potential": 1.434782608695652,
    "density": 0.625,
    "shot_pressure": 0.28
  },
  "bots": {
    "weak": {
      "bot_name": "weak",
      "runs": 60,
      "clear_rate": 0.9666666666666667,
      "eac": 21.224137931034484,
      "eac_all": 21.916666666666668,
      "avg_popped": 71.83333333333333
    },
    "medium": {
      "bot_name": "medium",
      "runs": 60,
      "clear_rate": 0.95,
      "eac": 20.263157894736842,
      "eac_all": 21.35,
      "avg_popped": 71.2
    },
    "strong": {
      "bot_name": "strong",
      "runs": 60,
      "clear_rate": 0.9833333333333333,
      "eac": 18.25423728813559,
      "eac_all": 18.65,
      "avg_popped": 68.61666666666666
    }
  },
  "spec": {
    "target_features": {
      "color_entropy": 1.7794189734122452,
      "max_chain_depth": 8,
      "floating_potential": 1.427653707979084,
      "density": 0.6321674448909353
    },
    "weights": {
      "color_entropy": 1.0,
      "max_chain_depth": 0.5,
      "floating_potential": 1.0,
      "density": 2.0
    },
    "rows": 8,
    "cols": 10,
    "num_colors": 3,
    "shots_remaining": 14,
    "target_density": 0.6321674448909353,
    "num_seeds": 5,
    "level_index": 11,
    "symmetric": true
  }
}