{
  "level_id": "L012",
  "board": {
    "rows": 8,
    "cols": 10,
    "num_colors": 3,
    "shots_remaining": 14,
    "seed": 1012,
    "cells": [
      [
        3,
        0,
        0,
        2,
        1,
        3,
        2,
        0,
        0,
        3
      ],
      [
        1,
        0,
        0,
        2,
        1,
        0,
        3,
        0,
        1,
        0
      ],
      [
        0,
        2,
        0,
        0,
        0,
        0,
        0,
        0,
        2,
        0
      ],
      [
        0,
        1,
        0,
        0,
        0,
        0,
        0,
        0,
        3,
        0
      ],
      [
        0,
        3,
        2,
        0,
        0,
        0,
        0,
        0,
        1,
        2
      ],
      [
        3,
        0,
        0,
        0,
        0,
        0,
        0,
        0,
        1,
        3
      ],
      [
        0,
        0,
        0,
        0,
        0,
        0,
        0,
        0,
        0,
        2
      ],
      [
        0,
        0,
        3,
        2,
        0,
        3,
        1,
        1,
        0,
        1
      ]
    ]
  },
  "features": {
    "color_entropy": 1.5832262740679837,
    "max_chain_depth": 8.0,
    "avg_cluster_size": 1.2083333333333333,
    "floating_potential": 1.3247863247863247,
    "density": 0.3625,
    "shot_pressure": 0.4827586206896552
  },
  "bots": {
    "weak": {
      "bot_name": "weak",
      "runs": 60,
      "clear_rate": 0.95,
      "eac": 23.50877192982456,
      "eac_all": 24.433333333333334,
      "avg_popped": 53.333333333333336
    },
    "medium": {
      "bot_name": "medium",
      "runs": 60,
      "clear_rate": 1.0,
      "eac": 23.183333333333334,
      "eac_all": 23.183333333333334,
      "avg_popped": 52.18333333333333
    },
    "strong": {
      "bot_name": "strong",
      "runs": 60,
      "clear_rate": 0.9833333333333333,
      "eac": 20.983050847457626,
      "eac_all": 21.333333333333332,
      "avg_popped": 50.3
    }
  },
  "spec": {
    "target_features": {
      "color_entropy": 1.6835397826124203,
      "max_chain_depth": 8,
      "floating_potential": 1.2815247909139365,
      "density": 0.4638952069100536
    },
    "weights": {
      "color_entropy": 1.0,
      "max_chain_depth": 0.5,
      "floating_potential": 1.0,
      "density": 2.0
    },
    "rows": 8,
    "cols": 10,
    "num_colors": 3,
    "shots_remaining": 14,
    "target_density": 0.4638952069100536,
    "num_seeds": 4,
    "level_index": 12,
    "symmetric": true
  }
}