{
  "level_id": "L013",
  "board": {
    "rows": 8,
    "cols": 10,
    "num_colors": 3,
    "shots_remaining": 14,
    "seed": 1013,
    "cells": [
      [
        3,
        0,
        1,
        3,
        1,
        1,
        2,
        1,
        0,
        3
      ],
      [
        0,
        0,
        2,
        3,
        3,
        3,
        1,
        0,
        2,
        1
      ],
      [
        0,
        0,
        3,
        1,
        2,
        2,
        1,
        3,
        3,
        3
      ],
      [
        0,
        1,
        1,
        2,
        1,
        3,
        2,
        1,
        2,
        1
      ],
      [
        0,
        2,
        3,
        2,
        0,
        0,
        2,
        3,
        2,
        0
      ],
      [
        0,
        0,
        1,
        2,
        1,
        0,
        3,
        1,
        3,
        0
      ],
      [
        0,
        0,
        0,
        0,
        2,
        3,
        0,
        2,
        0,
        0
      ],
      [
        2,
        0,
        0,
        1,
        0,
        0,
        0,
        0,
        0,
        0
      ]
    ]
  },
  "features": {
    "color_entropy": 1.5843655930691722,
    "max_chain_depth": 11.0,
    "avg_cluster_size": 1.5806451612903225,
    "floating_potential": 1.0952380952380953,
    "density": 0.6125,
    "shot_pressure": 0.2857142857142857
  },
  "bots": {
    "weak": {
      "bot_name": "weak",
      "runs": 60,
      "clear_rate": 0.9666666666666667,
      "eac": 24.224137931034484,
      "eac_all": 24.816666666666666,
      "avg_popped": 73.7
    },
    "medium": {
      "bot_name": "medium",
      "runs": 60,
      "clear_rate": 1.0,
      "eac": 21.666666666666668,
      "eac_all": 21.666666666666668,
      "avg_popped": 70.66666666666667
    },
    "strong": {
      "bot_name": "strong",
      "runs": 60,
      "clear_rate": 0.9833333333333333,
      "eac": 19.593220338983052,
      "eac_all": 19.966666666666665,
      "avg_popped": 68.95
    }
  },
  "spec": {
    "target_features": {
      "color_entropy": 1.6157134247821663,
      "max_chain_depth": 11,
      "floating_potential": 0.6498482062567303,
      "density": 0.6176722726323396
    },
    "weights": {
      "color_entropy": 1.0,
      "max_chain_depth": 0.5,
      "floating_potential": 1.0,
      "density": 2.0
    },
    "rows": 8,
    "cols": 10,
    "num_colors": 3,
    "shots_remaining": 14,
    "target_density": 0.6176722726323396,
    "num_seeds": 5,
    "level_index": 13,
    "symmetric": true
  }
}