{
  "level_id": "L015",
  "board": {
    "rows": 8,
    "cols": 10,
    "num_colors": 3,
    "shots_remaining": 14,
    "seed": 1015,
    "cells": [
      [
        0,
        1,
        3,
        1,
        3,
        3,
        2,
        3,
        1,
        0
      ],
      [
        0,
        3,
        3,
        2,
        1,
        2,
        2,
        3,
        3,
        0
      ],
      [
        0,
        1,
        1,
        2,
        2,
        2,
        2,
        1,
        1,
        2
      ],
      [
        0,
        3,
        3,
        1,
        2,
        1,
        1,
        2,
        3,
        0
      ],
      [
        1,
        1,
        2,
        1,
        3,
        3,
        1,
        2,
        1,
        1
      ],
      [
        0,
        0,
        0,
        2,
        3,
        3,
        2,
        0,
        2,
        0
      ],
      [
        0,
        0,
        0,
        0,
        0,
        0,
        0,
        0,
        0,
        0
      ],
      [
        0,
        0,
        0,
        0,
        0,
        0,
        0,
        0,
        0,
        0
      ]
    ]
  },
  "features": {
    "color_entropy": 1.5830827666506657,
    "max_chain_depth": 5.0,
    "avg_cluster_size": 2.2857142857142856,
    "floating_potential": 1.3859649122807018,
    "density": 0.6,
    "shot_pressure": 0.2916666666666667
  },
  "bots": {
    "weak": {
      "bot_name": "weak",
      "runs": 60,
      "clear_rate": 0.95,
      "eac": 20.94736842105263,
      "eac_all": 22.0,
      "avg_popped": 69.88333333333334
    },
    "medium": {
      "bot_name": "medium",
      "runs": 60,
      "clear_rate": 0.9833333333333333,
      "eac": 18.152542372881356,
      "eac_all": 18.55,
      "avg_popped": 66.51666666666667
    },
    "strong": {
      "bot_name": "strong",
      "runs": 60,
      "clear_rate": 1.0,
      "eac": 17.083333333333332,
      "eac_all": 17.083333333333332,
      "avg_popped": 65.08333333333333
    }
  },
  "spec": {
    "target_features": {
      "color_entropy": 1.6133848174425338,
      "max_chain_depth": 5,
      "floating_potential": 1.388628681491781,
      "density": 0.5474565746911544
    },
    "weights": {
      "color_entropy": 1.0,
      "max_chain_depth": 0.5,
      "floating_potential": 1.0,
      "density": 2.0
    },
    "rows": 8,
    "cols": 10,
    "num_colors": 3,
    "shots_remaining": 14,
    "target_density": 0.5474565746911544,
    "num_seeds": 4,
    "level_index": 15,
    "symmetric": true
  }
}