{
  "level_id": "L016",
  "board": {
    "rows": 8,
    "cols": 10,
    "num_colors": 3,
    "shots_remaining": 14,
    "seed": 1016,
    "cells": [
      [
        0,
        0,
        2,
        0,
        0,
        0,
        1,
        0,
        0,
        0
      ],
      [
        0,
        0,
        3,
        3,
        0,
        2,
        3,
        1,
        0,
        0
      ],
      [
        0,
        3,
        0,
        2,
        1,
        1,
        2,
        2,
        3,
        0
      ],
      [
        0,
        0,
        1,
        3,
        3,
        3,
        3,
        1,
        2,
        0
      ],
      [
        2,
        0,
        0,
        2,
        1,
        2,
        3,
        2,
        0,
        2
      ],
      [
        3,
        1,
        3,
        1,
        1,
        1,
        1,
        3,
        1,
        3
      ],
      [
        2,
        2,
        2,
        1,
        2,
        2,
        1,
        2,
        2,
        2
      ],
      [
        2,
        2,
        2,
        2,
        1,
        2,
        2,
        2,
        2,
        2
      ]
    ]
  },
  "features": {
    "color_entropy": 1.5147239826031003,
    "max_chain_depth": 5.0,
    "avg_cluster_size": 2.1481481481481484,
    "floating_potential": 0.9365079365079365,
    "density": 0.725,
    "shot_pressure": 0.2413793103448276
  },
  "bots": {
    "weak": {
      "bot_name": "weak",
      "runs": 60,
      "clear_rate": 1.0,
      "eac": 13.283333333333333,
      "eac_all": 13.283333333333333,
      "avg_popped": 71.28333333333333
    },
    "medium": {
      "bot_name": "medium",
      "runs": 60,
      "clear_rate": 1.0,
      "eac": 13.283333333333333,
      "eac_all": 13.283333333333333,
      "avg_popped": 71.28333333333333
    },
    "strong": {
      "bot_name": "strong",
      "runs": 60,
      "clear_rate": 1.0,
      "eac": 11.633333333333333,
      "eac_all": 11.633333333333333,
      "avg_popped": 69.63333333333334
    }
  },
  "spec": {
    "target_features": {
      "color_entropy": 1.5142760331446932,
      "max_chain_depth": 5,
      "floating_potential": 0.9441439408645586,
      "density": 0.6441438658954282
    },
    "weights": {
      "color_entropy": 1.0,
      "max_chain_depth": 0.5,
      "floating_potential": 1.0,
      "density": 2.0
    },
    "rows": 8,
    "cols": 10,
    "num_colors": 3,
    "shots_remaining": 14,
    "target_density": 0.6441438658954282,
    "num_seeds": 8,
    "level_index": 16,
    "symmetric": true
  }
}