{
  "level_id": "L017",
  "board": {
    "rows": 8,
    "cols": 10,
    "num_colors": 4,
    "shots_remaining": 16,
    "seed": 1017,
    "cells": [
      [
        3,
        4,
        2,
        0,
        3,
        3,
        0,
        2,
        4,
        3
      ],
      [
        2,
        4,
        0,
        0,
        0,
        0,
        3,
        0,
        0,
        2
      ],
      [
        4,
        3,
        0,
        0,
        0,
        0,
        0,
        3,
        2,
        4
      ],
      [
        2,
        1,
        4,
        0,
        0,
        2,
        3,
        4,
        3,
        3
      ],
      [
        0,
        0,
        3,
        0,
        0,
        2,
        4,
        4,
        2,
        0
      ],
      [
        0,
        2,
        0,
        0,
        0,
        0,
        0,
        0,
        2,
        0
      ],
      [
        2,
        3,
        2,
        0,
        0,
        0,
        0,
        0,
        3,
        0
      ],
      [
        0,
        0,
        0,
        0,
        0,
        0,
        0,
        0,
        0,
        0
      ]
    ]
  },
  "features": {
    "color_entropy": 1.7049039546465012,
    "max_chain_depth": 6.0,
    "avg_cluster_size": 1.3846153846153846,
    "floating_potential": 0.9191176470588235,
    "density": 0.45,
    "shot_pressure": 0.4444444444444444
  },
  "bots": {
    "weak": {
      "bot_name": "weak",
      "runs": 60,
      "clear_rate": 0.8333333333333334,
      "eac": 31.68,
      "eac_all": 34.4,
      "avg_popped": 69.66666666666667
    },
    "medium": {
      "bot_name": "medium",
      "runs": 60,
      "clear_rate": 0.8666666666666667,
      "eac": 28.78846153846154,
      "eac_all": 31.35,
      "avg_popped": 66.91666666666667
    },
    "strong": {
      "bot_name": "strong",
      "runs": 60,
      "clear_rate": 0.9666666666666667,
      "eac": 28.413793103448278,
      "eac_all": 29.066666666666666,
      "avg_popped": 65.0
    }
  },
  "spec": {
    "target_features": {
      "color_entropy": 1.7019336363921251,
      "max_chain_depth": 6,
      "floating_potential": 0.9176382979488582,
      "density": 0.44682994922873154
    },
    "weights": {
      "color_entropy": 1.0,
      "max_chain_depth": 0.5,
      "floating_potential": 1.0,
      "density": 2.0
    },
    "rows": 8,
    "cols": 10,
    "num_colors": 4,
    "shots_remaining": 16,
    "target_density": 0.44682994922873154,
    "num_seeds": 6,
    "level_index": 17,
    "symmetric": true
  }
}