{
  "level_id": "L018",
  "board": {
    "rows": 8,
    "cols": 10,
    "num_colors": 4,
    "shots_remaining": 16,
    "seed": 1018,
    "cells": [
      [
        0,
        3,
        1,
        0,
        3,
        0,
        3,
        1,
        3,
        0
      ],
      [
        0,
        0,
        3,
        0,
        3,
        3,
        0,
        1,
        3,
        3
      ],
      [
        3,
        1,
        4,
        0,
        1,
        1,
        0,
        0,
        1,
        0
      ],
      [
        0,
        3,
        0,
        0,
        3,
        4,
        3,
        1,
        0,
        0
      ],
      [
        0,
        0,
        1,
        0,
        1,
        0,
        1,
        4,
        0,
        0
      ],
      [
        0,
        3,
        3,
        3,
        0,
        0,
        3,
        3,
        3,
        0
      ],
      [
        0,
        0,
        0,
        0,
        0,
        0,
        0,
        0,
        0,
        0
      ],
      [
        0,
        0,
        0,
        0,
        0,
        0,
        0,
        0,
        0,
        0
      ]
    ]
  },
  "features": {
    "color_entropy": 1.301386299279609,
    "max_chain_depth": 6.0,
    "avg_cluster_size": 1.65,
    "floating_potential": 1.2272727272727273,
    "density": 0.4125,
    "shot_pressure": 0.48484848484848486
  },
  "bots": {
    "weak": {
      "bot_name": "weak",
      "runs": 60,
      "clear_rate": 0.85,
      "eac": 27.313725490196077,
      "eac_all": 30.416666666666668,
      "avg_popped": 62.78333333333333
    },
    "medium": {
      "bot_name": "medium",
      "runs": 60,
      "clear_rate": 0.8666666666666667,
      "eac": 25.423076923076923,
      "eac_all": 28.433333333333334,
      "avg_popped": 60.85
    },
    "strong": {
      "bot_name": "strong",
      "runs": 60,
      "clear_rate": 0.9833333333333333,
      "eac": 22.779661016949152,
      "eac_all": 23.2,
      "avg_popped": 56.15
    }
  },
  "spec": {
    "target_features": {
      "color_entropy": 1.2531819542394265,
      "max_chain_depth": 4,
      "floating_potential": 1.2493018037379169,
      "density": 0.37958408682916084
    },
    "weights": {
      "color_entropy": 1.0,
      "max_chain_depth": 0.5,
      "floating_potential": 1.0,
      "density": 2.0
    },
    "rows": 8,
    "cols": 10,
    "num_colors": 4,
    "shots_remaining": 16,
    "target_density": 0.37958408682916084,
    "num_seeds": 7,
    "level_index": 18,
    "symmetric": true
  }
}