{
  "level_id": "L019",
  "board": {
    "rows": 8,
    "cols": 10,
    "num_colors": 3,
    "shots_remaining": 14,
    "seed": 1019,
    "cells": [
      [
        0,
        1,
        0,
        0,
        3,
        1,
        0,
        0,
        1,
        2
      ],
      [
        0,
        0,
        2,
        3,
        1,
        2,
        3,
        2,
        3,
        0
      ],
      [
        0,
        0,
        0,
        1,
        2,
        3,
        1,
        0,
        0,
        0
      ],
      [
        0,
        0,
        1,
        0,
        0,
        1,
        0,
        1,
        0,
        0
      ],
      [
        0,
        0,
        0,
        2,
        0,
        0,
        1,
        2,
        0,
        0
      ],
      [
        0,
        0,
        1,
        3,
        3,
        2,
        3,
        1,
        3,
        0
      ],
      [
        1,
        2,
        3,
        0,
        0,
        0,
        0,
        3,
        2,
        1
      ],
      [
        3,
        3,
        3,
        2,
        0,
        0,
        2,
        1,
        0,
        0
      ]
    ]
  },
  "features": {
    "color_entropy": 1.5788720570183736,
    "max_chain_depth": 11.0,
    "avg_cluster_size": 1.3225806451612903,
    "floating_potential": 0.898989898989899,
    "density": 0.5125,
    "shot_pressure": 0.34146341463414637
  },
  "bots": {
    "weak": {
      "bot_name": "weak",
      "runs": 60,
      "clear_rate": 1.0,
      "eac": 23.166666666666668,
      "eac_all": 23.166666666666668,
      "avg_popped": 64.16666666666667
    },
    "medium": {
      "bot_name": "medium",
      "runs": 60,
      "clear_rate": 0.9666666666666667,
      "eac": 22.051724137931036,
      "eac_all": 22.716666666666665,
      "avg_popped": 63.583333333333336
    },
    "strong": {
      "bot_name": "strong",
      "runs": 60,
      "clear_rate": 1.0,
      "eac": 19.95,
      "eac_all": 19.95,
      "avg_popped": 60.95
    }
  },
  "spec": {
    "target_features": {
      "color_entropy": 1.6024513668517875,
      "max_chain_depth": 11,
      "floating_potential": 0.6902627037610712,
      "density": 0.4707626401050638
    },
    "weights": {
      "color_entropy": 1.0,
      "max_chain_depth": 0.5,
      "floating_potential": 1.0,
      "density": 2.0
    },
    "rows": 8,
    "cols": 10,
    "num_colors": 3,
    "shots_remaining": 14,
    "target_density": 0.4707626401050638,
    "num_seeds": 5,
    "level_index": 19,
    "symmetric": true
  }
}