{
  "level_id": "L020",
  "board": {
    "rows": 8,
    "cols": 10,
    "num_colors": 5,
    "shots_remaining": 18,
    "seed": 1020,
    "cells": [
      [
        0,
        0,
        2,
        0,
        0,
        1,
        0,
        0,
        0,
        1
      ],
      [
        1,
        5,
        0,
        0,
        0,
        4,
        0,
        0,
        4,
        2
      ],
      [
        2,
        0,
        0,
        1,
        0,
        0,
        1,
        1,
        0,
        2
      ],
      [
        1,
        0,
        2,
        3,
        4,
        2,
        0,
        0,
        0,
        1
      ],
      [
        1,
        4,
        4,
        1,
        3,
        3,
        0,
        4,
        0,
        0
      ],
      [
        0,
        3,
        1,
        3,
        3,
        3,
        3,
        1,
        0,
        0
      ],
      [
        2,
        1,
        3,
        1,
        1,
        1,
        1,
        3,
        1,
        2
      ],
      [
        0,
        2,
        1,
        2,
        1,
        1,
        2,
        1,
        2,
        0
      ]
    ]
  },
  "features": {
    "color_entropy": 1.9497566836994373,
    "max_chain_depth": 9.0,
    "avg_cluster_size": 1.8214285714285714,
    "floating_potential": 0.6413793103448275,
    "density": 0.6375,
    "shot_pressure": 0.35294117647058826
  },
  "bots": {
    "weak": {
      "bot_name": "weak",
      "runs": 60,
      "clear_rate": 0.6166666666666667,
      "eac": 34.5945945945946,
      "eac_all": 42.03333333333333,
      "avg_popped": 91.3
    },
    "medium": {
      "bot_name": "medium",
      "runs": 60,
      "clear_rate": 0.7166666666666667,
      "eac": 29.813953488372093,
      "eac_all": 36.666666666666664,
      "avg_popped": 86.21666666666667
    },
    "strong": {
      "bot_name": "strong",
      "runs": 60,
      "clear_rate": 0.9,
      "eac": 29.925925925925927,
      "eac_all": 32.333333333333336,
      "avg_popped": 82.85
    }
  },
  "spec": {
    "target_features": {
      "color_entropy": 1.9483385680594123,
      "max_chain_depth": 9,
      "floating_potential": 0.6318009855670281,
      "density": 0.6157080952075045
    },
    "weights": {
      "color_entropy": 1.0,
      "max_chain_depth": 0.5,
      "floating_potential": 1.0,
      "density": 2.0
    },
    "rows": 8,
    "cols": 10,
    "num_colors": 5,
    "shots_remaining": 18,
    "target_density": 0.6157080952075045,
    "num_seeds": 6,
    "level_index": 20,
    "symmetric": true
  }
}