{
  "level_id": "L021",
  "board": {
    "rows": 8,
    "cols": 10,
    "num_colors": 4,
    "shots_remaining": 16,
    "seed": 1021,
    "cells": [
      [
        4,
        1,
        1,
        2,
        2,
        1,
        2,
        0,
        1,
        4
      ],
      [
        1,
        1,
        2,
        2,
        1,
        1,
        2,
        2,
        1,
        0
      ],
      [
        3,
        0,
        1,
        1,
        2,
        2,
        4,
        1,
        0,
        2
      ],
      [
        2,
        0,
        4,
        3,
        3,
        3,
        1,
        4,
        0,
        2
      ],
      [
        0,
        0,
        1,
        2,
        1,
        1,
        2,
        0,
        1,
        1
      ],
      [
        0,
        0,
        0,
        3,
        4,
        0,
        1,
        0,
        2,
        0
      ],
      [
        0,
        0,
        0,
        0,
        0,
        0,
        0,
        0,
        0,
        0
      ],
      [
        0,
        0,
        0,
        0,
        0,
        0,
        0,
        0,
        0,
        0
      ]
    ]
  },
  "features": {
    "color_entropy": 1.7933331592559045,
    "max_chain_depth": 11.0,
    "avg_cluster_size": 1.875,
    "floating_potential": 0.9166666666666666,
    "density": 0.5625,
    "shot_pressure": 0.35555555555555557
  },
  "bots": {
    "weak": {
      "bot_name": "weak",
      "runs": 60,
      "clear_rate": 0.8333333333333334,
      "eac": 31.84,
      "eac_all": 34.53333333333333,
      "avg_popped": 78.83333333333333
    },
    "medium": {
      "bot_name": "medium",
      "runs": 60,
      "clear_rate": 0.7666666666666667,
      "eac": 26.869565217391305,
      "eac_all": 31.8,
      "avg_popped": 75.96666666666667
    },
    "strong": {
      "bot_name": "strong",
      "runs": 60,
      "clear_rate": 0.9666666666666667,
      "eac": 28.120689655172413,
      "eac_all": 28.783333333333335,
      "avg_popped": 73.65
    }
  },
  "spec": {
    "target_features": {
      "color_entropy": 1.7925601480291578,
      "max_chain_depth": 11,
      "floating_potential": 0.9208763604603665,
      "density": 0.5524980931536194
    },
    "weights": {
      "color_entropy": 1.0,
      "max_chain_depth": 0.5,
      "floating_potential": 1.0,
      "density": 2.0
    },
    "rows": 8,
    "cols": 10,
    "num_colors": 4,
    "shots_remaining": 16,
    "target_density": 0.5524980931536194,
    "num_seeds": 6,
    "level_index": 21,
    "symmetric": true
  }
}