{
  "level_id": "L022",
  "board": {
    "rows": 8,
    "cols": 10,
    "num_colors": 5,
    "shots_remaining": 18,
    "seed": 1022,
    "cells": [
      [
        5,
        0,
        0,
        0,
        5,
        5,
        0,
        0,
        0,
        5
      ],
      [
        2,
        2,
        0,
        0,
        0,
        0,
        0,
        0,
        2,
        2
      ],
      [
        5,
        5,
        0,
        0,
        2,
        2,
        0,
        0,
        5,
        0
      ],
      [
        0,
        3,
        1,
        5,
        2,
        2,
        5,
        5,
        0,
        0
      ],
      [
        0,
        3,
        0,
        5,
        1,
        0,
        5,
        1,
        3,
        0
      ],
      [
        5,
        5,
        0,
        2,
        1,
        1,
        2,
        0,
        5,
        5
      ],
      [
        0,
        5,
        0,
        5,
        0,
        0,
        5,
        0,
        1,
        0
      ],
      [
        0,
        5,
        1,
        1,
        5,
        5,
        0,
        1,
        0,
        0
      ]
    ]
  },
  "features": {
    "color_entropy": 1.7182727760455143,
    "max_chain_depth": 8.0,
    "avg_cluster_size": 2.0,
    "floating_potential": 1.3212121212121213,
    "density": 0.55,
    "shot_pressure": 0.4090909090909091
  },
  "bots": {
    "weak": {
      "bot_name": "weak",
      "runs": 60,
      "clear_rate": 0.7,
      "eac": 35.95238095238095,
      "eac_all": 41.36666666666667,
      "avg_popped": 84.13333333333334
    },
    "medium": {
      "bot_name": "medium",
      "runs": 60,
      "clear_rate": 0.6166666666666667,
      "eac": 36.810810810810814,
      "eac_all": 43.4,
      "avg_popped": 85.56666666666666
    },
    "strong": {
      "bot_name": "strong",
      "runs": 60,
      "clear_rate": 0.8333333333333334,
      "eac": 33.0,
      "eac_all": 36.5,
      "avg_popped": 79.6
    }
  },
  "spec": {
    "target_features": {
      "color_entropy": 1.7278981045191264,
      "max_chain_depth": 8,
      "floating_potential": 1.3575677576695042,
      "density": 0.5088946736164945
    },
    "weights": {
      "color_entropy": 1.0,
      "max_chain_depth": 0.5,
      "floating_potential": 1.0,
      "density": 2.0
    },
    "rows": 8,
    "cols": 10,
    "num_colors": 5,
    "shots_remaining": 18,
    "target_density": 0.5088946736164945,
    "num_seeds": 7,
    "level_index": 22,
    "symmetric": true
  }
}