{
  "level_id": "L023",
  "board": {
    "rows": 8,
    "cols": 10,
    "num_colors": 4,
    "shots_remaining": 16,
    "seed": 1023,
    "cells": [
      [
        0,
        3,
        0,
        2,
        0,
        0,
        1,
        0,
        3,
        0
      ],
      [
        1,
        0,
        0,
        3,
        0,
        0,
        3,
        1,
        3,
        0
      ],
      [
        3,
        2,
        2,
        0,
        0,
        3,
        0,
        2,
        2,
        3
      ],
      [
        0,
        1,
        3,
        0,
        1,
        3,
        0,
        0,
        1,
        2
      ],
      [
        0,
        3,
        4,
        1,
        2,
        2,
        1,
        0,
        3,
        0
      ],
      [
        4,
        3,
        2,
        1,
        3,
        3,
        4,
        1,
        2,
        0
      ],
      [
        0,
        2,
        1,
        0,
        2,
        2,
        3,
        2,
        3,
        0
      ],
      [
        0,
        3,
        0,
        0,
        3,
        1,
        0,
        0,
        3,
        0
      ]
    ]
  },
  "features": {
    "color_entropy": 1.7878533478423297,
    "max_chain_depth": 5.0,
    "avg_cluster_size": 1.3243243243243243,
    "floating_potential": 0.8467741935483871,
    "density": 0.6125,
    "shot_pressure": 0.32653061224489793
  },
  "bots": {
    "weak": {
      "bot_name": "weak",
      "runs": 60,
      "clear_rate": 0.8333333333333334,
      "eac": 26.7,
      "eac_all": 30.25,
      "avg_popped": 78.85
    },
    "medium": {
      "bot_name": "medium",
      "runs": 60,
      "clear_rate": 0.95,
      "eac": 20.70175438596491,
      "eac_all": 22.066666666666666,
      "avg_popped": 70.85
    },
    "strong": {
      "bot_name": "strong",
      "runs": 60,
      "clear_rate": 0.9666666666666667,
      "eac": 20.275862068965516,
      "eac_all": 21.2,
      "avg_popped": 70.06666666666666
    }
  },
  "spec": {
    "target_features": {
      "color_entropy": 1.7657988399129603,
      "max_chain_depth": 5,
      "floating_potential": 0.8170817863463976,
      "density": 0.6098873387325336
    },
    "weights": {
      "color_entropy": 1.0,
      "max_chain_depth": 0.5,
      "floating_potential": 1.0,
      "density": 2.0
    },
    "rows": 8,
    "cols": 10,
    "num_colors": 4,
    "shots_remaining": 16,
    "target_density": 0.6098873387325336,
    "num_seeds": 7,
    "level_index": 23,
    "symmetric": true
  }
}