{
  "level_id": "L024",
  "board": {
    "rows": 8,
    "cols": 10,
    "num_colors": 4,
    "shots_remaining": 16,
    "seed": 1024,
    "cells": [
      [
        0,
        2,
        3,
        0,
        0,
        3,
        0,
        3,
        2,
        3
      ],
      [
        3,
        1,
        0,
        0,
        2,
        2,
        0,
        0,
        2,
        3
      ],
      [
        0,
        4,
        0,
        3,
        0,
        0,
        3,
        0,
        4,
        3
      ],
      [
        0,
        2,
        0,
        0,
        0,
        2,
        0,
        0,
        2,
        0
      ],
      [
        1,
        3,
        1,
        3,
        0,
        0,
        3,
        0,
        3,
        1
      ],
      [
        0,
        2,
        3,
        0,
        0,
        0,
        1,
        3,
        2,
        3
      ],
      [
        0,
        3,
        0,
        0,
        0,
        0,
        0,
        0,
        0,
        3
      ],
      [
        0,
        3,
        3,
        0,
        0,
        0,
        0,
        0,
        1,
        0
      ]
    ]
  },
  "features": {
    "color_entropy": 1.638253359471275,
    "max_chain_depth": 7.0,
    "avg_cluster_size": 1.3103448275862069,
    "floating_potential": 0.8958333333333334,
    "density": 0.475,
    "shot_pressure": 0.42105263157894735
  },
  "bots": {
    "weak": {
      "bot_name": "weak",
      "runs": 60,
      "clear_rate": 0.7833333333333333,
      "eac": 32.765957446808514,
      "eac_all": 36.06666666666667,
      "avg_popped": 73.33333333333333
    },
    "medium": {
      "bot_name": "medium",
      "runs": 60,
      "clear_rate": 0.75,
      "eac": 29.711111111111112,
      "eac_all": 34.28333333333333,
      "avg_popped": 71.26666666666667
    },
    "strong": {
      "bot_name": "strong",
      "runs": 60,
      "clear_rate": 0.9833333333333333,
      "eac": 27.06779661016949,
      "eac_all": 27.416666666666668,
      "avg_popped": 65.38333333333334
    }
  },
  "spec": {
    "target_features": {
      "color_entropy": 1.5707638748256958,
      "max_chain_depth": 7,
      "floating_potential": 0.9285398022939789,
      "density": 0.4326740113574343
    },
    "weights": {
      "color_entropy": 1.0,
      "max_chain_depth": 0.5,
      "floating_potential": 1.0,
      "density": 2.0
    },
    "rows": 8,
    "cols": 10,
    "num_colors": 4,
    "shots_remaining": 16,
    "target_density": 0.4326740113574343,
    "num_seeds": 7,
    "level_index": 24,
    "symmetric": true
  }
}