{
  "level_id": "L025",
  "board": {
    "rows": 8,
    "cols": 10,
    "num_colors": 5,
    "shots_remaining": 18,
    "seed": 1025,
    "cells": [
      [
        0,
        1,
        0,
        0,
        0,
        0,
        0,
        0,
        5,
        0
      ],
      [
        3,
        3,
        3,
        0,
        0,
        0,
        0,
        3,
        3,
        3
      ],
      [
        3,
        0,
        0,
        3,
        1,
        0,
        3,
        0,
        1,
        3
      ],
      [
        1,
        5,
        5,
        1,
        3,
        0,
        1,
        5,
        5,
        1
      ],
      [
        3,
        0,
        0,
        3,
        0,
        0,
        3,
        0,
        0,
        3
      ],
      [
        3,
        5,
        1,
        0,
        1,
        1,
        3,
        0,
        5,
        0
      ],
      [
        3,
        1,
        3,
        5,
        3,
        0,
        5,
        3,
        1,
        3
      ],
      [
        0,
        0,
        0,
        0,
        0,
        0,
        0,
        0,
        0,
        0
      ]
    ]
  },
  "features": {
    "color_entropy": 1.4807677632682554,
    "max_chain_depth": 6.0,
    "avg_cluster_size": 1.5357142857142858,
    "floating_potential": 0.8702702702702703,
    "density": 0.5375,
    "shot_pressure": 0.4186046511627907
  },
  "bots": {
    "weak": {
      "bot_name": "weak",
      "runs": 60,
      "clear_rate": 0.85,
      "eac": 31.215686274509803,
      "eac_all": 34.63333333333333,
      "avg_popped": 77.13333333333334
    },
    "medium": {
      "bot_name": "medium",
      "runs": 60,
      "clear_rate": 0.8333333333333334,
      "eac": 31.68,
      "eac_all": 35.4,
      "avg_popped": 77.6
    },
    "strong": {
      "bot_name": "strong",
      "runs": 60,
      "clear_rate": 0.9666666666666667,
      "eac": 24.56896551724138,
      "eac_all": 25.55,
      "avg_popped": 68.46666666666667
    }
  },
  "spec": {
    "target_features": {
      "color_entropy": 1.3752301760050392,
      "max_chain_depth": 4,
      "floating_potential": 0.8600191158847705,
      "density": 0.5200952228888265
    },
    "weights": {
      "color_entropy": 1.0,
      "max_chain_depth": 0.5,
      "floating_potential": 1.0,
      "density": 2.0
    },
    "rows": 8,
    "cols": 10,
    "num_colors": 5,
    "shots_remaining": 18,
    "target_density": 0.5200952228888265,
    "num_seeds": 4,
    "level_index": 25,
    "symmetric": true
  }
}