{
  "level_id": "L027",
  "board": {
    "rows": 8,
    "cols": 10,
    "num_colors": 4,
    "shots_remaining": 16,
    "seed": 1027,
    "cells": [
      [
        0,
        3,
        0,
        0,
        3,
        0,
        0,
        4,
        3,
        0
      ],
      [
        2,
        1,
        0,
        0,
        0,
        0,
        0,
        0,
        1,
        0
      ],
      [
        3,
        0,
        4,
        0,
        0,
        0,
        0,
        0,
        0,
        3
      ],
      [
        0,
        3,
        4,
        0,
        0,
        0,
        0,
        0,
        0,
        4
      ],
      [
        0,
        2,
        0,
        0,
        4,
        4,
        0,
        0,
        2,
        3
      ],
      [
        0,
        4,
        0,
        0,
        0,
        3,
        0,
        0,
        1,
        0
      ],
      [
        2,
        4,
        4,
        2,
        4,
        1,
        4,
        0,
        4,
        0
      ],
      [
        0,
        0,
        1,
        3,
        4,
        0,
        3,
        1,
        0,
        0
      ]
    ]
  },
  "features": {
    "color_entropy": 1.8979212893835284,
    "max_chain_depth": 9.0,
    "avg_cluster_size": 1.1724137931034482,
    "floating_potential": 0.5961538461538461,
    "density": 0.425,
    "shot_pressure": 0.47058823529411764
  },
  "bots": {
    "weak": {
      "bot_name": "weak",
      "runs": 60,
      "clear_rate": 0.7833333333333333,
      "eac": 31.106382978723403,
      "eac_all": 34.766666666666666,
      "avg_popped": 68.1
    },
    "medium": {
      "bot_name": "medium",
      "runs": 60,
      "clear_rate": 0.7333333333333333,
      "eac": 28.818181818181817,
      "eac_all": 33.93333333333333,
      "avg_popped": 67.01666666666667
    },
    "strong": {
      "bot_name": "strong",
      "runs": 60,
      "clear_rate": 1.0,
      "eac": 26.35,
      "eac_all": 26.35,
      "avg_popped": 60.35
    }
  },
  "spec": {
    "target_features": {
      "color_entropy": 1.9084803059177724,
      "max_chain_depth": 9,
      "floating_potential": 0.6069057412318438,
      "density": 0.42536266996219785
    },
    "weights": {
      "color_entropy": 1.0,
      "max_chain_depth": 0.5,
      "floating_potential": 1.0,
      "density": 2.0
    },
    "rows": 8,
    "cols": 10,
    "num_colors": 4,
    "shots_remaining": 16,
    "target_density": 0.42536266996219785,
    "num_seeds": 4,
    "level_index": 27,
    "symmetric": true
  }
}