{
  "level_id": "L031",
  "board": {
    "rows": 8,
    "cols": 10,
    "num_colors": 6,
    "shots_remaining": 20,
    "seed": 1031,
    "cells": [
      [
        0,
        5,
        5,
        0,
        0,
        0,
        5,
        5,
        5,
        0
      ],
      [
        2,
        0,
        0,
        0,
        0,
        0,
        0,
        0,
        3,
        0
      ],
      [
        5,
        2,
        0,
        5,
        0,
        0,
        0,
        0,
        2,
        5
      ],
      [
        5,
        4,
        3,
        0,
        0,
        5,
        0,
        3,
        4,
        5
      ],
      [
        3,
        0,
        0,
        5,
        0,
        0,
        4,
        0,
        2,
        5
      ],
      [
        5,
        0,
        5,
        2,
        5,
        5,
        2,
        5,
        0,
        5
      ],
      [
        0,
        0,
        3,
        0,
        0,
        0,
        2,
        3,
        0,
        0
      ],
      [
        0,
        0,
        5,
        3,
        5,
        5,
        3,
        5,
        0,
        0
      ]
    ]
  },
  "features": {
    "color_entropy": 1.6393008595966694,
    "max_chain_depth": 6.0,
    "avg_cluster_size": 1.4642857142857142,
    "floating_potential": 0.5416666666666666,
    "density": 0.5125,
    "shot_pressure": 0.4878048780487805
  },
  "bots": {
    "weak": {
      "bot_name": "weak",
      "runs": 60,
      "clear_rate": 0.7333333333333333,
      "eac": 22.772727272727273,
      "eac_all": 32.7,
      "avg_popped": 72.2
    },
    "medium": {
      "bot_name": "medium",
      "runs": 60,
      "clear_rate": 0.75,
      "eac": 23.444444444444443,
      "eac_all": 32.583333333333336,
      "avg_popped": 72.23333333333333
    },
    "strong": {
      "bot_name": "strong",
      "runs": 60,
      "clear_rate": 0.9833333333333333,
      "eac": 15.779661016949152,
      "eac_all": 16.516666666666666,
      "avg_popped": 57.5
    }
  },
  "spec": {
    "target_features": {
      "color_entropy": 1.536479699683933,
      "max_chain_depth": 6,
      "floating_potential": 0.45899808267559256,
      "density": 0.4829060631815236
    },
    "weights": {
      "color_entropy": 1.0,
      "max_chain_depth": 0.5,
      "floating_potential": 1.0,
      "density": 2.0
    },
    "rows": 8,
    "cols": 10,
    "num_colors": 6,
    "shots_remaining": 20,
    "target_density": 0.4829060631815236,
    "num_seeds": 5,
    "level_index": 31,
    "symmetric": true
  }
}