{
  "level_id": "L034",
  "board": {
    "rows": 8,
    "cols": 10,
    "num_colors": 6,
    "shots_remaining": 20,
    "seed": 1034,
    "cells": [
      [
        2,
        0,
        0,
        5,
        0,
        2,
        5,
        0,
        0,
        2
      ],
      [
        0,
        0,
        5,
        0,
        2,
        2,
        2,
        5,
        0,
        2
      ],
      [
        2,
        2,
        0,
        5,
        0,
        0,
        2,
        2,
        5,
        2
      ],
      [
        0,
        2,
        2,
        0,
        0,
        1,
        0,
        6,
        2,
        2
      ],
      [
        2,
        5,
        5,
        0,
        5,
        5,
        0,
        5,
        0,
        2
      ],
      [
        0,
        0,
        4,
        5,
        2,
        2,
        5,
        0,
        0,
        0
      ],
      [
        0,
        0,
        6,
        2,
        6,
        2,
        2,
        6,
        0,
        0
      ],
      [
        0,
        2,
        0,
        4,
        0,
        0,
        5,
        2,
        2,
        0
      ]
    ]
  },
  "features": {
    "color_entropy": 1.6074739244334917,
    "max_chain_depth": 7.0,
    "avg_cluster_size": 2.0434782608695654,
    "floating_potential": 1.1197916666666667,
    "density": 0.5875,
    "shot_pressure": 0.425531914893617
  },
  "bots": {
    "weak": {
      "bot_name": "weak",
      "runs": 60,
      "clear_rate": 0.4,
      "eac": 41.708333333333336,
      "eac_all": 52.68333333333333,
      "avg_popped": 96.55
    },
    "medium": {
      "bot_name": "medium",
      "runs": 60,
      "clear_rate": 0.45,
      "eac": 39.25925925925926,
      "eac_all": 50.666666666666664,
      "avg_popped": 94.91666666666667
    },
    "strong": {
      "bot_name": "strong",
      "runs": 60,
      "clear_rate": 0.8666666666666667,
      "eac": 31.75,
      "eac_all": 35.516666666666666,
      "avg_popped": 81.9
    }
  },
  "spec": {
    "target_features": {
      "color_entropy": 1.6025071742739418,
      "max_chain_depth": 4,
      "floating_potential": 1.108030916837335,
      "density": 0.5813086920057493
    },
    "weights": {
      "color_entropy": 1.0,
      "max_chain_depth": 0.5,
      "floating_potential": 1.0,
      "density": 2.0
    },
    "rows": 8,
    "cols": 10,
    "num_colors": 6,
    "shots_remaining": 20,
    "target_density": 0.5813086920057493,
    "num_seeds": 7,
    "level_index": 34,
    "symmetric": true
  }
}