{
  "level_id": "L036",
  "board": {
    "rows": 8,
    "cols": 10,
    "num_colors": 5,
    "shots_remaining": 18,
    "seed": 1036,
    "cells": [
      [
        0,
        0,
        4,
        3,
        4,
        4,
        4,
        3,
        0,
        0
      ],
      [
        4,
        5,
        4,
        2,
        4,
        4,
        2,
        4,
        5,
        4
      ],
      [
        0,
        3,
        0,
        3,
        5,
        5,
        3,
        0,
        3,
        0
      ],
      [
        0,
        4,
        0,
        5,
        4,
        4,
        0,
        0,
        0,
        0
      ],
      [
        0,
        0,
        0,
        4,
        3,
        0,
        4,
        0,
        0,
        0
      ],
      [
        0,
        0,
        4,
        0,
        5,
        4,
        3,
        4,
        0,
        0
      ],
      [
        0,
        0,
        0,
        5,
        3,
        3,
        5,
        5,
        0,
        0
      ],
      [
        0,
        0,
        0,
        4,
        4,
        4,
        4,
        3,
        0,
        0
      ]
    ]
  },
  "features": {
    "color_entropy": 1.6710096089097604,
    "max_chain_depth": 7.0,
    "avg_cluster_size": 1.5714285714285714,
    "floating_potential": 0.584,
    "density": 0.55,
    "shot_pressure": 0.4090909090909091
  },
  "bots": {
    "weak": {
      "bot_name": "weak",
      "runs": 60,
      "clear_rate": 0.6333333333333333,
      "eac": 33.13157894736842,
      "eac_all": 40.78333333333333,
      "avg_popped": 83.03333333333333
    },
    "medium": {
      "bot_name": "medium",
      "runs": 60,
      "clear_rate": 0.7166666666666667,
      "eac": 32.093023255813954,
      "eac_all": 38.3,
      "avg_popped": 80.98333333333333
    },
    "strong": {
      "bot_name": "strong",
      "runs": 60,
      "clear_rate": 0.9166666666666666,
      "eac": 29.727272727272727,
      "eac_all": 31.75,
      "avg_popped": 75.41666666666667
    }
  },
  "spec": {
    "target_features": {
      "color_entropy": 1.6696691555543215,
      "max_chain_depth": 7,
      "floating_potential": 0.554195952597498,
      "density": 0.5366118982129965
    },
    "weights": {
      "color_entropy": 1.0,
      "max_chain_depth": 0.5,
      "floating_potential": 1.0,
      "density": 2.0
    },
    "rows": 8,
    "cols": 10,
    "num_colors": 5,
    "shots_remaining": 18,
    "target_density": 0.5366118982129965,
    "num_seeds": 7,
    "level_index": 36,
    "symmetric": true
  }
}