{
  "level_id": "L038",
  "board": {
    "rows": 8,
    "cols": 10,
    "num_colors": 5,
    "shots_remaining": 18,
    "seed": 1038,
    "cells": [
      [
        1,
        0,
        1,
        0,
        1,
        1,
        0,
        1,
        2,
        1
      ],
      [
        0,
        1,
        1,
        0,
        0,
        0,
        0,
        1,
        0,
        0
      ],
      [
        1,
        4,
        5,
        2,
        1,
        0,
        2,
        2,
        4,
        2
      ],
      [
        3,
        0,
        0,
        2,
        0,
        1,
        2,
        1,
        0,
        5
      ],
      [
        1,
        1,
        0,
        1,
        2,
        2,
        4,
        4,
        1,
        1
      ],
      [
        0,
        1,
        0,
        0,
        0,
        0,
        0,
        0,
        1,
        0
      ],
      [
        1,
        1,
        0,
        1,
        0,
        0,
        0,
        0,
        0,
        1
      ],
      [
        0,
        0,
        0,
        0,
        0,
        0,
        1,
        0,
        0,
        0
      ]
    ]
  },
  "features": {
    "color_entropy": 1.5861927422437196,
    "max_chain_depth": 9.0,
    "avg_cluster_size": 1.7826086956521738,
    "floating_potential": 1.4756756756756757,
    "density": 0.5125,
    "shot_pressure": 0.43902439024390244
  },
  "bots": {
    "weak": {
      "bot_name": "weak",
      "runs": 60,
      "clear_rate": 0.5166666666666667,
      "eac": 35.225806451612904,
      "eac_all": 44.3,
      "avg_popped": 83.06666666666666
    },
    "medium": {
      "bot_name": "medium",
      "runs": 60,
      "clear_rate": 0.6333333333333333,
      "eac": 33.36842105263158,
      "eac_all": 40.93333333333333,
      "avg_popped": 80.43333333333334
    },
    "strong": {
      "bot_name": "strong",
      "runs": 60,
      "clear_rate": 0.85,
      "eac": 25.49019607843137,
      "eac_all": 29.766666666666666,
      "avg_popped": 70.18333333333334
    }
  },
  "spec": {
    "target_features": {
      "color_entropy": 1.4982032911872747,
      "max_chain_depth": 9,
      "floating_potential": 1.4578162790283682,
      "density": 0.46287567049193534
    },
    "weights": {
      "color_entropy": 1.0,
      "max_chain_depth": 0.5,
      "floating_potential": 1.0,
      "density": 2.0
    },
    "rows": 8,
    "cols": 10,
    "num_colors": 5,
    "shots_remaining": 18,
    "target_density": 0.46287567049193534,
    "num_seeds": 4,
    "level_index": 38,
    "symmetric": true
  }
}