{
  "level_id": "L041",
  "board": {
    "rows": 8,
    "cols": 10,
    "num_colors": 6,
    "shots_remaining": 20,
    "seed": 1041,
    "cells": [
      [
        5,
        5,
        0,
        3,
        5,
        0,
        3,
        0,
        5,
        5
      ],
      [
        0,
        3,
        3,
        2,
        5,
        5,
        2,
        3,
        3,
        0
      ],
      [
        0,
        5,
        0,
        1,
        0,
        3,
        1,
        5,
        5,
        0
      ],
      [
        0,
        0,
        5,
        2,
        5,
        3,
        2,
        5,
        0,
        0
      ],
      [
        0,
        3,
        3,
        2,
        0,
        0,
        2,
        3,
        3,
        3
      ],
      [
        0,
        5,
        2,
        0,
        4,
        1,
        0,
        2,
        5,
        0
      ],
      [
        0,
        5,
        1,
        5,
        0,
        0,
        5,
        1,
        3,
        0
      ],
      [
        0,
        5,
        3,
        3,
        5,
        5,
        3,
        0,
        5,
        0
      ]
    ]
  },
  "features": {
    "color_entropy": 1.8938826359648384,
    "max_chain_depth": 5.0,
    "avg_cluster_size": 1.65625,
    "floating_potential": 0.9506172839506173,
    "density": 0.6625,
    "shot_pressure": 0.37735849056603776
  },
  "bots": {
    "weak": {
      "bot_name": "weak",
      "runs": 60,
      "clear_rate": 0.4666666666666667,
      "eac": 36.607142857142854,
      "eac_all": 49.083333333333336,
      "avg_popped": 99.73333333333333
    },
    "medium": {
      "bot_name": "medium",
      "runs": 60,
      "clear_rate": 0.4666666666666667,
      "eac": 34.785714285714285,
      "eac_all": 48.233333333333334,
      "avg_popped": 99.01666666666667
    },
    "strong": {
      "bot_name": "strong",
      "runs": 60,
      "clear_rate": 0.9,
      "eac": 28.35185185185185,
      "eac_all": 31.516666666666666,
      "avg_popped": 84.03333333333333
    }
  },
  "spec": {
    "target_features": {
      "color_entropy": 1.5000952990947296,
      "max_chain_depth": 4,
      "floating_potential": 0.8939205382667484,
      "density": 0.5491177077188572
    },
    "weights": {
      "color_entropy": 1.0,
      "max_chain_depth": 0.5,
      "floating_potential": 1.0,
      "density": 2.0
    },
    "rows": 8,
    "cols": 10,
    "num_colors": 6,
    "shots_remaining": 20,
    "target_density": 0.5491177077188572,
    "num_seeds": 4,
    "level_index": 41,
    "symmetric": true
  }
}