{
  "level_id": "L049",
  "board": {
    "rows": 8,
    "cols": 10,
    "num_colors": 6,
    "shots_remaining": 20,
    "seed": 1049,
    "cells": [
      [
        6,
        6,
        2,
        6,
        0,
        0,
        6,
        2,
        6,
        6
      ],
      [
        0,
        4,
        4,
        2,
        6,
        6,
        2,
        0,
        4,
        0
      ],
      [
        0,
        2,
        0,
        2,
        0,
        0,
        2,
        0,
        4,
        0
      ],
      [
        2,
        0,
        0,
        6,
        4,
        4,
        6,
        0,
        0,
        6
      ],
      [
        6,
        0,
        2,
        6,
        2,
        2,
        6,
        2,
        2,
        6
      ],
      [
        2,
        6,
        0,
        4,
        6,
        1,
        4,
        0,
        2,
        0
      ],
      [
        0,
        0,
        6,
        2,
        2,
        2,
        0,
        6,
        0,
        0
      ],
      [
        0,
        0,
        0,
        6,
        0,
        0,
        6,
        0,
        0,
        0
      ]
    ]
  },
  "features": {
    "color_entropy": 1.5996017527145814,
    "max_chain_depth": 6.0,
    "avg_cluster_size": 1.7777777777777777,
    "floating_potential": 1.2701149425287357,
    "density": 0.6,
    "shot_pressure": 0.4166666666666667
  },
  "bots": {
    "weak": {
      "bot_name": "weak",
      "runs": 60,
      "clear_rate": 0.43333333333333335,
      "eac": 46.42307692307692,
      "eac_all": 54.11666666666667,
      "avg_popped": 99.2
    },
    "medium": {
      "bot_name": "medium",
      "runs": 60,
      "clear_rate": 0.6166666666666667,
      "eac": 34.08108108108108,
      "eac_all": 44.016666666666666,
      "avg_popped": 89.85
    },
    "strong": {
      "bot_name": "strong",
      "runs": 60,
      "clear_rate": 0.8333333333333334,
      "eac": 30.96,
      "eac_all": 35.8,
      "avg_popped": 83.0
    }
  },
  "spec": {
    "target_features": {
      "color_entropy": 1.5742035640239183,
      "max_chain_depth": 5,
      "floating_potential": 1.2796241824522552,
      "density": 0.4133721378769907
    },
    "weights": {
      "color_entropy": 1.0,
      "max_chain_depth": 0.5,
      "floating_potential": 1.0,
      "density": 2.0
    },
    "rows": 8,
    "cols": 10,
    "num_colors": 6,
    "shots_remaining": 20,
    "target_density": 0.4133721378769907,
    "num_seeds": 5,
    "level_index": 49,
    "symmetric": true
  }
}