{
  "level_id": "L053",
  "board": {
    "rows": 8,
    "cols": 10,
    "num_colors": 7,
    "shots_remaining": 22,
    "seed": 1053,
    "cells": [
      [
        2,
        5,
        0,
        0,
        7,
        7,
        0,
        0,
        5,
        5
      ],
      [
        0,
        5,
        2,
        5,
        0,
        0,
        2,
        2,
        5,
        0
      ],
      [
        0,
        2,
        2,
        2,
        0,
        5,
        0,
        2,
        0,
        5
      ],
      [
        5,
        5,
        0,
        0,
        7,
        7,
        6,
        0,
        5,
        6
      ],
      [
        0,
        6,
        0,
        6,
        0,
        0,
        6,
        0,
        4,
        0
      ],
      [
        0,
        6,
        7,
        5,
        2,
        2,
        5,
        4,
        0,
        0
      ],
      [
        0,
        0,
        6,
        0,
        5,
        5,
        5,
        0,
        0,
        0
      ],
      [
        0,
        0,
        0,
        5,
        0,
        0,
        0,
        0,
        0,
        0
      ]
    ]
  },
  "features": {
    "color_entropy": 2.041277024643219,
    "max_chain_depth": 7.0,
    "avg_cluster_size": 2.2777777777777777,
    "floating_potential": 1.2678571428571428,
    "density": 0.5125,
    "shot_pressure": 0.5365853658536586
  },
  "bots": {
    "weak": {
      "bot_name": "weak",
      "runs": 60,
      "clear_rate": 0.26666666666666666,
      "eac": 31.875,
      "eac_all": 56.9,
      "avg_popped": 93.41666666666667
    },
    "medium": {
      "bot_name": "medium",
      "runs": 60,
      "clear_rate": 0.5166666666666667,
      "eac": 31.580645161290324,
      "eac_all": 48.21666666666667,
      "avg_popped": 86.13333333333334
    },
    "strong": {
      "bot_name": "strong",
      "runs": 60,
      "clear_rate": 0.9,
      "eac": 22.14814814814815,
      "eac_all": 26.533333333333335,
      "avg_popped": 67.03333333333333
    }
  },
  "spec": {
    "target_features": {
      "color_entropy": 1.984692352555081,
      "max_chain_depth": 7,
      "floating_potential": 1.3460651061628401,
      "density": 0.3883309914675006
    },
    "weights": {
      "color_entropy": 1.0,
      "max_chain_depth": 0.5,
      "floating_potential": 1.0,
      "density": 2.0
    },
    "rows": 8,
    "cols": 10,
    "num_colors": 7,
    "shots_remaining": 22,
    "target_density": 0.3883309914675006,
    "num_seeds": 6,
    "level_index": 53,
    "symmetric": true
  }
}