{
  "level_id": "L055",
  "board": {
    "rows": 8,
    "cols": 10,
    "num_colors": 7,
    "shots_remaining": 22,
    "seed": 1055,
    "cells": [
      [
        0,
        7,
        7,
        7,
        0,
        5,
        7,
        7,
        7,
        0
      ],
      [
        5,
        5,
        3,
        5,
        0,
        0,
        5,
        3,
        0,
        0
      ],
      [
        1,
        3,
        7,
        5,
        0,
        0,
        5,
        7,
        3,
        1
      ],
      [
        7,
        5,
        0,
        0,
        7,
        7,
        0,
        0,
        5,
        0
      ],
      [
        3,
        7,
        0,
        7,
        0,
        5,
        0,
        0,
        7,
        3
      ],
      [
        5,
        0,
        2,
        5,
        2,
        3,
        5,
        3,
        0,
        5
      ],
      [
        7,
        3,
        6,
        0,
        7,
        7,
        0,
        6,
        7,
        0
      ],
      [
        7,
        0,
        0,
        0,
        0,
        0,
        0,
        7,
        0,
        0
      ]
    ]
  },
  "features": {
    "color_entropy": 2.058161766165524,
    "max_chain_depth": 4.0,
    "avg_cluster_size": 1.3611111111111112,
    "floating_potential": 0.6285714285714286,
    "density": 0.6125,
    "shot_pressure": 0.4489795918367347
  },
  "bots": {
    "weak": {
      "bot_name": "weak",
      "runs": 60,
      "clear_rate": 0.48333333333333334,
      "eac": 36.48275862068966,
      "eac_all": 51.733333333333334,
      "avg_popped": 97.9
    },
    "medium": {
      "bot_name": "medium",
      "runs": 60,
      "clear_rate": 0.55,
      "eac": 29.90909090909091,
      "eac_all": 46.15,
      "avg_popped": 92.45
    },
    "strong": {
      "bot_name": "strong",
      "runs": 60,
      "clear_rate": 0.9,
      "eac": 21.59259259259259,
      "eac_all": 26.033333333333335,
      "avg_popped": 74.48333333333333
    }
  },
  "spec": {
    "target_features": {
      "color_entropy": 1.8347504245890538,
      "max_chain_depth": 4,
      "floating_potential": 0.5879363922431176,
      "density": 0.5249691138440302
    },
    "weights": {
      "color_entropy": 1.0,
      "max_chain_depth": 0.5,
      "floating_potential": 1.0,
      "density": 2.0
    },
    "rows": 8,
    "cols": 10,
    "num_colors": 7,
    "shots_remaining": 22,
    "target_density": 0.5249691138440302,
    "num_seeds": 7,
    "level_index": 55,
    "symmetric": true
  }
}