{
  "level_id": "L059",
  "board": {
    "rows": 8,
    "cols": 10,
    "num_colors": 7,
    "shots_remaining": 22,
    "seed": 1059,
    "cells": [
      [
        5,
        0,
        0,
        5,
        0,
        0,
        5,
        0,
        0,
        5
      ],
      [
        0,
        0,
        0,
        5,
        0,
        0,
        5,
        0,
        0,
        0
      ],
      [
        0,
        1,
        2,
        3,
        2,
        7,
        3,
        0,
        0,
        0
      ],
      [
        0,
        5,
        0,
        5,
        0,
        0,
        5,
        2,
        3,
        0
      ],
      [
        0,
        0,
        5,
        0,
        0,
        0,
        0,
        3,
        5,
        0
      ],
      [
        3,
        2,
        5,
        0,
        0,
        0,
        3,
        5,
        5,
        5
      ],
      [
        0,
        5,
        0,
        1,
        0,
        3,
        2,
        5,
        0,
        0
      ],
      [
        5,
        5,
        5,
        3,
        5,
        5,
        3,
        0,
        0,
        5
      ]
    ]
  },
  "features": {
    "color_entropy": 1.6674058329691395,
    "max_chain_depth": 11.0,
    "avg_cluster_size": 1.4814814814814814,
    "floating_potential": 0.46153846153846156,
    "density": 0.5,
    "shot_pressure": 0.55
  },
  "bots": {
    "weak": {
      "bot_name": "weak",
      "runs": 60,
      "clear_rate": 0.08333333333333333,
      "eac": 52.0,
      "eac_all": 64.83333333333333,
      "avg_popped": 99.28333333333333
    },
    "medium": {
      "bot_name": "medium",
      "runs": 60,
      "clear_rate": 0.21666666666666667,
      "eac": 47.30769230769231,
      "eac_all": 61.95,
      "avg_popped": 97.53333333333333
    },
    "strong": {
      "bot_name": "strong",
      "runs": 60,
      "clear_rate": 0.5,
      "eac": 48.93333333333333,
      "eac_all": 57.46666666666667,
      "avg_popped": 94.15
    }
  },
  "spec": {
    "target_features": {
      "color_entropy": 1.6639608854340344,
      "max_chain_depth": 11,
      "floating_potential": 0.447894647102828,
      "density": 0.5153261140693146
    },
    "weights": {
      "color_entropy": 1.0,
      "max_chain_depth": 0.5,
      "floating_potential": 1.0,
      "density": 2.0
    },
    "rows": 8,
    "cols": 10,
    "num_colors": 7,
    "shots_remaining": 22,
    "target_density": 0.5153261140693146,
    "num_seeds": 8,
    "level_index": 59,
    "symmetric": true
  }
}