{
  "level_id": "L061",
  "board": {
    "rows": 8,
    "cols": 10,
    "num_colors": 7,
    "shots_remaining": 22,
    "seed": 1061,
    "cells": [
      [
        3,
        6,
        1,
        0,
        3,
        3,
        3,
        6,
        6,
        0
      ],
      [
        6,
        0,
        0,
        0,
        6,
        6,
        0,
        0,
        3,
        6
      ],
      [
        6,
        0,
        1,
        1,
        6,
        6,
        1,
        1,
        6,
        6
      ],
      [
        6,
        0,
        3,
        0,
        0,
        0,
        0,
        0,
        0,
        6
      ],
      [
        6,
        0,
        0,
        0,
        0,
        0,
        0,
        0,
        0,
        6
      ],
      [
        3,
        3,
        0,
        0,
        0,
        1,
        0,
        0,
        3,
        3
      ],
      [
        0,
        6,
        0,
        0,
        6,
        6,
        3,
        1,
        6,
        0
      ],
      [
        6,
        6,
        6,
        6,
        0,
        0,
        0,
        0,
        6,
        6
      ]
    ]
  },
  "features": {
    "color_entropy": 1.3704165065672542,
    "max_chain_depth": 10.0,
    "avg_cluster_size": 2.4444444444444446,
    "floating_potential": 1.0546218487394958,
    "density": 0.55,
    "shot_pressure": 0.5
  },
  "bots": {
    "weak": {
      "bot_name": "weak",
      "runs": 60,
      "clear_rate": 0.3333333333333333,
      "eac": 46.45,
      "eac_all": 59.483333333333334,
      "avg_popped": 99.76666666666667
    },
    "medium": {
      "bot_name": "medium",
      "runs": 60,
      "clear_rate": 0.2833333333333333,
      "eac": 38.8235294117647,
      "eac_all": 58.3,
      "avg_popped": 98.01666666666667
    },
    "strong": {
      "bot_name": "strong",
      "runs": 60,
      "clear_rate": 0.6666666666666666,
      "eac": 40.275,
      "eac_all": 48.85,
      "avg_popped": 91.1
    }
  },
  "spec": {
    "target_features": {
      "color_entropy": 1.3157941531541166,
      "max_chain_depth": 10,
      "floating_potential": 0.9566837955106711,
      "density": 0.3638418238152904
    },
    "weights": {
      "color_entropy": 1.0,
      "max_chain_depth": 0.5,
      "floating_potential": 1.0,
      "density": 2.0
    },
    "rows": 8,
    "cols": 10,
    "num_colors": 7,
    "shots_remaining": 22,
    "target_density": 0.3638418238152904,
    "num_seeds": 7,
    "level_index": 61,
    "symmetric": true
  }
}