{
  "level_id": "L063",
  "board": {
    "rows": 8,
    "cols": 10,
    "num_colors": 6,
    "shots_remaining": 20,
    "seed": 1063,
    "cells": [
      [
        6,
        6,
        0,
        0,
        0,
        0,
        2,
        6,
        6,
        6
      ],
      [
        6,
        6,
        5,
        2,
        5,
        5,
        2,
        5,
        0,
        6
      ],
      [
        2,
        0,
        0,
        0,
        0,
        6,
        6,
        0,
        0,
        2
      ],
      [
        6,
        6,
        0,
        5,
        6,
        6,
        6,
        0,
        6,
        0
      ],
      [
        0,
        0,
        2,
        6,
        4,
        2,
        2,
        2,
        0,
        0
      ],
      [
        0,
        6,
        0,
        0,
        0,
        6,
        0,
        5,
        0,
        0
      ],
      [
        0,
        0,
        0,
        0,
        0,
        2,
        0,
        0,
        0,
        0
      ],
      [
        0,
        0,
        0,
        0,
        0,
        0,
        0,
        0,
        0,
        0
      ]
    ]
  },
  "features": {
    "color_entropy": 1.574378370647071,
    "max_chain_depth": 8.0,
    "avg_cluster_size": 1.7142857142857142,
    "floating_potential": 0.5729166666666666,
    "density": 0.45,
    "shot_pressure": 0.5555555555555556
  },
  "bots": {
    "weak": {
      "bot_name": "weak",
      "runs": 60,
      "clear_rate": 0.8166666666666667,
      "eac": 23.20408163265306,
      "eac_all": 29.95,
      "avg_popped": 64.83333333333333
    },
    "medium": {
      "bot_name": "medium",
      "runs": 60,
      "clear_rate": 0.7833333333333333,
      "eac": 20.680851063829788,
      "eac_all": 29.2,
      "avg_popped": 64.3
    },
    "strong": {
      "bot_name": "strong",
      "runs": 60,
      "clear_rate": 0.9833333333333333,
      "eac": 16.35593220338983,
      "eac_all": 17.083333333333332,
      "avg_popped": 53.03333333333333
    }
  },
  "spec": {
    "target_features": {
      "color_entropy": 1.6260232927630087,
      "max_chain_depth": 8,
      "floating_potential": 0.5570326902342202,
      "density": 0.4242497580486845
    },
    "weights": {
      "color_entropy": 1.0,
      "max_chain_depth": 0.5,
      "floating_potential": 1.0,
      "density": 2.0
    },
    "rows": 8,
    "cols": 10,
    "num_colors": 6,
    "shots_remaining": 20,
    "target_density": 0.4242497580486845,
    "num_seeds": 6,
    "level_index": 63,
    "symmetric": true
  }
}