{
  "level_id": "L065",
  "board": {
    "rows": 8,
    "cols": 10,
    "num_colors": 7,
    "shots_remaining": 22,
    "seed": 1065,
    "cells": [
      [
        0,
        3,
        0,
        5,
        0,
        0,
        5,
        0,
        3,
        0
      ],
      [
        3,
        3,
        0,
        3,
        3,
        0,
        3,
        3,
        3,
        3
      ],
      [
        0,
        0,
        3,
        0,
        1,
        1,
        0,
        5,
        0,
        0
      ],
      [
        0,
        3,
        1,
        0,
        3,
        3,
        0,
        1,
        0,
        0
      ],
      [
        0,
        0,
        1,
        0,
        0,
        1,
        1,
        1,
        0,
        0
      ],
      [
        0,
        0,
        3,
        0,
        5,
        1,
        3,
        1,
        0,
        0
      ],
      [
        0,
        0,
        0,
        3,
        3,
        3,
        3,
        3,
        0,
        0
      ],
      [
        0,
        0,
        0,
        0,
        0,
        0,
        0,
        0,
        0,
        0
      ]
    ]
  },
  "features": {
    "color_entropy": 1.316198821881321,
    "max_chain_depth": 8.0,
    "avg_cluster_size": 2.9166666666666665,
    "floating_potential": 1.1645021645021645,
    "density": 0.4375,
    "shot_pressure": 0.6285714285714286
  },
  "bots": {
    "weak": {
      "bot_name": "weak",
      "runs": 60,
      "clear_rate": 0.35,
      "eac": 45.04761904761905,
      "eac_all": 58.666666666666664,
      "avg_popped": 89.61666666666666
    },
    "medium": {
      "bot_name": "medium",
      "runs": 60,
      "clear_rate": 0.35,
      "eac": 42.285714285714285,
      "eac_all": 57.7,
      "avg_popped": 89.2
    },
    "strong": {
      "bot_name": "strong",
      "runs": 60,
      "clear_rate": 0.8333333333333334,
      "eac": 31.62,
      "eac_all": 37.35,
      "avg_popped": 71.35
    }
  },
  "spec": {
    "target_features": {
      "color_entropy": 1.295093435277694,
      "max_chain_depth": 5,
      "floating_potential": 1.1753620376000429,
      "density": 0.42625930900547604
    },
    "weights": {
      "color_entropy": 1.0,
      "max_chain_depth": 0.5,
      "floating_potential": 1.0,
      "density": 2.0
    },
    "rows": 8,
    "cols": 10,
    "num_colors": 7,
    "shots_remaining": 22,
    "target_density": 0.42625930900547604,
    "num_seeds": 6,
    "level_index": 65,
    "symmetric": true
  }
}