{
  "level_id": "L069",
  "board": {
    "rows": 8,
    "cols": 10,
    "num_colors": 6,
    "shots_remaining": 20,
    "seed": 1069,
    "cells": [
      [
        4,
        3,
        4,
        3,
        0,
        0,
        3,
        4,
        3,
        4
      ],
      [
        0,
        0,
        0,
        0,
        0,
        0,
        0,
        0,
        0,
        0
      ],
      [
        0,
        0,
        0,
        0,
        0,
        4,
        0,
        0,
        0,
        0
      ],
      [
        0,
        0,
        0,
        3,
        0,
        5,
        3,
        0,
        0,
        3
      ],
      [
        0,
        0,
        0,
        4,
        0,
        1,
        0,
        0,
        0,
        4
      ],
      [
        0,
        0,
        0,
        0,
        0,
        0,
        0,
        0,
        0,
        0
      ],
      [
        0,
        0,
        1,
        0,
        3,
        4,
        0,
        0,
        0,
        0
      ],
      [
        0,
        4,
        0,
        0,
        0,
        0,
        0,
        3,
        0,
        0
      ]
    ]
  },
  "features": {
    "color_entropy": 1.580000754875826,
    "max_chain_depth": 0.0,
    "avg_cluster_size": 1.0,
    "floating_potential": 0.0,
    "density": 0.2625,
    "shot_pressure": 0.9523809523809523
  },
  "bots": {
    "weak": {
      "bot_name": "weak",
      "runs": 60,
      "clear_rate": 0.26666666666666666,
      "eac": 45.0625,
      "eac_all": 56.016666666666666,
      "avg_popped": 73.13333333333334
    },
    "medium": {
      "bot_name": "medium",
      "runs": 60,
      "clear_rate": 0.4166666666666667,
      "eac": 42.04,
      "eac_all": 52.516666666666666,
      "avg_popped": 70.48333333333333
    },
    "strong": {
      "bot_name": "strong",
      "runs": 60,
      "clear_rate": 0.8666666666666667,
      "eac": 36.55769230769231,
      "eac_all": 39.68333333333333,
      "avg_popped": 59.916666666666664
    }
  },
  "spec": {
    "target_features": {
      "color_entropy": 1.5184311776577635,
      "max_chain_depth": 5,
      "floating_potential": 0.6403460007345056,
      "density": 0.43113984455319354
    },
    "weights": {
      "color_entropy": 1.0,
      "max_chain_depth": 0.5,
      "floating_potential": 1.0,
      "density": 2.0
    },
    "rows": 8,
    "cols": 10,
    "num_colors": 6,
    "shots_remaining": 20,
    "target_density": 0.43113984455319354,
    "num_seeds": 4,
    "level_index": 69,
    "symmetric": true
  }
}