{
  "level_id": "L070",
  "board": {
    "rows": 8,
    "cols": 10,
    "num_colors": 7,
    "shots_remaining": 22,
    "seed": 1070,
    "cells": [
      [
        0,
        1,
        0,
        0,
        7,
        7,
        0,
        0,
        0,
        0
      ],
      [
        0,
        1,
        7,
        7,
        1,
        1,
        0,
        7,
        0,
        0
      ],
      [
        0,
        0,
        1,
        3,
        7,
        0,
        1,
        1,
        7,
        0
      ],
      [
        0,
        1,
        7,
        3,
        3,
        0,
        5,
        7,
        0,
        5
      ],
      [
        0,
        3,
        7,
        1,
        7,
        1,
        7,
        7,
        3,
        5
      ],
      [
        7,
        3,
        1,
        0,
        3,
        3,
        0,
        1,
        3,
        7
      ],
      [
        7,
        1,
        1,
        0,
        7,
        7,
        5,
        1,
        1,
        7
      ],
      [
        0,
        1,
        0,
        0,
        7,
        7,
        0,
        0,
        0,
        0
      ]
    ]
  },
  "features": {
    "color_entropy": 1.785075161724622,
    "max_chain_depth": 6.0,
    "avg_cluster_size": 2.6842105263157894,
    "floating_potential": 1.164021164021164,
    "density": 0.6375,
    "shot_pressure": 0.43137254901960786
  },
  "bots": {
    "weak": {
      "bot_name": "weak",
      "runs": 60,
      "clear_rate": 0.7333333333333333,
      "eac": 22.704545454545453,
      "eac_all": 34.25,
      "avg_popped": 83.66666666666667
    },
    "medium": {
      "bot_name": "medium",
      "runs": 60,
      "clear_rate": 0.6,
      "eac": 21.5,
      "eac_all": 39.3,
      "avg_popped": 87.98333333333333
    },
    "strong": {
      "bot_name": "strong",
      "runs": 60,
      "clear_rate": 0.9833333333333333,
      "eac": 12.322033898305085,
      "eac_all": 13.216666666666667,
      "avg_popped": 64.2
    }
  },
  "spec": {
    "target_features": {
      "color_entropy": 1.4716804487953294,
      "max_chain_depth": 4,
      "floating_potential": 1.1537697850798274,
      "density": 0.5906818364020912
    },
    "weights": {
      "color_entropy": 1.0,
      "max_chain_depth": 0.5,
      "floating_potential": 1.0,
      "density": 2.0
    },
    "rows": 8,
    "cols": 10,
    "num_colors": 7,
    "shots_remaining": 22,
    "target_density": 0.5906818364020912,
    "num_seeds": 5,
    "level_index": 70,
    "symmetric": true
  }
}