{
  "level_id": "L073",
  "board": {
    "rows": 8,
    "cols": 10,
    "num_colors": 7,
    "shots_remaining": 22,
    "seed": 1073,
    "cells": [
      [
        2,
        0,
        5,
        2,
        0,
        0,
        5,
        5,
        2,
        4
      ],
      [
        5,
        2,
        5,
        0,
        0,
        2,
        5,
        2,
        5,
        5
      ],
      [
        0,
        0,
        1,
        2,
        0,
        0,
        2,
        1,
        2,
        0
      ],
      [
        2,
        5,
        1,
        2,
        0,
        5,
        2,
        4,
        5,
        0
      ],
      [
        0,
        0,
        2,
        5,
        1,
        1,
        5,
        0,
        0,
        0
      ],
      [
        0,
        5,
        0,
        0,
        0,
        5,
        0,
        0,
        0,
        0
      ],
      [
        0,
        0,
        0,
        0,
        0,
        0,
        0,
        0,
        0,
        0
      ],
      [
        0,
        0,
        0,
        0,
        0,
        0,
        0,
        0,
        0,
        0
      ]
    ]
  },
  "features": {
    "color_entropy": 1.6916054242478582,
    "max_chain_depth": 4.0,
    "avg_cluster_size": 1.5909090909090908,
    "floating_potential": 0.5879120879120879,
    "density": 0.4375,
    "shot_pressure": 0.6285714285714286
  },
  "bots": {
    "weak": {
      "bot_name": "weak",
      "runs": 60,
      "clear_rate": 0.26666666666666666,
      "eac": 43.875,
      "eac_all": 60.1,
      "avg_popped": 90.56666666666666
    },
    "medium": {
      "bot_name": "medium",
      "runs": 60,
      "clear_rate": 0.43333333333333335,
      "eac": 47.5,
      "eac_all": 57.983333333333334,
      "avg_popped": 89.63333333333334
    },
    "strong": {
      "bot_name": "strong",
      "runs": 60,
      "clear_rate": 0.7166666666666667,
      "eac": 40.44186046511628,
      "eac_all": 47.68333333333333,
      "avg_popped": 81.08333333333333
    }
  },
  "spec": {
    "target_features": {
      "color_entropy": 1.6152904469448133,
      "max_chain_depth": 4,
      "floating_potential": 0.6520148983421983,
      "density": 0.4092304375229074
    },
    "weights": {
      "color_entropy": 1.0,
      "max_chain_depth": 0.5,
      "floating_potential": 1.0,
      "density": 2.0
    },
    "rows": 8,
    "cols": 10,
    "num_colors": 7,
    "shots_remaining": 22,
    "target_density": 0.4092304375229074,
    "num_seeds": 6,
    "level_index": 73,
    "symmetric": true
  }
}