{
  "level_id": "L075",
  "board": {
    "rows": 8,
    "cols": 10,
    "num_colors": 6,
    "shots_remaining": 20,
    "seed": 1075,
    "cells": [
      [
        1,
        5,
        3,
        0,
        0,
        0,
        1,
        0,
        5,
        1
      ],
      [
        1,
        5,
        1,
        0,
        2,
        2,
        1,
        3,
        5,
        1
      ],
      [
        0,
        3,
        0,
        1,
        3,
        2,
        1,
        3,
        3,
        0
      ],
      [
        1,
        3,
        1,
        1,
        0,
        4,
        3,
        3,
        3,
        3
      ],
      [
        1,
        0,
        3,
        0,
        1,
        0,
        4,
        3,
        3,
        1
      ],
      [
        1,
        0,
        0,
        0,
        3,
        3,
        4,
        4,
        4,
        1
      ],
      [
        0,
        0,
        0,
        0,
        0,
        4,
        0,
        0,
        0,
        0
      ],
      [
        0,
        0,
        0,
        0,
        3,
        0,
        0,
        0,
        0,
        0
      ]
    ]
  },
  "features": {
    "color_entropy": 1.9963250408478088,
    "max_chain_depth": 10.0,
    "avg_cluster_size": 2.764705882352941,
    "floating_potential": 1.5486111111111112,
    "density": 0.5875,
    "shot_pressure": 0.425531914893617
  },
  "bots": {
    "weak": {
      "bot_name": "weak",
      "runs": 60,
      "clear_rate": 0.5333333333333333,
      "eac": 40.625,
      "eac_all": 49.666666666666664,
      "avg_popped": 93.95
    },
    "medium": {
      "bot_name": "medium",
      "runs": 60,
      "clear_rate": 0.6,
      "eac": 37.27777777777778,
      "eac_all": 46.36666666666667,
      "avg_popped": 91.53333333333333
    },
    "strong": {
      "bot_name": "strong",
      "runs": 60,
      "clear_rate": 0.9166666666666666,
      "eac": 31.636363636363637,
      "eac_all": 34.0,
      "avg_popped": 80.7
    }
  },
  "spec": {
    "target_features": {
      "color_entropy": 1.9994176123102405,
      "max_chain_depth": 10,
      "floating_potential": 1.5698845361231974,
      "density": 0.5860684921072803
    },
    "weights": {
      "color_entropy": 1.0,
      "max_chain_depth": 0.5,
      "floating_potential": 1.0,
      "density": 2.0
    },
    "rows": 8,
    "cols": 10,
    "num_colors": 6,
    "shots_remaining": 20,
    "target_density": 0.5860684921072803,
    "num_seeds": 6,
    "level_index": 75,
    "symmetric": true
  }
}