{
  "level_id": "L078",
  "board": {
    "rows": 8,
    "cols": 10,
    "num_colors": 7,
    "shots_remaining": 22,
    "seed": 1078,
    "cells": [
      [
        0,
        0,
        6,
        7,
        0,
        7,
        7,
        6,
        0,
        0
      ],
      [
        0,
        3,
        0,
        0,
        1,
        1,
        3,
        0,
        6,
        0
      ],
      [
        0,
        0,
        3,
        3,
        0,
        0,
        3,
        3,
        0,
        0
      ],
      [
        0,
        0,
        3,
        6,
        7,
        7,
        6,
        0,
        0,
        0
      ],
      [
        0,
        0,
        3,
        0,
        6,
        6,
        3,
        3,
        0,
        0
      ],
      [
        0,
        0,
        0,
        7,
        0,
        0,
        6,
        7,
        0,
        0
      ],
      [
        0,
        0,
        7,
        7,
        3,
        0,
        7,
        7,
        7,
        0
      ],
      [
        0,
        0,
        5,
        0,
        6,
        6,
        6,
        7,
        7,
        0
      ]
    ]
  },
  "features": {
    "color_entropy": 1.9159031286359152,
    "max_chain_depth": 8.0,
    "avg_cluster_size": 2.1666666666666665,
    "floating_potential": 1.2119815668202765,
    "density": 0.4875,
    "shot_pressure": 0.5641025641025641
  },
  "bots": {
    "weak": {
      "bot_name": "weak",
      "runs": 60,
      "clear_rate": 0.3333333333333333,
      "eac": 39.1,
      "eac_all": 57.03333333333333,
      "avg_popped": 92.15
    },
    "medium": {
      "bot_name": "medium",
      "runs": 60,
      "clear_rate": 0.3333333333333333,
      "eac": 44.35,
      "eac_all": 58.78333333333333,
      "avg_popped": 94.08333333333333
    },
    "strong": {
      "bot_name": "strong",
      "runs": 60,
      "clear_rate": 0.7666666666666667,
      "eac": 41.30434782608695,
      "eac_all": 47.06666666666667,
      "avg_popped": 84.86666666666666
    }
  },
  "spec": {
    "target_features": {
      "color_entropy": 1.9230179357673975,
      "max_chain_depth": 8,
      "floating_potential": 1.2130843449610085,
      "density": 0.4229948042388947
    },
    "weights": {
      "color_entropy": 1.0,
      "max_chain_depth": 0.5,
      "floating_potential": 1.0,
      "density": 2.0
    },
    "rows": 8,
    "cols": 10,
    "num_colors": 7,
    "shots_remaining": 22,
    "target_density": 0.4229948042388947,
    "num_seeds": 5,
    "level_index": 78,
    "symmetric": true
  }
}