{
  "level_id": "L084",
  "board": {
    "rows": 8,
    "cols": 10,
    "num_colors": 6,
    "shots_remaining": 20,
    "seed": 1084,
    "cells": [
      [
        1,
        0,
        2,
        1,
        1,
        1,
        1,
        2,
        1,
        1
      ],
      [
        0,
        0,
        5,
        0,
        1,
        1,
        0,
        5,
        0,
        0
      ],
      [
        0,
        0,
        1,
        2,
        1,
        1,
        2,
        1,
        2,
        1
      ],
      [
        0,
        0,
        0,
        6,
        5,
        5,
        0,
        0,
        0,
        1
      ],
      [
        0,
        0,
        0,
        0,
        1,
        1,
        1,
        0,
        0,
        1
      ],
      [
        1,
        2,
        5,
        3,
        0,
        0,
        2,
        0,
        2,
        6
      ],
      [
        0,
        5,
        1,
        0,
        0,
        0,
        0,
        1,
        5,
        0
      ],
      [
        0,
        1,
        2,
        1,
        5,
        5,
        1,
        0,
        1,
        0
      ]
    ]
  },
  "features": {
    "color_entropy": 1.6977785815152964,
    "max_chain_depth": 10.0,
    "avg_cluster_size": 1.5161290322580645,
    "floating_potential": 0.5161290322580645,
    "density": 0.5875,
    "shot_pressure": 0.425531914893617
  },
  "bots": {
    "weak": {
      "bot_name": "weak",
      "runs": 60,
      "clear_rate": 0.36666666666666664,
      "eac": 43.5,
      "eac_all": 53.95,
      "avg_popped": 97.81666666666666
    },
    "medium": {
      "bot_name": "medium",
      "runs": 60,
      "clear_rate": 0.5,
      "eac": 38.93333333333333,
      "eac_all": 49.46666666666667,
      "avg_popped": 93.98333333333333
    },
    "strong": {
      "bot_name": "strong",
      "runs": 60,
      "clear_rate": 0.8166666666666667,
      "eac": 38.46938775510204,
      "eac_all": 42.416666666666664,
      "avg_popped": 88.51666666666667
    }
  },
  "spec": {
    "target_features": {
      "color_entropy": 1.5943800970728048,
      "max_chain_depth": 10,
      "floating_potential": 0.41910233508111516,
      "density": 0.5919958950980305
    },
    "weights": {
      "color_entropy": 1.0,
      "max_chain_depth": 0.5,
      "floating_potential": 1.0,
      "density": 2.0
    },
    "rows": 8,
    "cols": 10,
    "num_colors": 6,
    "shots_remaining": 20,
    "target_density": 0.5919958950980305,
    "num_seeds": 5,
    "level_index": 84,
    "symmetric": true
  }
}