{
  "level_id": "L089",
  "board": {
    "rows": 8,
    "cols": 10,
    "num_colors": 7,
    "shots_remaining": 22,
    "seed": 1089,
    "cells": [
      [
        7,
        0,
        7,
        7,
        7,
        7,
        7,
        5,
        7,
        0
      ],
      [
        5,
        3,
        3,
        0,
        7,
        0,
        0,
        3,
        3,
        7
      ],
      [
        0,
        5,
        0,
        5,
        5,
        5,
        5,
        0,
        3,
        0
      ],
      [
        7,
        3,
        5,
        0,
        7,
        7,
        0,
        5,
        3,
        7
      ],
      [
        3,
        1,
        7,
        6,
        3,
        3,
        6,
        7,
        1,
        3
      ],
      [
        0,
        7,
        0,
        0,
        0,
        0,
        0,
        7,
        7,
        0
      ],
      [
        7,
        7,
        7,
        0,
        0,
        0,
        0,
        0,
        7,
        7
      ],
      [
        0,
        7,
        7,
        0,
        0,
        0,
        0,
        0,
        0,
        0
      ]
    ]
  },
  "features": {
    "color_entropy": 1.8049245877405307,
    "max_chain_depth": 8.0,
    "avg_cluster_size": 2.227272727272727,
    "floating_potential": 1.3542857142857143,
    "density": 0.6125,
    "shot_pressure": 0.4489795918367347
  },
  "bots": {
    "weak": {
      "bot_name": "weak",
      "runs": 60,
      "clear_rate": 0.4166666666666667,
      "eac": 50.48,
      "eac_all": 59.53333333333333,
      "avg_popped": 105.3
    },
    "medium": {
      "bot_name": "medium",
      "runs": 60,
      "clear_rate": 0.48333333333333334,
      "eac": 34.86206896551724,
      "eac_all": 50.95,
      "avg_popped": 96.48333333333333
    },
    "strong": {
      "bot_name": "strong",
      "runs": 60,
      "clear_rate": 0.8833333333333333,
      "eac": 37.075471698113205,
      "eac_all": 40.45,
      "avg_popped": 89.03333333333333
    }
  },
  "spec": {
    "target_features": {
      "color_entropy": 1.608428765174391,
      "max_chain_depth": 8,
      "floating_potential": 1.4808629607777593,
      "density": 0.47809956546768695
    },
    "weights": {
      "color_entropy": 1.0,
      "max_chain_depth": 0.5,
      "floating_potential": 1.0,
      "density": 2.0
    },
    "rows": 8,
    "cols": 10,
    "num_colors": 7,
    "shots_remaining": 22,
    "target_density": 0.47809956546768695,
    "num_seeds": 7,
    "level_index": 89,
    "symmetric": true
  }
}