{
  "level_id": "L095",
  "board": {
    "rows": 8,
    "cols": 10,
    "num_colors": 6,
    "shots_remaining": 20,
    "seed": 1095,
    "cells": [
      [
        0,
        5,
        4,
        5,
        0,
        0,
        5,
        4,
        5,
        4
      ],
      [
        0,
        3,
        0,
        0,
        0,
        5,
        5,
        4,
        5,
        0
      ],
      [
        4,
        3,
        5,
        4,
        0,
        0,
        4,
        5,
        3,
        4
      ],
      [
        4,
        0,
        0,
        3,
        0,
        0,
        3,
        0,
        0,
        4
      ],
      [
        0,
        0,
        4,
        5,
        4,
        0,
        3,
        4,
        0,
        4
      ],
      [
        0,
        0,
        5,
        4,
        5,
        5,
        0,
        5,
        0,
        0
      ],
      [
        0,
        0,
        0,
        4,
        5,
        5,
        0,
        0,
        0,
        0
      ],
      [
        0,
        0,
        0,
        0,
        0,
        4,
        0,
        0,
        0,
        0
      ]
    ]
  },
  "features": {
    "color_entropy": 1.4649754674370505,
    "max_chain_depth": 7.0,
    "avg_cluster_size": 1.6956521739130435,
    "floating_potential": 0.8802083333333334,
    "density": 0.4875,
    "shot_pressure": 0.5128205128205128
  },
  "bots": {
    "weak": {
      "bot_name": "weak",
      "runs": 60,
      "clear_rate": 0.35,
      "eac": 43.61904761904762,
      "eac_all": 54.266666666666666,
      "avg_popped": 90.15
    },
    "medium": {
      "bot_name": "medium",
      "runs": 60,
      "clear_rate": 0.5333333333333333,
      "eac": 37.71875,
      "eac_all": 48.11666666666667,
      "avg_popped": 84.9
    },
    "strong": {
      "bot_name": "strong",
      "runs": 60,
      "clear_rate": 0.8166666666666667,
      "eac": 32.48979591836735,
      "eac_all": 37.53333333333333,
      "avg_popped": 75.6
    }
  },
  "spec": {
    "target_features": {
      "color_entropy": 1.3055620255818774,
      "max_chain_depth": 7,
      "floating_potential": 0.9076215345798243,
      "density": 0.4265562315549414
    },
    "weights": {
      "color_entropy": 1.0,
      "max_chain_depth": 0.5,
      "floating_potential": 1.0,
      "density": 2.0
    },
    "rows": 8,
    "cols": 10,
    "num_colors": 6,
    "shots_remaining": 20,
    "target_density": 0.4265562315549414,
    "num_seeds": 5,
    "level_index": 95,
    "symmetric": true
  }
}