{
  "level_id": "L099",
  "board": {
    "rows": 8,
    "cols": 10,
    "num_colors": 6,
    "shots_remaining": 20,
    "seed": 1099,
    "cells": [
      [
        3,
        0,
        3,
        0,
        0,
        3,
        0,
        3,
        0,
        2
      ],
      [
        2,
        0,
        3,
        3,
        2,
        2,
        3,
        0,
        1,
        3
      ],
      [
        0,
        2,
        0,
        0,
        3,
        3,
        1,
        2,
        2,
        3
      ],
      [
        3,
        2,
        0,
        0,
        0,
        0,
        3,
        0,
        2,
        3
      ],
      [
        3,
        2,
        3,
        1,
        2,
        2,
        1,
        3,
        2,
        3
      ],
      [
        3,
        3,
        3,
        1,
        0,
        0,
        1,
        0,
        0,
        3
      ],
      [
        0,
        3,
        2,
        2,
        3,
        3,
        2,
        0,
        3,
        2
      ],
      [
        0,
        0,
        0,
        3,
        3,
        3,
        3,
        0,
        0,
        0
      ]
    ]
  },
  "features": {
    "color_entropy": 1.3467249607171943,
    "max_chain_depth": 8.0,
    "avg_cluster_size": 2.5238095238095237,
    "floating_potential": 1.5864197530864197,
    "density": 0.6625,
    "shot_pressure": 0.37735849056603776
  },
  "bots": {
    "weak": {
      "bot_name": "weak",
      "runs": 60,
      "clear_rate": 0.45,
      "eac": 44.25925925925926,
      "eac_all": 52.916666666666664,
      "avg_popped": 103.55
    },
    "medium": {
      "bot_name": "medium",
      "runs": 60,
      "clear_rate": 0.5333333333333333,
      "eac": 39.34375,
      "eac_all": 48.983333333333334,
      "avg_popped": 99.71666666666667
    },
    "strong": {
      "bot_name": "strong",
      "runs": 60,
      "clear_rate": 0.7666666666666667,
      "eac": 34.391304347826086,
      "eac_all": 40.36666666666667,
      "avg_popped": 92.28333333333333
    }
  },
  "spec": {
    "target_features": {
      "color_entropy": 1.255124601377696,
      "max_chain_depth": 8,
      "floating_potential": 1.5733626190426908,
      "density": 0.6289123750103194
    },
    "weights": {
      "color_entropy": 1.0,
      "max_chain_depth": 0.5,
      "floating_potential": 1.0,
      "density": 2.0
    },
    "rows": 8,
    "cols": 10,
    "num_colors": 6,
    "shots_remaining": 20,
    "target_density": 0.6289123750103194,
    "num_seeds": 8,
    "level_index": 99,
    "symmetric": true
  }
}