{
  "level_id": "L000",
  "board": {
    "rows": 8,
    "cols": 10,
    "num_colors": 2,
    "shots_remaining": 12,
    "seed": 1000,
    "cells": [
      [
        1,
        0,
        0,
        1,
        0,
        0,
        1,
        0,
        0,
        1
      ],
      [
        0,
        0,
        0,
        2,
        0,
        0,
        2,
        0,
        0,
        0
      ],
      [
        0,
        0,
        2,
        2,
        0,
        0,
        2,
        2,
        0,
        0
      ],
      [
        0,
        2,
        1,
        0,
        0,
        0,
        0,
        1,
        2,
        0
      ],
      [
        0,
        0,
        2,
        1,
        0,
        0,
        1,
        2,
        0,
        0
      ],
      [
        0,
        0,
        0,
        1,
        2,
        2,
        1,
        0,
        0,
        0
      ],
      [
        0,
        0,
        2,
        1,
        0,
        0,
        1,
        2,
        0,
        0
      ],
      [
        0,
        0,
        0,
        0,
        0,
        0,
        0,
        0,
        0,
        0
      ]
    ]
  },
  "features": {
    "color_entropy": 0.9957274520849255,
    "max_chain_depth": 8.0,
    "avg_cluster_size": 1.8571428571428572,
    "floating_potential": 2.2857142857142856,
    "density": 0.325,
    "shot_pressure": 0.46153846153846156
  },
  "bots": {
    "weak": {
      "bot_name": "weak",
      "runs": 60,
      "clear_rate": 1.0,
      "eac": 17.683333333333334,
      "eac_all": 17.683333333333334,
      "avg_popped": 43.68333333333333
    },
    "medium": {
      "bot_name": "medium",
      "runs": 60,
      "clear_rate": 1.0,
      "eac": 15.266666666666667,
      "eac_all": 15.266666666666667,
      "avg_popped": 41.266666666666666
    },
    "strong": {
      "bot_name": "strong",
      "runs": 60,
      "clear_rate": 1.0,
      "eac": 12.1,
      "eac_all": 12.1,
      "avg_popped": 38.1
    }
  },
  "spec": {
    "target_features": {
      "color_entropy": 1.5767534378578032,
      "max_chain_depth": 8,
      "floating_potential": 0.6438975310536146,
      "density": 0.5311525541018989
    },
    "weights": {
      "color_entropy": 1.0,
      "max_chain_depth": 0.5,
      "floating_potential": 1.0,
      "density": 2.0
    },
    "rows": 8,
    "cols": 10,
    "num_colors": 2,
    "shots_remaining": 12,
    "target_density": 0.5311525541018989,
    "num_seeds": 5,
    "level_index": 0,
    "symmetric": false,
    "symmetry_axis": "horizontal"
  }
}