{
  "level_id": "L001",
  "board": {
    "rows": 8,
    "cols": 10,
    "num_colors": 3,
    "shots_remaining": 14,
    "seed": 1001,
    "cells": [
      [
        0,
        1,
        0,
        0,
        0,
        3,
        3,
        2,
        1,
        2
      ],
      [
        0,
        3,
        0,
        1,
        2,
        1,
        1,
        2,
        0,
        0
      ],
      [
        1,
        2,
        2,
        0,
        0,
        3,
        1,
        3,
        0,
        0
      ],
      [
        0,
        3,
        0,
        0,
        0,
        0,
        0,
        2,
        0,
        0
      ],
      [
        0,
        3,
        0,
        0,
        0,
        0,
        0,
        2,
        0,
        0
      ],
      [
        1,
        2,
        2,
        0,
        0,
        3,
        1,
        3,
        0,
        0
      ],
      [
        0,
        3,
        0,
        1,
        2,
        1,
        1,
        2,
        0,
        0
      ],
      [
        0,
        1,
        0,
        0,
        0,
        3,
        3,
        2,
        1,
        2
      ]
    ]
  },
  "features": {
    "color_entropy": 1.5812908992306924,
    "max_chain_depth": 5.0,
    "avg_cluster_size": 1.4285714285714286,
    "floating_potential": 1.0784313725490196,
    "density": 0.5,
    "shot_pressure": 0.35
  },
  "bots": {
    "weak": {
      "bot_name": "weak",
      "runs": 60,
      "clear_rate": 0.9833333333333333,
      "eac": 19.271186440677965,
      "eac_all": 19.65,
      "avg_popped": 59.6
    },
    "medium": {
      "bot_name": "medium",
      "runs": 60,
      "clear_rate": 1.0,
      "eac": 16.366666666666667,
      "eac_all": 16.366666666666667,
      "avg_popped": 56.36666666666667
    },
    "strong": {
      "bot_name": "strong",
      "runs": 60,
      "clear_rate": 0.9833333333333333,
      "eac": 13.779661016949152,
      "eac_all": 14.25,
      "avg_popped": 54.21666666666667
    }
  },
  "spec": {
    "target_features": {
      "color_entropy": 1.8029452417532752,
      "max_chain_depth": 5,
      "floating_potential": 1.0620061320774572,
      "density": 0.4344636795925555
    },
    "weights": {
      "color_entropy": 1.0,
      "max_chain_depth": 0.5,
      "floating_potential": 1.0,
      "density": 2.0
    },
    "rows": 8,
    "cols": 10,
    "num_colors": 3,
    "shots_remaining": 14,
    "target_density": 0.4344636795925555,
    "num_seeds": 8,
    "level_index": 1,
    "symmetric": false,
    "symmetry_axis": "vertical"
  }
}