{
  "level_id": "L002",
  "board": {
    "rows": 8,
    "cols": 10,
    "num_colors": 3,
    "shots_remaining": 14,
    "seed": 1002,
    "cells": [
      [
        0,
        0,
        3,
        1,
        3,
        0,
        0,
        0,
        2,
        0
      ],
      [
        3,
        2,
        3,
        2,
        2,
        3,
        2,
        3,
        0,
        0
      ],
      [
        0,
        1,
        0,
        2,
        3,
        3,
        0,
        0,
        0,
        0
      ],
      [
        0,
        2,
        0,
        0,
        2,
        0,
        0,
        0,
        0,
        0
      ],
      [
        0,
        2,
        0,
        0,
        2,
        0,
        0,
        0,
        0,
        0
      ],
      [
        0,
        1,
        0,
        2,
        3,
        3,
        0,
        0,
        0,
        0
      ],
      [
        3,
        2,
        3,
        2,
        2,
        3,
        2,
        3,
        0,
        0
      ],
      [
        0,
        0,
        3,
        1,
        3,
        0,
        0,
        0,
        2,
        0
      ]
    ]
  },
  "features": {
    "color_entropy": 1.3921472236645345,
    "max_chain_depth": 10.0,
    "avg_cluster_size": 1.6363636363636365,
    "floating_potential": 1.595959595959596,
    "density": 0.45,
    "shot_pressure": 0.3888888888888889
  },
  "bots": {
    "weak": {
      "bot_name": "weak",
      "runs": 60,
      "clear_rate": 0.9833333333333333,
      "eac": 15.559322033898304,
      "eac_all": 16.0,
      "avg_popped": 51.96666666666667
    },
    "medium": {
      "bot_name": "medium",
      "runs": 60,
      "clear_rate": 0.9833333333333333,
      "eac": 12.610169491525424,
      "eac_all": 13.1,
      "avg_popped": 49.06666666666667
    },
    "strong": {
      "bot_name": "strong",
      "runs": 60,
      "clear_rate": 1.0,
      "eac": 10.466666666666667,
      "eac_all": 10.466666666666667,
      "avg_popped": 46.46666666666667
    }
  },
  "spec": {
    "target_features": {
      "color_entropy": 1.3518859296652321,
      "max_chain_depth": 10,
      "floating_potential": 1.5807946982706067,
      "density": 0.42451179896184166
    },
    "weights": {
      "color_entropy": 1.0,
      "max_chain_depth": 0.5,
      "floating_potential": 1.0,
      "density": 2.0
    },
    "rows": 8,
    "cols": 10,
    "num_colors": 3,
    "shots_remaining": 14,
    "target_density": 0.42451179896184166,
    "num_seeds": 4,
    "level_index": 2,
    "symmetric": false,
    "symmetry_axis": "vertical"
  }
}