{
  "level_id": "L004",
  "board": {
    "rows": 8,
    "cols": 10,
    "num_colors": 2,
    "shots_remaining": 12,
    "seed": 1004,
    "cells": [
      [
        2,
        0,
        1,
        0,
        0,
        0,
        0,
        1,
        0,
        2
      ],
      [
        1,
        0,
        2,
        0,
        0,
        0,
        0,
        2,
        0,
        1
      ],
      [
        2,
        0,
        1,
        2,
        0,
        0,
        2,
        1,
        0,
        2
      ],
      [
        1,
        0,
        0,
        1,
        0,
        0,
        1,
        0,
        0,
        1
      ],
      [
        0,
        2,
        1,
        2,
        0,
        0,
        2,
        1,
        2,
        0
      ],
      [
        0,
        0,
        0,
        2,
        0,
        0,
        2,
        0,
        0,
        0
      ],
      [
        0,
        0,
        0,
        2,
        1,
        1,
        2,
        0,
        0,
        0
      ],
      [
        0,
        2,
        1,
        2,
        1,
        1,
        2,
        1,
        2,
        0
      ]
    ]
  },
  "features": {
    "color_entropy": 0.9980008838722996,
    "max_chain_depth": 11.0,
    "avg_cluster_size": 1.4615384615384615,
    "floating_potential": 2.282051282051282,
    "density": 0.475,
    "shot_pressure": 0.3157894736842105
  },
  "bots": {
    "weak": {
      "bot_name": "weak",
      "runs": 60,
      "clear_rate": 1.0,
      "eac": 12.15,
      "eac_all": 12.15,
      "avg_popped": 50.15
    },
    "medium": {
      "bot_name": "medium",
      "runs": 60,
      "clear_rate": 1.0,
      "eac": 8.833333333333334,
      "eac_all": 8.833333333333334,
      "avg_popped": 46.833333333333336
    },
    "strong": {
      "bot_name": "strong",
      "runs": 60,
      "clear_rate": 1.0,
      "eac": 9.2,
      "eac_all": 9.2,
      "avg_popped": 47.2
    }
  },
  "spec": {
    "target_features": {
      "color_entropy": 1.7592714202960837,
      "max_chain_depth": 11,
      "floating_potential": 0.936689736269225,
      "density": 0.39617971085066134
    },
    "weights": {
      "color_entropy": 1.0,
      "max_chain_depth": 0.5,
      "floating_potential": 1.0,
      "density": 2.0
    },
    "rows": 8,
    "cols": 10,
    "num_colors": 2,
    "shots_remaining": 12,
    "target_density": 0.39617971085066134,
    "num_seeds": 8,
    "level_index": 4,
    "symmetric": false,
    "symmetry_axis": "horizontal"
  }
}