{
  "level_id": "L006",
  "board": {
    "rows": 8,
    "cols": 10,
    "num_colors": 2,
    "shots_remaining": 12,
    "seed": 1006,
    "cells": [
      [
        2,
        1,
        1,
        2,
        0,
        0,
        2,
        1,
        1,
        2
      ],
      [
        1,
        0,
        1,
        0,
        0,
        0,
        0,
        1,
        0,
        1
      ],
      [
        0,
        2,
        0,
        0,
        0,
        0,
        0,
        0,
        2,
        0
      ],
      [
        0,
        2,
        0,
        0,
        0,
        0,
        0,
        0,
        2,
        0
      ],
      [
        0,
        1,
        1,
        0,
        0,
        0,
        0,
        1,
        1,
        0
      ],
      [
        0,
        0,
        2,
        0,
        0,
        0,
        0,
        2,
        0,
        0
      ],
      [
        0,
        0,
        1,
        2,
        1,
        1,
        2,
        1,
        0,
        0
      ],
      [
        0,
        0,
        0,
        0,
        0,
        0,
        0,
        0,
        0,
        0
      ]
    ]
  },
  "features": {
    "color_entropy": 0.9852281360342515,
    "max_chain_depth": 5.0,
    "avg_cluster_size": 1.6470588235294117,
    "floating_potential": 2.081081081081081,
    "density": 0.35,
    "shot_pressure": 0.42857142857142855
  },
  "bots": {
    "weak": {
      "bot_name": "weak",
      "runs": 60,
      "clear_rate": 1.0,
      "eac": 17.983333333333334,
      "eac_all": 17.983333333333334,
      "avg_popped": 45.983333333333334
    },
    "medium": {
      "bot_name": "medium",
      "runs": 60,
      "clear_rate": 1.0,
      "eac": 12.5,
      "eac_all": 12.5,
      "avg_popped": 40.5
    },
    "strong": {
      "bot_name": "strong",
      "runs": 60,
      "clear_rate": 1.0,
      "eac": 11.0,
      "eac_all": 11.0,
      "avg_popped": 39.0
    }
  },
  "spec": {
    "target_features": {
      "color_entropy": 1.8495956820765098,
      "max_chain_depth": 5,
      "floating_potential": 0.5781928006303679,
      "density": 0.4529627220397721
    },
    "weights": {
      "color_entropy": 1.0,
      "max_chain_depth": 0.5,
      "floating_potential": 1.0,
      "density": 2.0
    },
    "rows": 8,
    "cols": 10,
    "num_colors": 2,
    "shots_remaining": 12,
    "target_density": 0.4529627220397721,
    "num_seeds": 4,
    "level_index": 6,
    "symmetric": false,
    "symmetry_axis": "horizontal"
  }
}