{
  "level_id": "L008",
  "board": {
    "rows": 8,
    "cols": 10,
    "num_colors": 3,
    "shots_remaining": 14,
    "seed": 1008,
    "cells": [
      [
        0,
        1,
        0,
        0,
        0,
        0,
        0,
        0,
        1,
        0
      ],
      [
        2,
        3,
        2,
        3,
        0,
        0,
        3,
        2,
        3,
        2
      ],
      [
        0,
        1,
        0,
        0,
        0,
        0,
        0,
        0,
        1,
        0
      ],
      [
        0,
        0,
        0,
        0,
        0,
        0,
        0,
        0,
        0,
        0
      ],
      [
        0,
        0,
        0,
        0,
        0,
        0,
        0,
        0,
        0,
        0
      ],
      [
        0,
        0,
        2,
        0,
        2,
        2,
        0,
        2,
        0,
        0
      ],
      [
        0,
        3,
        0,
        1,
        0,
        0,
        1,
        0,
        3,
        0
      ],
      [
        0,
        0,
        0,
        0,
        0,
        0,
        0,
        0,
        0,
        0
      ]
    ]
  },
  "features": {
    "color_entropy": 1.5709505944546684,
    "max_chain_depth": 9.0,
    "avg_cluster_size": 1.0526315789473684,
    "floating_potential": 0.44680851063829785,
    "density": 0.25,
    "shot_pressure": 0.7
  },
  "bots": {
    "weak": {
      "bot_name": "weak",
      "runs": 60,
      "clear_rate": 0.9333333333333333,
      "eac": 18.178571428571427,
      "eac_all": 19.766666666666666,
      "avg_popped": 39.55
    },
    "medium": {
      "bot_name": "medium",
      "runs": 60,
      "clear_rate": 0.9833333333333333,
      "eac": 16.983050847457626,
      "eac_all": 17.4,
      "avg_popped": 37.36666666666667
    },
    "strong": {
      "bot_name": "strong",
      "runs": 60,
      "clear_rate": 1.0,
      "eac": 11.166666666666666,
      "eac_all": 11.166666666666666,
      "avg_popped": 31.166666666666668
    }
  },
  "spec": {
    "target_features": {
      "color_entropy": 1.4382060554287786,
      "max_chain_depth": 8,
      "floating_potential": 0.4645589306043686,
      "density": 0.3508665901433988
    },
    "weights": {
      "color_entropy": 1.0,
      "max_chain_depth": 0.5,
      "floating_potential": 1.0,
      "density": 2.0
    },
    "rows": 8,
    "cols": 10,
    "num_colors": 3,
    "shots_remaining": 14,
    "target_density": 0.3508665901433988,
    "num_seeds": 7,
    "level_index": 8,
    "symmetric": false,
    "symmetry_axis": "horizontal"
  }
}