{
  "level_id": "L010",
  "board": {
    "rows": 8,
    "cols": 10,
    "num_colors": 4,
    "shots_remaining": 16,
    "seed": 1010,
    "cells": [
      [
        0,
        1,
        0,
        4,
        3,
        3,
        4,
        0,
        1,
        0
      ],
      [
        0,
        0,
        2,
        0,
        3,
        3,
        0,
        2,
        0,
        0
      ],
      [
        0,
        1,
        0,
        1,
        3,
        3,
        1,
        0,
        1,
        0
      ],
      [
        0,
        4,
        4,
        4,
        0,
        0,
        4,
        4,
        4,
        0
      ],
      [
        0,
        2,
        1,
        4,
        0,
        0,
        4,
        1,
        2,
        0
      ],
      [
        0,
        1,
        3,
        4,
        2,
        2,
        4,
        3,
        1,
        0
      ],
      [
        1,
        0,
        2,
        1,
        3,
        3,
        1,
        2,
        0,
        1
      ],
      [
        0,
        2,
        0,
        0,
        0,
        0,
        0,
        0,
        2,
        0
      ]
    ]
  },
  "features": {
    "color_entropy": 1.985277590509022,
    "max_chain_depth": 8.0,
    "avg_cluster_size": 1.6428571428571428,
    "floating_potential": 1.4772727272727273,
    "density": 0.575,
    "shot_pressure": 0.34782608695652173
  },
  "bots": {
    "weak": {
      "bot_name": "weak",
      "runs": 60,
      "clear_rate": 0.8666666666666667,
      "eac": 28.846153846153847,
      "eac_all": 31.4,
      "avg_popped": 76.76666666666667
    },
    "medium": {
      "bot_name": "medium",
      "runs": 60,
      "clear_rate": 0.9,
      "eac": 26.11111111111111,
      "eac_all": 28.3,
      "avg_popped": 73.8
    },
    "strong": {
      "bot_name": "strong",
      "runs": 60,
      "clear_rate": 0.95,
      "eac": 23.49122807017544,
      "eac_all": 24.716666666666665,
      "avg_popped": 70.61666666666666
    }
  },
  "spec": {
    "target_features": {
      "color_entropy": 1.9907264987266398,
      "max_chain_depth": 8,
      "floating_potential": 1.4706890905293584,
      "density": 0.5703811977284841
    },
    "weights": {
      "color_entropy": 1.0,
      "max_chain_depth": 0.5,
      "floating_potential": 1.0,
      "density": 2.0
    },
    "rows": 8,
    "cols": 10,
    "num_colors": 4,
    "shots_remaining": 16,
    "target_density": 0.5703811977284841,
    "num_seeds": 5,
    "level_index": 10,
    "symmetric": false,
    "symmetry_axis": "horizontal"
  }
}