{
  "level_id": "L011",
  "board": {
    "rows": 8,
    "cols": 10,
    "num_colors": 3,
    "shots_remaining": 14,
    "seed": 1011,
    "cells": [
      [
        0,
        1,
        0,
        0,
        0,
        0,
        0,
        0,
        1,
        0
      ],
      [
        3,
        2,
        0,
        0,
        0,
        0,
        0,
        0,
        2,
        3
      ],
      [
        1,
        0,
        0,
        0,
        0,
        0,
        0,
        0,
        0,
        1
      ],
      [
        3,
        3,
        1,
        3,
        0,
        0,
        3,
        1,
        3,
        3
      ],
      [
        2,
        2,
        2,
        2,
        0,
        0,
        2,
        2,
        2,
        2
      ],
      [
        3,
        1,
        3,
        1,
        3,
        3,
        1,
        3,
        1,
        3
      ],
      [
        0,
        2,
        0,
        0,
        1,
        1,
        0,
        0,
        2,
        0
      ],
      [
        0,
        0,
        0,
        0,
        0,
        0,
        0,
        0,
        0,
        0
      ]
    ]
  },
  "features": {
    "color_entropy": 1.5810309627563695,
    "max_chain_depth": 5.0,
    "avg_cluster_size": 1.4074074074074074,
    "floating_potential": 0.6274509803921569,
    "density": 0.475,
    "shot_pressure": 0.3684210526315789
  },
  "bots": {
    "weak": {
      "bot_name": "weak",
      "runs": 60,
      "clear_rate": 0.9833333333333333,
      "eac": 18.491525423728813,
      "eac_all": 18.883333333333333,
      "avg_popped": 56.8
    },
    "medium": {
      "bot_name": "medium",
      "runs": 60,
      "clear_rate": 0.9833333333333333,
      "eac": 18.25423728813559,
      "eac_all": 18.65,
      "avg_popped": 56.6
    },
    "strong": {
      "bot_name": "strong",
      "runs": 60,
      "clear_rate": 1.0,
      "eac": 16.083333333333332,
      "eac_all": 16.083333333333332,
      "avg_popped": 54.083333333333336
    }
  },
  "spec": {
    "target_features": {
      "color_entropy": 1.868420327483471,
      "max_chain_depth": 5,
      "floating_potential": 0.6214077915179628,
      "density": 0.43968215365792085
    },
    "weights": {
      "color_entropy": 1.0,
      "max_chain_depth": 0.5,
      "floating_potential": 1.0,
      "density": 2.0
    },
    "rows": 8,
    "cols": 10,
    "num_colors": 3,
    "shots_remaining": 14,
    "target_density": 0.43968215365792085,
    "num_seeds": 5,
    "level_index": 11,
    "symmetric": false,
    "symmetry_axis": "horizontal"
  }
}