{
  "level_id": "L012",
  "board": {
    "rows": 8,
    "cols": 10,
    "num_colors": 3,
    "shots_remaining": 14,
    "seed": 1012,
    "cells": [
      [
        2,
        0,
        0,
        2,
        0,
        0,
        2,
        0,
        0,
        2
      ],
      [
        1,
        3,
        0,
        1,
        0,
        0,
        1,
        0,
        3,
        1
      ],
      [
        0,
        0,
        0,
        1,
        0,
        0,
        1,
        0,
        0,
        0
      ],
      [
        0,
        0,
        0,
        2,
        0,
        0,
        2,
        0,
        0,
        0
      ],
      [
        0,
        0,
        0,
        0,
        0,
        0,
        0,
        0,
        0,
        0
      ],
      [
        0,
        0,
        0,
        0,
        0,
        0,
        0,
        0,
        0,
        0
      ],
      [
        0,
        0,
        0,
        0,
        0,
        0,
        0,
        0,
        0,
        0
      ],
      [
        0,
        3,
        3,
        0,
        0,
        0,
        0,
        3,
        3,
        0
      ]
    ]
  },
  "features": {
    "color_entropy": 1.584962500721156,
    "max_chain_depth": 8.0,
    "avg_cluster_size": 1.2857142857142858,
    "floating_potential": 1.3518518518518519,
    "density": 0.225,
    "shot_pressure": 0.7777777777777778
  },
  "bots": {
    "weak": {
      "bot_name": "weak",
      "runs": 60,
      "clear_rate": 0.9166666666666666,
      "eac": 27.509090909090908,
      "eac_all": 28.716666666666665,
      "avg_popped": 46.5
    },
    "medium": {
      "bot_name": "medium",
      "runs": 60,
      "clear_rate": 0.9333333333333333,
      "eac": 23.321428571428573,
      "eac_all": 24.566666666666666,
      "avg_popped": 42.43333333333333
    },
    "strong": {
      "bot_name": "strong",
      "runs": 60,
      "clear_rate": 0.9666666666666667,
      "eac": 15.155172413793103,
      "eac_all": 16.05,
      "avg_popped": 33.95
    }
  },
  "spec": {
    "target_features": {
      "color_entropy": 1.6133848174425338,
      "max_chain_depth": 5,
      "floating_potential": 1.388628681491781,
      "density": 0.5474565746911544
    },
    "weights": {
      "color_entropy": 1.0,
      "max_chain_depth": 0.5,
      "floating_potential": 1.0,
      "density": 2.0
    },
    "rows": 8,
    "cols": 10,
    "num_colors": 3,
    "shots_remaining": 14,
    "target_density": 0.5474565746911544,
    "num_seeds": 6,
    "level_index": 12,
    "symmetric": false,
    "symmetry_axis": "horizontal"
  }
}