{
  "level_id": "L013",
  "board": {
    "rows": 8,
    "cols": 10,
    "num_colors": 3,
    "shots_remaining": 14,
    "seed": 1013,
    "cells": [
      [
        0,
        2,
        3,
        2,
        3,
        3,
        2,
        3,
        2,
        0
      ],
      [
        1,
        3,
        2,
        2,
        1,
        1,
        2,
        2,
        3,
        1
      ],
      [
        2,
        2,
        3,
        3,
        1,
        1,
        3,
        3,
        2,
        2
      ],
      [
        1,
        3,
        1,
        2,
        1,
        1,
        2,
        1,
        3,
        1
      ],
      [
        0,
        2,
        0,
        0,
        0,
        0,
        0,
        0,
        2,
        0
      ],
      [
        0,
        3,
        0,
        0,
        0,
        0,
        0,
        0,
        3,
        0
      ],
      [
        0,
        0,
        0,
        0,
        0,
        0,
        0,
        0,
        0,
        0
      ],
      [
        0,
        0,
        0,
        2,
        0,
        0,
        2,
        0,
        0,
        0
      ]
    ]
  },
  "features": {
    "color_entropy": 1.5644050517413437,
    "max_chain_depth": 11.0,
    "avg_cluster_size": 1.76,
    "floating_potential": 0.7435897435897436,
    "density": 0.55,
    "shot_pressure": 0.3181818181818182
  },
  "bots": {
    "weak": {
      "bot_name": "weak",
      "runs": 60,
      "clear_rate": 0.9833333333333333,
      "eac": 19.0,
      "eac_all": 19.383333333333333,
      "avg_popped": 63.35
    },
    "medium": {
      "bot_name": "medium",
      "runs": 60,
      "clear_rate": 1.0,
      "eac": 9.883333333333333,
      "eac_all": 9.883333333333333,
      "avg_popped": 53.88333333333333
    },
    "strong": {
      "bot_name": "strong",
      "runs": 60,
      "clear_rate": 1.0,
      "eac": 9.05,
      "eac_all": 9.05,
      "avg_popped": 53.05
    }
  },
  "spec": {
    "target_features": {
      "color_entropy": 1.562762627243039,
      "max_chain_depth": 11,
      "floating_potential": 0.7291415451620611,
      "density": 0.46785351242925993
    },
    "weights": {
      "color_entropy": 1.0,
      "max_chain_depth": 0.5,
      "floating_potential": 1.0,
      "density": 2.0
    },
    "rows": 8,
    "cols": 10,
    "num_colors": 3,
    "shots_remaining": 14,
    "target_density": 0.46785351242925993,
    "num_seeds": 5,
    "level_index": 13,
    "symmetric": false,
    "symmetry_axis": "horizontal"
  }
}