{
  "level_id": "L015",
  "board": {
    "rows": 8,
    "cols": 10,
    "num_colors": 3,
    "shots_remaining": 14,
    "seed": 1015,
    "cells": [
      [
        3,
        0,
        0,
        0,
        0,
        0,
        0,
        0,
        0,
        3
      ],
      [
        2,
        0,
        2,
        0,
        0,
        0,
        0,
        2,
        0,
        2
      ],
      [
        1,
        3,
        1,
        3,
        1,
        1,
        3,
        1,
        3,
        1
      ],
      [
        3,
        0,
        3,
        2,
        2,
        2,
        2,
        3,
        0,
        3
      ],
      [
        0,
        3,
        1,
        3,
        2,
        2,
        3,
        1,
        3,
        0
      ],
      [
        0,
        2,
        1,
        2,
        3,
        3,
        2,
        1,
        2,
        0
      ],
      [
        0,
        0,
        1,
        3,
        3,
        3,
        3,
        1,
        0,
        0
      ],
      [
        0,
        0,
        2,
        3,
        3,
        3,
        3,
        2,
        0,
        0
      ]
    ]
  },
  "features": {
    "color_entropy": 1.5262349099495227,
    "max_chain_depth": 9.0,
    "avg_cluster_size": 2.08,
    "floating_potential": 1.04,
    "density": 0.65,
    "shot_pressure": 0.2692307692307692
  },
  "bots": {
    "weak": {
      "bot_name": "weak",
      "runs": 60,
      "clear_rate": 0.9833333333333333,
      "eac": 17.93220338983051,
      "eac_all": 18.333333333333332,
      "avg_popped": 70.28333333333333
    },
    "medium": {
      "bot_name": "medium",
      "runs": 60,
      "clear_rate": 0.9833333333333333,
      "eac": 13.389830508474576,
      "eac_all": 13.866666666666667,
      "avg_popped": 65.85
    },
    "strong": {
      "bot_name": "strong",
      "runs": 60,
      "clear_rate": 1.0,
      "eac": 12.45,
      "eac_all": 12.45,
      "avg_popped": 64.45
    }
  },
  "spec": {
    "target_features": {
      "color_entropy": 1.5220337069468368,
      "max_chain_depth": 9,
      "floating_potential": 1.0036770502776813,
      "density": 0.622547611874835
    },
    "weights": {
      "color_entropy": 1.0,
      "max_chain_depth": 0.5,
      "floating_potential": 1.0,
      "density": 2.0
    },
    "rows": 8,
    "cols": 10,
    "num_colors": 3,
    "shots_remaining": 14,
    "target_density": 0.622547611874835,
    "num_seeds": 5,
    "level_index": 15,
    "symmetric": false,
    "symmetry_axis": "horizontal"
  }
}