{
  "level_id": "L016",
  "board": {
    "rows": 8,
    "cols": 10,
    "num_colors": 3,
    "shots_remaining": 14,
    "seed": 1016,
    "cells": [
      [
        0,
        2,
        3,
        1,
        2,
        1,
        3,
        1,
        3,
        0
      ],
      [
        1,
        3,
        0,
        0,
        3,
        1,
        1,
        2,
        0,
        1
      ],
      [
        2,
        3,
        1,
        0,
        0,
        2,
        0,
        0,
        3,
        2
      ],
      [
        1,
        2,
        2,
        0,
        0,
        0,
        3,
        1,
        0,
        1
      ],
      [
        1,
        2,
        2,
        0,
        0,
        0,
        3,
        1,
        0,
        1
      ],
      [
        2,
        3,
        1,
        0,
        0,
        2,
        0,
        0,
        3,
        2
      ],
      [
        1,
        3,
        0,
        0,
        3,
        1,
        1,
        2,
        0,
        1
      ],
      [
        0,
        2,
        3,
        1,
        2,
        1,
        3,
        1,
        3,
        0
      ]
    ]
  },
  "features": {
    "color_entropy": 1.5677116575334584,
    "max_chain_depth": 9.0,
    "avg_cluster_size": 1.4210526315789473,
    "floating_potential": 1.4933333333333334,
    "density": 0.675,
    "shot_pressure": 0.25925925925925924
  },
  "bots": {
    "weak": {
      "bot_name": "weak",
      "runs": 60,
      "clear_rate": 0.9666666666666667,
      "eac": 23.155172413793103,
      "eac_all": 23.783333333333335,
      "avg_popped": 77.71666666666667
    },
    "medium": {
      "bot_name": "medium",
      "runs": 60,
      "clear_rate": 1.0,
      "eac": 23.45,
      "eac_all": 23.45,
      "avg_popped": 77.45
    },
    "strong": {
      "bot_name": "strong",
      "runs": 60,
      "clear_rate": 1.0,
      "eac": 18.2,
      "eac_all": 18.2,
      "avg_popped": 72.2
    }
  },
  "spec": {
    "target_features": {
      "color_entropy": 1.9483385680594123,
      "max_chain_depth": 9,
      "floating_potential": 0.6318009855670281,
      "density": 0.6157080952075045
    },
    "weights": {
      "color_entropy": 1.0,
      "max_chain_depth": 0.5,
      "floating_potential": 1.0,
      "density": 2.0
    },
    "rows": 8,
    "cols": 10,
    "num_colors": 3,
    "shots_remaining": 14,
    "target_density": 0.6157080952075045,
    "num_seeds": 5,
    "level_index": 16,
    "symmetric": false,
    "symmetry_axis": "vertical"
  }
}