{
  "level_id": "L017",
  "board": {
    "rows": 8,
    "cols": 10,
    "num_colors": 4,
    "shots_remaining": 16,
    "seed": 1017,
    "cells": [
      [
        2,
        0,
        2,
        0,
        2,
        2,
        0,
        2,
        0,
        2
      ],
      [
        2,
        3,
        3,
        0,
        0,
        0,
        0,
        3,
        3,
        2
      ],
      [
        3,
        2,
        1,
        4,
        0,
        0,
        4,
        1,
        2,
        3
      ],
      [
        3,
        3,
        2,
        1,
        0,
        0,
        1,
        2,
        3,
        3
      ],
      [
        2,
        2,
        2,
        2,
        3,
        3,
        2,
        2,
        2,
        2
      ],
      [
        3,
        0,
        0,
        1,
        3,
        3,
        1,
        0,
        0,
        3
      ],
      [
        2,
        0,
        0,
        0,
        2,
        2,
        0,
        0,
        0,
        2
      ],
      [
        0,
        0,
        0,
        0,
        0,
        0,
        0,
        0,
        0,
        0
      ]
    ]
  },
  "features": {
    "color_entropy": 1.5943609377704338,
    "max_chain_depth": 9.0,
    "avg_cluster_size": 2.0869565217391304,
    "floating_potential": 1.1851851851851851,
    "density": 0.6,
    "shot_pressure": 0.3333333333333333
  },
  "bots": {
    "weak": {
      "bot_name": "weak",
      "runs": 60,
      "clear_rate": 0.8166666666666667,
      "eac": 30.346938775510203,
      "eac_all": 33.583333333333336,
      "avg_popped": 80.78333333333333
    },
    "medium": {
      "bot_name": "medium",
      "runs": 60,
      "clear_rate": 0.9333333333333333,
      "eac": 19.339285714285715,
      "eac_all": 21.25,
      "avg_popped": 69.08333333333333
    },
    "strong": {
      "bot_name": "strong",
      "runs": 60,
      "clear_rate": 1.0,
      "eac": 12.433333333333334,
      "eac_all": 12.433333333333334,
      "avg_popped": 60.43333333333333
    }
  },
  "spec": {
    "target_features": {
      "color_entropy": 1.5472509069735776,
      "max_chain_depth": 9,
      "floating_potential": 1.1439955070033245,
      "density": 0.5722100555109342
    },
    "weights": {
      "color_entropy": 1.0,
      "max_chain_depth": 0.5,
      "floating_potential": 1.0,
      "density": 2.0
    },
    "rows": 8,
    "cols": 10,
    "num_colors": 4,
    "shots_remaining": 16,
    "target_density": 0.5722100555109342,
    "num_seeds": 4,
    "level_index": 17,
    "symmetric": false,
    "symmetry_axis": "horizontal"
  }
}