{
  "level_id": "L018",
  "board": {
    "rows": 8,
    "cols": 10,
    "num_colors": 4,
    "shots_remaining": 16,
    "seed": 1018,
    "cells": [
      [
        0,
        2,
        2,
        0,
        1,
        2,
        0,
        2,
        2,
        0
      ],
      [
        0,
        1,
        3,
        2,
        1,
        2,
        1,
        3,
        1,
        0
      ],
      [
        2,
        1,
        0,
        0,
        3,
        0,
        2,
        0,
        2,
        1
      ],
      [
        2,
        0,
        0,
        2,
        0,
        0,
        0,
        0,
        2,
        0
      ],
      [
        2,
        0,
        0,
        2,
        0,
        0,
        0,
        0,
        2,
        0
      ],
      [
        2,
        1,
        0,
        0,
        3,
        0,
        2,
        0,
        2,
        1
      ],
      [
        0,
        1,
        3,
        2,
        1,
        2,
        1,
        3,
        1,
        0
      ],
      [
        0,
        2,
        2,
        0,
        1,
        2,
        0,
        2,
        2,
        0
      ]
    ]
  },
  "features": {
    "color_entropy": 1.370862465083061,
    "max_chain_depth": 9.0,
    "avg_cluster_size": 1.7692307692307692,
    "floating_potential": 1.4705882352941178,
    "density": 0.575,
    "shot_pressure": 0.34782608695652173
  },
  "bots": {
    "weak": {
      "bot_name": "weak",
      "runs": 60,
      "clear_rate": 0.9333333333333333,
      "eac": 21.285714285714285,
      "eac_all": 23.066666666666666,
      "avg_popped": 68.75
    },
    "medium": {
      "bot_name": "medium",
      "runs": 60,
      "clear_rate": 0.9666666666666667,
      "eac": 14.862068965517242,
      "eac_all": 15.966666666666667,
      "avg_popped": 61.833333333333336
    },
    "strong": {
      "bot_name": "strong",
      "runs": 60,
      "clear_rate": 1.0,
      "eac": 10.7,
      "eac_all": 10.7,
      "avg_popped": 56.7
    }
  },
  "spec": {
    "target_features": {
      "color_entropy": 1.3058083915481562,
      "max_chain_depth": 9,
      "floating_potential": 1.4395493549301346,
      "density": 0.589391939417376
    },
    "weights": {
      "color_entropy": 1.0,
      "max_chain_depth": 0.5,
      "floating_potential": 1.0,
      "density": 2.0
    },
    "rows": 8,
    "cols": 10,
    "num_colors": 4,
    "shots_remaining": 16,
    "target_density": 0.589391939417376,
    "num_seeds": 4,
    "level_index": 18,
    "symmetric": false,
    "symmetry_axis": "vertical"
  }
}