{
  "level_id": "L019",
  "board": {
    "rows": 8,
    "cols": 10,
    "num_colors": 3,
    "shots_remaining": 14,
    "seed": 1019,
    "cells": [
      [
        2,
        0,
        0,
        3,
        2,
        2,
        3,
        0,
        0,
        2
      ],
      [
        2,
        1,
        2,
        1,
        0,
        0,
        1,
        2,
        1,
        2
      ],
      [
        0,
        0,
        3,
        2,
        0,
        0,
        2,
        3,
        0,
        0
      ],
      [
        2,
        3,
        2,
        1,
        0,
        0,
        1,
        2,
        3,
        2
      ],
      [
        2,
        1,
        1,
        3,
        0,
        0,
        3,
        1,
        1,
        2
      ],
      [
        0,
        3,
        2,
        0,
        0,
        0,
        0,
        2,
        3,
        0
      ],
      [
        0,
        1,
        0,
        0,
        0,
        0,
        0,
        0,
        1,
        0
      ],
      [
        0,
        2,
        1,
        0,
        0,
        0,
        0,
        1,
        2,
        0
      ]
    ]
  },
  "features": {
    "color_entropy": 1.5285040787412216,
    "max_chain_depth": 6.0,
    "avg_cluster_size": 1.375,
    "floating_potential": 1.0222222222222221,
    "density": 0.55,
    "shot_pressure": 0.3181818181818182
  },
  "bots": {
    "weak": {
      "bot_name": "weak",
      "runs": 60,
      "clear_rate": 0.9833333333333333,
      "eac": 23.440677966101696,
      "eac_all": 23.75,
      "avg_popped": 67.68333333333334
    },
    "medium": {
      "bot_name": "medium",
      "runs": 60,
      "clear_rate": 1.0,
      "eac": 16.466666666666665,
      "eac_all": 16.466666666666665,
      "avg_popped": 60.46666666666667
    },
    "strong": {
      "bot_name": "strong",
      "runs": 60,
      "clear_rate": 1.0,
      "eac": 15.2,
      "eac_all": 15.2,
      "avg_popped": 59.2
    }
  },
  "spec": {
    "target_features": {
      "color_entropy": 1.4204640302864915,
      "max_chain_depth": 6,
      "floating_potential": 0.9561458122385437,
      "density": 0.47448554365629025
    },
    "weights": {
      "color_entropy": 1.0,
      "max_chain_depth": 0.5,
      "floating_potential": 1.0,
      "density": 2.0
    },
    "rows": 8,
    "cols": 10,
    "num_colors": 3,
    "shots_remaining": 14,
    "target_density": 0.47448554365629025,
    "num_seeds": 7,
    "level_index": 19,
    "symmetric": false,
    "symmetry_axis": "horizontal"
  }
}