{
  "level_id": "L020",
  "board": {
    "rows": 8,
    "cols": 10,
    "num_colors": 5,
    "shots_remaining": 18,
    "seed": 1020,
    "cells": [
      [
        0,
        5,
        3,
        0,
        5,
        0,
        0,
        0,
        0,
        0
      ],
      [
        3,
        3,
        0,
        4,
        3,
        3,
        4,
        3,
        0,
        0
      ],
      [
        0,
        5,
        0,
        5,
        5,
        0,
        2,
        0,
        0,
        0
      ],
      [
        0,
        3,
        0,
        3,
        3,
        4,
        5,
        3,
        3,
        0
      ],
      [
        0,
        3,
        0,
        3,
        3,
        4,
        5,
        3,
        3,
        0
      ],
      [
        0,
        5,
        0,
        5,
        5,
        0,
        2,
        0,
        0,
        0
      ],
      [
        3,
        3,
        0,
        4,
        3,
        3,
        4,
        3,
        0,
        0
      ],
      [
        0,
        5,
        3,
        0,
        5,
        0,
        0,
        0,
        0,
        0
      ]
    ]
  },
  "features": {
    "color_entropy": 1.615250265088252,
    "max_chain_depth": 7.0,
    "avg_cluster_size": 1.6153846153846154,
    "floating_potential": 0.9878787878787879,
    "density": 0.525,
    "shot_pressure": 0.42857142857142855
  },
  "bots": {
    "weak": {
      "bot_name": "weak",
      "runs": 60,
      "clear_rate": 0.5833333333333334,
      "eac": 36.57142857142857,
      "eac_all": 43.833333333333336,
      "avg_popped": 84.01666666666667
    },
    "medium": {
      "bot_name": "medium",
      "runs": 60,
      "clear_rate": 0.6,
      "eac": 36.888888888888886,
      "eac_all": 43.733333333333334,
      "avg_popped": 84.13333333333334
    },
    "strong": {
      "bot_name": "strong",
      "runs": 60,
      "clear_rate": 0.9,
      "eac": 27.962962962962962,
      "eac_all": 30.566666666666666,
      "avg_popped": 72.1
    }
  },
  "spec": {
    "target_features": {
      "color_entropy": 1.3752301760050392,
      "max_chain_depth": 4,
      "floating_potential": 0.8600191158847705,
      "density": 0.5200952228888265
    },
    "weights": {
      "color_entropy": 1.0,
      "max_chain_depth": 0.5,
      "floating_potential": 1.0,
      "density": 2.0
    },
    "rows": 8,
    "cols": 10,
    "num_colors": 5,
    "shots_remaining": 18,
    "target_density": 0.5200952228888265,
    "num_seeds": 7,
    "level_index": 20,
    "symmetric": false,
    "symmetry_axis": "vertical"
  }
}