{
  "level_id": "L021",
  "board": {
    "rows": 8,
    "cols": 10,
    "num_colors": 4,
    "shots_remaining": 16,
    "seed": 1021,
    "cells": [
      [
        1,
        3,
        1,
        3,
        1,
        1,
        3,
        1,
        3,
        1
      ],
      [
        0,
        1,
        1,
        4,
        1,
        1,
        4,
        1,
        1,
        0
      ],
      [
        1,
        1,
        1,
        3,
        3,
        3,
        3,
        1,
        1,
        1
      ],
      [
        0,
        3,
        0,
        1,
        0,
        0,
        1,
        0,
        3,
        0
      ],
      [
        0,
        0,
        0,
        1,
        0,
        0,
        1,
        0,
        0,
        0
      ],
      [
        0,
        0,
        0,
        3,
        0,
        0,
        3,
        0,
        0,
        0
      ],
      [
        0,
        0,
        1,
        2,
        4,
        4,
        2,
        1,
        0,
        0
      ],
      [
        0,
        0,
        0,
        0,
        0,
        0,
        0,
        0,
        0,
        0
      ]
    ]
  },
  "features": {
    "color_entropy": 1.5099686126368168,
    "max_chain_depth": 11.0,
    "avg_cluster_size": 2.0,
    "floating_potential": 1.2758620689655173,
    "density": 0.525,
    "shot_pressure": 0.38095238095238093
  },
  "bots": {
    "weak": {
      "bot_name": "weak",
      "runs": 60,
      "clear_rate": 0.8833333333333333,
      "eac": 23.41509433962264,
      "eac_all": 26.283333333333335,
      "avg_popped": 67.91666666666667
    },
    "medium": {
      "bot_name": "medium",
      "runs": 60,
      "clear_rate": 0.9333333333333333,
      "eac": 22.696428571428573,
      "eac_all": 24.383333333333333,
      "avg_popped": 66.2
    },
    "strong": {
      "bot_name": "strong",
      "runs": 60,
      "clear_rate": 0.9666666666666667,
      "eac": 18.155172413793103,
      "eac_all": 19.15,
      "avg_popped": 61.03333333333333
    }
  },
  "spec": {
    "target_features": {
      "color_entropy": 1.322131701112936,
      "max_chain_depth": 11,
      "floating_potential": 1.1885253124072128,
      "density": 0.45056440984803503
    },
    "weights": {
      "color_entropy": 1.0,
      "max_chain_depth": 0.5,
      "floating_potential": 1.0,
      "density": 2.0
    },
    "rows": 8,
    "cols": 10,
    "num_colors": 4,
    "shots_remaining": 16,
    "target_density": 0.45056440984803503,
    "num_seeds": 7,
    "level_index": 21,
    "symmetric": false,
    "symmetry_axis": "horizontal"
  }
}