{
  "level_id": "L026",
  "board": {
    "rows": 8,
    "cols": 10,
    "num_colors": 4,
    "shots_remaining": 16,
    "seed": 1026,
    "cells": [
      [
        0,
        0,
        2,
        0,
        2,
        2,
        0,
        2,
        0,
        0
      ],
      [
        0,
        3,
        1,
        3,
        0,
        0,
        3,
        1,
        3,
        0
      ],
      [
        2,
        4,
        2,
        0,
        0,
        0,
        0,
        2,
        4,
        2
      ],
      [
        3,
        1,
        3,
        1,
        0,
        0,
        1,
        3,
        1,
        3
      ],
      [
        2,
        0,
        2,
        3,
        2,
        2,
        3,
        2,
        0,
        2
      ],
      [
        2,
        0,
        0,
        1,
        0,
        0,
        1,
        0,
        0,
        2
      ],
      [
        1,
        0,
        0,
        2,
        0,
        0,
        2,
        0,
        0,
        1
      ],
      [
        3,
        0,
        0,
        3,
        0,
        0,
        3,
        0,
        0,
        3
      ]
    ]
  },
  "features": {
    "color_entropy": 1.7416838940090769,
    "max_chain_depth": 6.0,
    "avg_cluster_size": 1.1282051282051282,
    "floating_potential": 0.5,
    "density": 0.55,
    "shot_pressure": 0.36363636363636365
  },
  "bots": {
    "weak": {
      "bot_name": "weak",
      "runs": 60,
      "clear_rate": 0.8666666666666667,
      "eac": 27.73076923076923,
      "eac_all": 30.433333333333334,
      "avg_popped": 73.85
    },
    "medium": {
      "bot_name": "medium",
      "runs": 60,
      "clear_rate": 0.95,
      "eac": 17.75438596491228,
      "eac_all": 19.266666666666666,
      "avg_popped": 63.03333333333333
    },
    "strong": {
      "bot_name": "strong",
      "runs": 60,
      "clear_rate": 0.9833333333333333,
      "eac": 14.677966101694915,
      "eac_all": 15.233333333333333,
      "avg_popped": 59.18333333333333
    }
  },
  "spec": {
    "target_features": {
      "color_entropy": 1.7465259004352154,
      "max_chain_depth": 6,
      "floating_potential": 0.49482941629458527,
      "density": 0.5538874874530977
    },
    "weights": {
      "color_entropy": 1.0,
      "max_chain_depth": 0.5,
      "floating_potential": 1.0,
      "density": 2.0
    },
    "rows": 8,
    "cols": 10,
    "num_colors": 4,
    "shots_remaining": 16,
    "target_density": 0.5538874874530977,
    "num_seeds": 4,
    "level_index": 26,
    "symmetric": false,
    "symmetry_axis": "horizontal"
  }
}