{
  "level_id": "L029",
  "board": {
    "rows": 8,
    "cols": 10,
    "num_colors": 5,
    "shots_remaining": 18,
    "seed": 1029,
    "cells": [
      [
        2,
        0,
        0,
        2,
        2,
        1,
        2,
        0,
        2,
        0
      ],
      [
        1,
        0,
        0,
        0,
        2,
        0,
        0,
        2,
        2,
        0
      ],
      [
        2,
        0,
        0,
        1,
        5,
        1,
        0,
        1,
        3,
        0
      ],
      [
        0,
        1,
        2,
        3,
        2,
        2,
        1,
        0,
        2,
        2
      ],
      [
        0,
        1,
        2,
        3,
        2,
        2,
        1,
        0,
        2,
        2
      ],
      [
        2,
        0,
        0,
        1,
        5,
        1,
        0,
        1,
        3,
        0
      ],
      [
        1,
        0,
        0,
        0,
        2,
        0,
        0,
        2,
        2,
        0
      ],
      [
        2,
        0,
        0,
        2,
        2,
        1,
        2,
        0,
        2,
        0
      ]
    ]
  },
  "features": {
    "color_entropy": 1.4618602772540858,
    "max_chain_depth": 8.0,
    "avg_cluster_size": 1.7777777777777777,
    "floating_potential": 1.335483870967742,
    "density": 0.6,
    "shot_pressure": 0.375
  },
  "bots": {
    "weak": {
      "bot_name": "weak",
      "runs": 60,
      "clear_rate": 0.4166666666666667,
      "eac": 36.28,
      "eac_all": 46.61666666666667,
      "avg_popped": 92.3
    },
    "medium": {
      "bot_name": "medium",
      "runs": 60,
      "clear_rate": 0.8333333333333334,
      "eac": 29.52,
      "eac_all": 33.6,
      "avg_popped": 80.81666666666666
    },
    "strong": {
      "bot_name": "strong",
      "runs": 60,
      "clear_rate": 0.9166666666666666,
      "eac": 27.272727272727273,
      "eac_all": 29.5,
      "avg_popped": 77.1
    }
  },
  "spec": {
    "target_features": {
      "color_entropy": 1.3027973017316652,
      "max_chain_depth": 8,
      "floating_potential": 1.3754463116930684,
      "density": 0.5261259333328706
    },
    "weights": {
      "color_entropy": 1.0,
      "max_chain_depth": 0.5,
      "floating_potential": 1.0,
      "density": 2.0
    },
    "rows": 8,
    "cols": 10,
    "num_colors": 5,
    "shots_remaining": 18,
    "target_density": 0.5261259333328706,
    "num_seeds": 8,
    "level_index": 29,
    "symmetric": false,
    "symmetry_axis": "vertical"
  }
}