{
  "level_id": "L032",
  "board": {
    "rows": 8,
    "cols": 10,
    "num_colors": 5,
    "shots_remaining": 18,
    "seed": 1032,
    "cells": [
      [
        5,
        5,
        5,
        0,
        0,
        0,
        0,
        5,
        5,
        5
      ],
      [
        5,
        5,
        5,
        0,
        0,
        0,
        0,
        5,
        5,
        5
      ],
      [
        3,
        3,
        5,
        3,
        0,
        0,
        3,
        5,
        3,
        3
      ],
      [
        5,
        1,
        3,
        1,
        5,
        5,
        1,
        3,
        1,
        5
      ],
      [
        0,
        0,
        1,
        5,
        0,
        0,
        5,
        1,
        0,
        0
      ],
      [
        5,
        0,
        0,
        1,
        0,
        0,
        1,
        0,
        0,
        5
      ],
      [
        5,
        5,
        3,
        3,
        5,
        5,
        3,
        3,
        5,
        5
      ],
      [
        0,
        5,
        0,
        0,
        0,
        0,
        0,
        0,
        5,
        0
      ]
    ]
  },
  "features": {
    "color_entropy": 1.3593308322365363,
    "max_chain_depth": 8.0,
    "avg_cluster_size": 2.5,
    "floating_potential": 1.5241379310344827,
    "density": 0.625,
    "shot_pressure": 0.36
  },
  "bots": {
    "weak": {
      "bot_name": "weak",
      "runs": 60,
      "clear_rate": 0.8833333333333333,
      "eac": 21.79245283018868,
      "eac_all": 25.55,
      "avg_popped": 75.11666666666666
    },
    "medium": {
      "bot_name": "medium",
      "runs": 60,
      "clear_rate": 0.9,
      "eac": 12.925925925925926,
      "eac_all": 17.033333333333335,
      "avg_popped": 66.6
    },
    "strong": {
      "bot_name": "strong",
      "runs": 60,
      "clear_rate": 1.0,
      "eac": 11.533333333333333,
      "eac_all": 11.533333333333333,
      "avg_popped": 61.53333333333333
    }
  },
  "spec": {
    "target_features": {
      "color_entropy": 1.3574287037679647,
      "max_chain_depth": 8,
      "floating_potential": 1.561258211757809,
      "density": 0.5905827638737848
    },
    "weights": {
      "color_entropy": 1.0,
      "max_chain_depth": 0.5,
      "floating_potential": 1.0,
      "density": 2.0
    },
    "rows": 8,
    "cols": 10,
    "num_colors": 5,
    "shots_remaining": 18,
    "target_density": 0.5905827638737848,
    "num_seeds": 5,
    "level_index": 32,
    "symmetric": false,
    "symmetry_axis": "horizontal"
  }
}