{
  "level_id": "L035",
  "board": {
    "rows": 8,
    "cols": 10,
    "num_colors": 5,
    "shots_remaining": 18,
    "seed": 1035,
    "cells": [
      [
        5,
        5,
        5,
        0,
        0,
        0,
        0,
        5,
        5,
        5
      ],
      [
        0,
        1,
        2,
        1,
        0,
        0,
        1,
        2,
        1,
        0
      ],
      [
        0,
        4,
        0,
        3,
        5,
        5,
        3,
        0,
        4,
        0
      ],
      [
        0,
        3,
        5,
        1,
        0,
        0,
        1,
        5,
        3,
        0
      ],
      [
        0,
        1,
        0,
        0,
        5,
        5,
        0,
        0,
        1,
        0
      ],
      [
        0,
        5,
        0,
        0,
        0,
        0,
        0,
        0,
        5,
        0
      ],
      [
        0,
        5,
        0,
        0,
        5,
        5,
        0,
        0,
        5,
        0
      ],
      [
        0,
        0,
        0,
        0,
        0,
        0,
        0,
        0,
        0,
        0
      ]
    ]
  },
  "features": {
    "color_entropy": 1.8210319581338212,
    "max_chain_depth": 8.0,
    "avg_cluster_size": 1.36,
    "floating_potential": 0.8571428571428571,
    "density": 0.425,
    "shot_pressure": 0.5294117647058824
  },
  "bots": {
    "weak": {
      "bot_name": "weak",
      "runs": 60,
      "clear_rate": 0.8833333333333333,
      "eac": 20.22641509433962,
      "eac_all": 24.166666666666668,
      "avg_popped": 57.56666666666667
    },
    "medium": {
      "bot_name": "medium",
      "runs": 60,
      "clear_rate": 0.9333333333333333,
      "eac": 14.857142857142858,
      "eac_all": 17.466666666666665,
      "avg_popped": 51.166666666666664
    },
    "strong": {
      "bot_name": "strong",
      "runs": 60,
      "clear_rate": 1.0,
      "eac": 10.966666666666667,
      "eac_all": 10.966666666666667,
      "avg_popped": 44.96666666666667
    }
  },
  "spec": {
    "target_features": {
      "color_entropy": 1.4461360729531731,
      "max_chain_depth": 8,
      "floating_potential": 0.5711534019844594,
      "density": 0.5623431306051648
    },
    "weights": {
      "color_entropy": 1.0,
      "max_chain_depth": 0.5,
      "floating_potential": 1.0,
      "density": 2.0
    },
    "rows": 8,
    "cols": 10,
    "num_colors": 5,
    "shots_remaining": 18,
    "target_density": 0.5623431306051648,
    "num_seeds": 5,
    "level_index": 35,
    "symmetric": false,
    "symmetry_axis": "horizontal"
  }
}