{
  "level_id": "L037",
  "board": {
    "rows": 8,
    "cols": 10,
    "num_colors": 5,
    "shots_remaining": 18,
    "seed": 1037,
    "cells": [
      [
        2,
        0,
        0,
        0,
        0,
        0,
        2,
        3,
        2,
        2
      ],
      [
        2,
        2,
        4,
        5,
        2,
        2,
        4,
        2,
        3,
        0
      ],
      [
        2,
        2,
        0,
        0,
        0,
        4,
        0,
        0,
        4,
        2
      ],
      [
        0,
        3,
        0,
        0,
        2,
        3,
        3,
        2,
        0,
        3
      ],
      [
        0,
        3,
        0,
        0,
        2,
        3,
        3,
        2,
        0,
        3
      ],
      [
        2,
        2,
        0,
        0,
        0,
        4,
        0,
        0,
        4,
        2
      ],
      [
        2,
        2,
        4,
        5,
        2,
        2,
        4,
        2,
        3,
        0
      ],
      [
        2,
        0,
        0,
        0,
        0,
        0,
        2,
        3,
        2,
        2
      ]
    ]
  },
  "features": {
    "color_entropy": 1.571346433249389,
    "max_chain_depth": 6.0,
    "avg_cluster_size": 1.9230769230769231,
    "floating_potential": 1.2733333333333334,
    "density": 0.625,
    "shot_pressure": 0.36
  },
  "bots": {
    "weak": {
      "bot_name": "weak",
      "runs": 60,
      "clear_rate": 0.7166666666666667,
      "eac": 33.48837209302326,
      "eac_all": 39.3,
      "avg_popped": 87.8
    },
    "medium": {
      "bot_name": "medium",
      "runs": 60,
      "clear_rate": 0.7666666666666667,
      "eac": 27.108695652173914,
      "eac_all": 33.38333333333333,
      "avg_popped": 82.33333333333333
    },
    "strong": {
      "bot_name": "strong",
      "runs": 60,
      "clear_rate": 0.9333333333333333,
      "eac": 19.821428571428573,
      "eac_all": 22.1,
      "avg_popped": 71.76666666666667
    }
  },
  "spec": {
    "target_features": {
      "color_entropy": 1.5285717423592828,
      "max_chain_depth": 6,
      "floating_potential": 1.2817139693054505,
      "density": 0.6261983556560354
    },
    "weights": {
      "color_entropy": 1.0,
      "max_chain_depth": 0.5,
      "floating_potential": 1.0,
      "density": 2.0
    },
    "rows": 8,
    "cols": 10,
    "num_colors": 5,
    "shots_remaining": 18,
    "target_density": 0.6261983556560354,
    "num_seeds": 4,
    "level_index": 37,
    "symmetric": false,
    "symmetry_axis": "vertical"
  }
}