{
  "level_id": "L038",
  "board": {
    "rows": 8,
    "cols": 10,
    "num_colors": 5,
    "shots_remaining": 18,
    "seed": 1038,
    "cells": [
      [
        4,
        0,
        4,
        0,
        4,
        4,
        0,
        4,
        0,
        4
      ],
      [
        4,
        0,
        4,
        0,
        0,
        0,
        0,
        4,
        0,
        4
      ],
      [
        4,
        1,
        1,
        0,
        0,
        0,
        0,
        1,
        1,
        4
      ],
      [
        0,
        0,
        2,
        0,
        0,
        0,
        0,
        2,
        0,
        0
      ],
      [
        0,
        0,
        1,
        5,
        4,
        4,
        5,
        1,
        0,
        0
      ],
      [
        4,
        3,
        3,
        4,
        0,
        0,
        4,
        3,
        3,
        4
      ],
      [
        1,
        0,
        0,
        0,
        0,
        0,
        0,
        0,
        0,
        1
      ],
      [
        4,
        0,
        0,
        0,
        0,
        0,
        0,
        0,
        0,
        4
      ]
    ]
  },
  "features": {
    "color_entropy": 1.768853837616,
    "max_chain_depth": 6.0,
    "avg_cluster_size": 1.565217391304348,
    "floating_potential": 0.9942857142857143,
    "density": 0.45,
    "shot_pressure": 0.5
  },
  "bots": {
    "weak": {
      "bot_name": "weak",
      "runs": 60,
      "clear_rate": 0.7,
      "eac": 26.166666666666668,
      "eac_all": 34.516666666666666,
      "avg_popped": 68.95
    },
    "medium": {
      "bot_name": "medium",
      "runs": 60,
      "clear_rate": 0.8,
      "eac": 26.291666666666668,
      "eac_all": 31.833333333333332,
      "avg_popped": 67.01666666666667
    },
    "strong": {
      "bot_name": "strong",
      "runs": 60,
      "clear_rate": 1.0,
      "eac": 15.733333333333333,
      "eac_all": 15.733333333333333,
      "avg_popped": 51.733333333333334
    }
  },
  "spec": {
    "target_features": {
      "color_entropy": 1.7283442711416104,
      "max_chain_depth": 4,
      "floating_potential": 0.9492808503282019,
      "density": 0.4141067902159788
    },
    "weights": {
      "color_entropy": 1.0,
      "max_chain_depth": 0.5,
      "floating_potential": 1.0,
      "density": 2.0
    },
    "rows": 8,
    "cols": 10,
    "num_colors": 5,
    "shots_remaining": 18,
    "target_density": 0.4141067902159788,
    "num_seeds": 7,
    "level_index": 38,
    "symmetric": false,
    "symmetry_axis": "horizontal"
  }
}