{
  "level_id": "L039",
  "board": {
    "rows": 8,
    "cols": 10,
    "num_colors": 5,
    "shots_remaining": 18,
    "seed": 1039,
    "cells": [
      [
        0,
        0,
        5,
        4,
        5,
        5,
        0,
        4,
        0,
        0
      ],
      [
        0,
        0,
        3,
        0,
        5,
        0,
        3,
        0,
        5,
        0
      ],
      [
        0,
        5,
        0,
        5,
        4,
        4,
        5,
        4,
        0,
        0
      ],
      [
        0,
        0,
        3,
        0,
        4,
        0,
        0,
        0,
        0,
        0
      ],
      [
        0,
        0,
        3,
        0,
        4,
        0,
        0,
        0,
        0,
        0
      ],
      [
        0,
        5,
        0,
        5,
        4,
        4,
        5,
        4,
        0,
        0
      ],
      [
        0,
        0,
        3,
        0,
        5,
        0,
        3,
        0,
        5,
        0
      ],
      [
        0,
        0,
        5,
        4,
        5,
        5,
        0,
        4,
        0,
        0
      ]
    ]
  },
  "features": {
    "color_entropy": 1.4836591643979626,
    "max_chain_depth": 11.0,
    "avg_cluster_size": 1.4782608695652173,
    "floating_potential": 1.0157894736842106,
    "density": 0.425,
    "shot_pressure": 0.5294117647058824
  },
  "bots": {
    "weak": {
      "bot_name": "weak",
      "runs": 60,
      "clear_rate": 0.7666666666666667,
      "eac": 30.0,
      "eac_all": 35.6,
      "avg_popped": 68.56666666666666
    },
    "medium": {
      "bot_name": "medium",
      "runs": 60,
      "clear_rate": 0.7833333333333333,
      "eac": 20.02127659574468,
      "eac_all": 27.383333333333333,
      "avg_popped": 60.46666666666667
    },
    "strong": {
      "bot_name": "strong",
      "runs": 60,
      "clear_rate": 0.9833333333333333,
      "eac": 16.508474576271187,
      "eac_all": 17.133333333333333,
      "avg_popped": 51.06666666666667
    }
  },
  "spec": {
    "target_features": {
      "color_entropy": 1.368992367671975,
      "max_chain_depth": 11,
      "floating_potential": 0.9613053460358776,
      "density": 0.39576908747211015
    },
    "weights": {
      "color_entropy": 1.0,
      "max_chain_depth": 0.5,
      "floating_potential": 1.0,
      "density": 2.0
    },
    "rows": 8,
    "cols": 10,
    "num_colors": 5,
    "shots_remaining": 18,
    "target_density": 0.39576908747211015,
    "num_seeds": 5,
    "level_index": 39,
    "symmetric": false,
    "symmetry_axis": "vertical"
  }
}