{
  "level_id": "L040",
  "board": {
    "rows": 8,
    "cols": 10,
    "num_colors": 6,
    "shots_remaining": 20,
    "seed": 1040,
    "cells": [
      [
        5,
        0,
        0,
        0,
        5,
        5,
        0,
        0,
        0,
        0
      ],
      [
        5,
        1,
        1,
        3,
        6,
        5,
        5,
        0,
        0,
        0
      ],
      [
        0,
        1,
        6,
        0,
        5,
        0,
        0,
        0,
        0,
        0
      ],
      [
        5,
        0,
        3,
        0,
        1,
        1,
        0,
        0,
        0,
        0
      ],
      [
        5,
        0,
        3,
        0,
        1,
        1,
        0,
        0,
        0,
        0
      ],
      [
        0,
        1,
        6,
        0,
        5,
        0,
        0,
        0,
        0,
        0
      ],
      [
        5,
        1,
        1,
        3,
        6,
        5,
        5,
        0,
        0,
        0
      ],
      [
        5,
        0,
        0,
        0,
        5,
        5,
        0,
        0,
        0,
        0
      ]
    ]
  },
  "features": {
    "color_entropy": 1.7574839898128802,
    "max_chain_depth": 6.0,
    "avg_cluster_size": 2.125,
    "floating_potential": 1.2678571428571428,
    "density": 0.425,
    "shot_pressure": 0.5882352941176471
  },
  "bots": {
    "weak": {
      "bot_name": "weak",
      "runs": 60,
      "clear_rate": 0.7333333333333333,
      "eac": 22.068181818181817,
      "eac_all": 32.18333333333333,
      "avg_popped": 64.8
    },
    "medium": {
      "bot_name": "medium",
      "runs": 60,
      "clear_rate": 0.5666666666666667,
      "eac": 24.705882352941178,
      "eac_all": 40.0,
      "avg_popped": 71.81666666666666
    },
    "strong": {
      "bot_name": "strong",
      "runs": 60,
      "clear_rate": 1.0,
      "eac": 14.516666666666667,
      "eac_all": 14.516666666666667,
      "avg_popped": 48.516666666666666
    }
  },
  "spec": {
    "target_features": {
      "color_entropy": 1.4204415847469078,
      "max_chain_depth": 4,
      "floating_potential": 1.3380432736454462,
      "density": 0.41709438971526697
    },
    "weights": {
      "color_entropy": 1.0,
      "max_chain_depth": 0.5,
      "floating_potential": 1.0,
      "density": 2.0
    },
    "rows": 8,
    "cols": 10,
    "num_colors": 6,
    "shots_remaining": 20,
    "target_density": 0.41709438971526697,
    "num_seeds": 6,
    "level_index": 40,
    "symmetric": false,
    "symmetry_axis": "vertical"
  }
}