{
  "level_id": "L041",
  "board": {
    "rows": 8,
    "cols": 10,
    "num_colors": 6,
    "shots_remaining": 20,
    "seed": 1041,
    "cells": [
      [
        3,
        3,
        3,
        1,
        0,
        0,
        0,
        0,
        0,
        3
      ],
      [
        3,
        3,
        0,
        1,
        3,
        0,
        0,
        2,
        5,
        0
      ],
      [
        3,
        1,
        2,
        0,
        3,
        1,
        0,
        3,
        1,
        0
      ],
      [
        1,
        3,
        1,
        3,
        0,
        0,
        0,
        0,
        3,
        0
      ],
      [
        1,
        3,
        1,
        3,
        0,
        0,
        0,
        0,
        3,
        0
      ],
      [
        3,
        1,
        2,
        0,
        3,
        1,
        0,
        3,
        1,
        0
      ],
      [
        3,
        3,
        0,
        1,
        3,
        0,
        0,
        2,
        5,
        0
      ],
      [
        3,
        3,
        3,
        1,
        0,
        0,
        0,
        0,
        0,
        3
      ]
    ]
  },
  "features": {
    "color_entropy": 1.4906401825684292,
    "max_chain_depth": 10.0,
    "avg_cluster_size": 2.090909090909091,
    "floating_potential": 0.8888888888888888,
    "density": 0.575,
    "shot_pressure": 0.43478260869565216
  },
  "bots": {
    "weak": {
      "bot_name": "weak",
      "runs": 60,
      "clear_rate": 0.36666666666666664,
      "eac": 38.90909090909091,
      "eac_all": 52.266666666666666,
      "avg_popped": 95.2
    },
    "medium": {
      "bot_name": "medium",
      "runs": 60,
      "clear_rate": 0.6833333333333333,
      "eac": 40.19512195121951,
      "eac_all": 46.46666666666667,
      "avg_popped": 90.78333333333333
    },
    "strong": {
      "bot_name": "strong",
      "runs": 60,
      "clear_rate": 0.9,
      "eac": 30.444444444444443,
      "eac_all": 33.4,
      "avg_popped": 78.85
    }
  },
  "spec": {
    "target_features": {
      "color_entropy": 1.4204754263814783,
      "max_chain_depth": 10,
      "floating_potential": 0.7897977017713764,
      "density": 0.4902663569488124
    },
    "weights": {
      "color_entropy": 1.0,
      "max_chain_depth": 0.5,
      "floating_potential": 1.0,
      "density": 2.0
    },
    "rows": 8,
    "cols": 10,
    "num_colors": 6,
    "shots_remaining": 20,
    "target_density": 0.4902663569488124,
    "num_seeds": 4,
    "level_index": 41,
    "symmetric": false,
    "symmetry_axis": "vertical"
  }
}