{
  "level_id": "L042",
  "board": {
    "rows": 8,
    "cols": 10,
    "num_colors": 6,
    "shots_remaining": 20,
    "seed": 1042,
    "cells": [
      [
        0,
        0,
        1,
        0,
        1,
        0,
        0,
        0,
        0,
        1
      ],
      [
        0,
        0,
        0,
        5,
        0,
        4,
        1,
        4,
        4,
        5
      ],
      [
        0,
        5,
        1,
        4,
        1,
        5,
        5,
        1,
        5,
        1
      ],
      [
        0,
        0,
        0,
        5,
        0,
        0,
        0,
        5,
        4,
        1
      ],
      [
        0,
        0,
        0,
        5,
        0,
        0,
        0,
        5,
        4,
        1
      ],
      [
        0,
        5,
        1,
        4,
        1,
        5,
        5,
        1,
        5,
        1
      ],
      [
        0,
        0,
        0,
        5,
        0,
        4,
        1,
        4,
        4,
        5
      ],
      [
        0,
        0,
        1,
        0,
        1,
        0,
        0,
        0,
        0,
        1
      ]
    ]
  },
  "features": {
    "color_entropy": 1.5440240964819507,
    "max_chain_depth": 8.0,
    "avg_cluster_size": 1.4666666666666666,
    "floating_potential": 0.5303030303030303,
    "density": 0.55,
    "shot_pressure": 0.45454545454545453
  },
  "bots": {
    "weak": {
      "bot_name": "weak",
      "runs": 60,
      "clear_rate": 0.43333333333333335,
      "eac": 33.46153846153846,
      "eac_all": 48.5,
      "avg_popped": 89.61666666666666
    },
    "medium": {
      "bot_name": "medium",
      "runs": 60,
      "clear_rate": 0.6,
      "eac": 31.555555555555557,
      "eac_all": 42.93333333333333,
      "avg_popped": 84.66666666666667
    },
    "strong": {
      "bot_name": "strong",
      "runs": 60,
      "clear_rate": 0.7833333333333333,
      "eac": 30.25531914893617,
      "eac_all": 36.7,
      "avg_popped": 79.56666666666666
    }
  },
  "spec": {
    "target_features": {
      "color_entropy": 1.524411011192569,
      "max_chain_depth": 8,
      "floating_potential": 0.5533239658700027,
      "density": 0.5728005104438254
    },
    "weights": {
      "color_entropy": 1.0,
      "max_chain_depth": 0.5,
      "floating_potential": 1.0,
      "density": 2.0
    },
    "rows": 8,
    "cols": 10,
    "num_colors": 6,
    "shots_remaining": 20,
    "target_density": 0.5728005104438254,
    "num_seeds": 4,
    "level_index": 42,
    "symmetric": false,
    "symmetry_axis": "vertical"
  }
}