{
  "level_id": "L044",
  "board": {
    "rows": 8,
    "cols": 10,
    "num_colors": 6,
    "shots_remaining": 20,
    "seed": 1044,
    "cells": [
      [
        3,
        0,
        0,
        0,
        1,
        3,
        0,
        6,
        0,
        0
      ],
      [
        3,
        0,
        2,
        0,
        0,
        2,
        1,
        3,
        2,
        3
      ],
      [
        3,
        3,
        1,
        0,
        2,
        0,
        0,
        0,
        0,
        3
      ],
      [
        1,
        0,
        2,
        3,
        1,
        0,
        0,
        0,
        0,
        6
      ],
      [
        1,
        0,
        2,
        3,
        1,
        0,
        0,
        0,
        0,
        6
      ],
      [
        3,
        3,
        1,
        0,
        2,
        0,
        0,
        0,
        0,
        3
      ],
      [
        3,
        0,
        2,
        0,
        0,
        2,
        1,
        3,
        2,
        3
      ],
      [
        3,
        0,
        0,
        0,
        1,
        3,
        0,
        6,
        0,
        0
      ]
    ]
  },
  "features": {
    "color_entropy": 1.8328599960237872,
    "max_chain_depth": 5.0,
    "avg_cluster_size": 1.5,
    "floating_potential": 0.5931372549019608,
    "density": 0.525,
    "shot_pressure": 0.47619047619047616
  },
  "bots": {
    "weak": {
      "bot_name": "weak",
      "runs": 60,
      "clear_rate": 0.43333333333333335,
      "eac": 37.07692307692308,
      "eac_all": 50.06666666666667,
      "avg_popped": 89.1
    },
    "medium": {
      "bot_name": "medium",
      "runs": 60,
      "clear_rate": 0.48333333333333334,
      "eac": 34.3448275862069,
      "eac_all": 47.6,
      "avg_popped": 87.0
    },
    "strong": {
      "bot_name": "strong",
      "runs": 60,
      "clear_rate": 0.7833333333333333,
      "eac": 35.51063829787234,
      "eac_all": 40.81666666666667,
      "avg_popped": 81.61666666666666
    }
  },
  "spec": {
    "target_features": {
      "color_entropy": 1.8347504245890538,
      "max_chain_depth": 4,
      "floating_potential": 0.5879363922431176,
      "density": 0.5249691138440302
    },
    "weights": {
      "color_entropy": 1.0,
      "max_chain_depth": 0.5,
      "floating_potential": 1.0,
      "density": 2.0
    },
    "rows": 8,
    "cols": 10,
    "num_colors": 6,
    "shots_remaining": 20,
    "target_density": 0.5249691138440302,
    "num_seeds": 8,
    "level_index": 44,
    "symmetric": false,
    "symmetry_axis": "vertical"
  }
}