{
  "level_id": "L048",
  "board": {
    "rows": 8,
    "cols": 10,
    "num_colors": 6,
    "shots_remaining": 20,
    "seed": 1048,
    "cells": [
      [
        1,
        1,
        6,
        6,
        6,
        1,
        0,
        0,
        0,
        0
      ],
      [
        6,
        0,
        1,
        1,
        0,
        6,
        1,
        6,
        1,
        0
      ],
      [
        0,
        3,
        6,
        3,
        0,
        1,
        3,
        0,
        6,
        0
      ],
      [
        1,
        1,
        1,
        0,
        6,
        0,
        6,
        0,
        1,
        0
      ],
      [
        1,
        1,
        1,
        0,
        6,
        0,
        6,
        0,
        1,
        0
      ],
      [
        0,
        3,
        6,
        3,
        0,
        1,
        3,
        0,
        6,
        0
      ],
      [
        6,
        0,
        1,
        1,
        0,
        6,
        1,
        6,
        1,
        0
      ],
      [
        1,
        1,
        6,
        6,
        6,
        1,
        0,
        0,
        0,
        0
      ]
    ]
  },
  "features": {
    "color_entropy": 1.4041074513870861,
    "max_chain_depth": 7.0,
    "avg_cluster_size": 1.7241379310344827,
    "floating_potential": 0.9425287356321839,
    "density": 0.625,
    "shot_pressure": 0.4
  },
  "bots": {
    "weak": {
      "bot_name": "weak",
      "runs": 60,
      "clear_rate": 0.6833333333333333,
      "eac": 32.90243902439025,
      "eac_all": 41.483333333333334,
      "avg_popped": 90.11666666666666
    },
    "medium": {
      "bot_name": "medium",
      "runs": 60,
      "clear_rate": 0.65,
      "eac": 33.05128205128205,
      "eac_all": 42.483333333333334,
      "avg_popped": 90.81666666666666
    },
    "strong": {
      "bot_name": "strong",
      "runs": 60,
      "clear_rate": 0.9666666666666667,
      "eac": 20.879310344827587,
      "eac_all": 22.183333333333334,
      "avg_popped": 72.01666666666667
    }
  },
  "spec": {
    "target_features": {
      "color_entropy": 1.3948158235786878,
      "max_chain_depth": 7,
      "floating_potential": 0.9096631187013557,
      "density": 0.6477769552466609
    },
    "weights": {
      "color_entropy": 1.0,
      "max_chain_depth": 0.5,
      "floating_potential": 1.0,
      "density": 2.0
    },
    "rows": 8,
    "cols": 10,
    "num_colors": 6,
    "shots_remaining": 20,
    "target_density": 0.6477769552466609,
    "num_seeds": 7,
    "level_index": 48,
    "symmetric": false,
    "symmetry_axis": "vertical"
  }
}