{
  "level_id": "L049",
  "board": {
    "rows": 8,
    "cols": 10,
    "num_colors": 6,
    "shots_remaining": 20,
    "seed": 1049,
    "cells": [
      [
        0,
        0,
        0,
        5,
        4,
        4,
        5,
        0,
        0,
        0
      ],
      [
        0,
        0,
        5,
        0,
        3,
        4,
        0,
        0,
        0,
        0
      ],
      [
        0,
        4,
        5,
        4,
        1,
        3,
        5,
        0,
        0,
        0
      ],
      [
        0,
        0,
        3,
        0,
        0,
        5,
        0,
        0,
        0,
        0
      ],
      [
        0,
        0,
        3,
        0,
        0,
        5,
        0,
        0,
        0,
        0
      ],
      [
        0,
        4,
        5,
        4,
        1,
        3,
        5,
        0,
        0,
        0
      ],
      [
        0,
        0,
        5,
        0,
        3,
        4,
        0,
        0,
        0,
        0
      ],
      [
        0,
        0,
        0,
        5,
        4,
        4,
        5,
        0,
        0,
        0
      ]
    ]
  },
  "features": {
    "color_entropy": 1.781937063546704,
    "max_chain_depth": 5.0,
    "avg_cluster_size": 1.5789473684210527,
    "floating_potential": 0.543010752688172,
    "density": 0.375,
    "shot_pressure": 0.6666666666666666
  },
  "bots": {
    "weak": {
      "bot_name": "weak",
      "runs": 60,
      "clear_rate": 0.5666666666666667,
      "eac": 33.38235294117647,
      "eac_all": 44.916666666666664,
      "avg_popped": 72.81666666666666
    },
    "medium": {
      "bot_name": "medium",
      "runs": 60,
      "clear_rate": 0.7,
      "eac": 32.30952380952381,
      "eac_all": 40.61666666666667,
      "avg_popped": 69.18333333333334
    },
    "strong": {
      "bot_name": "strong",
      "runs": 60,
      "clear_rate": 0.9166666666666666,
      "eac": 19.145454545454545,
      "eac_all": 22.55,
      "avg_popped": 52.31666666666667
    }
  },
  "spec": {
    "target_features": {
      "color_entropy": 1.5711225303404472,
      "max_chain_depth": 4,
      "floating_potential": 0.445221572572473,
      "density": 0.3934228074327937
    },
    "weights": {
      "color_entropy": 1.0,
      "max_chain_depth": 0.5,
      "floating_potential": 1.0,
      "density": 2.0
    },
    "rows": 8,
    "cols": 10,
    "num_colors": 6,
    "shots_remaining": 20,
    "target_density": 0.3934228074327937,
    "num_seeds": 7,
    "level_index": 49,
    "symmetric": false,
    "symmetry_axis": "vertical"
  }
}