{
  "level_id": "L050",
  "board": {
    "rows": 8,
    "cols": 10,
    "num_colors": 6,
    "shots_remaining": 20,
    "seed": 1050,
    "cells": [
      [
        3,
        3,
        3,
        1,
        3,
        3,
        1,
        3,
        3,
        3
      ],
      [
        3,
        4,
        4,
        3,
        0,
        0,
        3,
        4,
        4,
        3
      ],
      [
        4,
        3,
        4,
        5,
        0,
        0,
        5,
        4,
        3,
        4
      ],
      [
        3,
        3,
        0,
        4,
        3,
        3,
        4,
        0,
        3,
        3
      ],
      [
        0,
        1,
        4,
        5,
        0,
        0,
        5,
        4,
        1,
        0
      ],
      [
        3,
        1,
        1,
        3,
        0,
        0,
        3,
        1,
        1,
        3
      ],
      [
        0,
        4,
        3,
        4,
        0,
        0,
        4,
        3,
        4,
        0
      ],
      [
        0,
        0,
        0,
        0,
        0,
        0,
        0,
        0,
        0,
        0
      ]
    ]
  },
  "features": {
    "color_entropy": 1.7139350452807205,
    "max_chain_depth": 10.0,
    "avg_cluster_size": 2.0,
    "floating_potential": 0.7222222222222222,
    "density": 0.675,
    "shot_pressure": 0.37037037037037035
  },
  "bots": {
    "weak": {
      "bot_name": "weak",
      "runs": 60,
      "clear_rate": 0.6,
      "eac": 37.80555555555556,
      "eac_all": 46.68333333333333,
      "avg_popped": 98.76666666666667
    },
    "medium": {
      "bot_name": "medium",
      "runs": 60,
      "clear_rate": 0.5666666666666667,
      "eac": 31.029411764705884,
      "eac_all": 43.583333333333336,
      "avg_popped": 95.7
    },
    "strong": {
      "bot_name": "strong",
      "runs": 60,
      "clear_rate": 0.9333333333333333,
      "eac": 25.321428571428573,
      "eac_all": 27.633333333333333,
      "avg_popped": 81.31666666666666
    }
  },
  "spec": {
    "target_features": {
      "color_entropy": 1.69195388253595,
      "max_chain_depth": 10,
      "floating_potential": 0.6969990321947379,
      "density": 0.6451555746376567
    },
    "weights": {
      "color_entropy": 1.0,
      "max_chain_depth": 0.5,
      "floating_potential": 1.0,
      "density": 2.0
    },
    "rows": 8,
    "cols": 10,
    "num_colors": 6,
    "shots_remaining": 20,
    "target_density": 0.6451555746376567,
    "num_seeds": 7,
    "level_index": 50,
    "symmetric": false,
    "symmetry_axis": "horizontal"
  }
}