{
  "level_id": "L051",
  "board": {
    "rows": 8,
    "cols": 10,
    "num_colors": 7,
    "shots_remaining": 22,
    "seed": 1051,
    "cells": [
      [
        2,
        0,
        5,
        0,
        5,
        0,
        0,
        2,
        0,
        0
      ],
      [
        5,
        2,
        3,
        5,
        5,
        0,
        0,
        2,
        2,
        0
      ],
      [
        5,
        0,
        2,
        2,
        3,
        4,
        4,
        0,
        3,
        2
      ],
      [
        3,
        0,
        0,
        5,
        5,
        2,
        5,
        0,
        5,
        0
      ],
      [
        3,
        0,
        0,
        5,
        5,
        2,
        5,
        0,
        5,
        0
      ],
      [
        5,
        0,
        2,
        2,
        3,
        4,
        4,
        0,
        3,
        2
      ],
      [
        5,
        2,
        3,
        5,
        5,
        0,
        0,
        2,
        2,
        0
      ],
      [
        2,
        0,
        5,
        0,
        5,
        0,
        0,
        2,
        0,
        0
      ]
    ]
  },
  "features": {
    "color_entropy": 1.7739119513005472,
    "max_chain_depth": 5.0,
    "avg_cluster_size": 2.0,
    "floating_potential": 0.9458128078817734,
    "density": 0.625,
    "shot_pressure": 0.44
  },
  "bots": {
    "weak": {
      "bot_name": "weak",
      "runs": 60,
      "clear_rate": 0.23333333333333334,
      "eac": 43.857142857142854,
      "eac_all": 60.833333333333336,
      "avg_popped": 106.5
    },
    "medium": {
      "bot_name": "medium",
      "runs": 60,
      "clear_rate": 0.5833333333333334,
      "eac": 29.571428571428573,
      "eac_all": 44.75,
      "avg_popped": 92.45
    },
    "strong": {
      "bot_name": "strong",
      "runs": 60,
      "clear_rate": 0.9333333333333333,
      "eac": 22.5,
      "eac_all": 25.4,
      "avg_popped": 74.9
    }
  },
  "spec": {
    "target_features": {
      "color_entropy": 1.6945201442416398,
      "max_chain_depth": 5,
      "floating_potential": 0.9507390256386589,
      "density": 0.5830487050238051
    },
    "weights": {
      "color_entropy": 1.0,
      "max_chain_depth": 0.5,
      "floating_potential": 1.0,
      "density": 2.0
    },
    "rows": 8,
    "cols": 10,
    "num_colors": 7,
    "shots_remaining": 22,
    "target_density": 0.5830487050238051,
    "num_seeds": 8,
    "level_index": 51,
    "symmetric": false,
    "symmetry_axis": "vertical"
  }
}