{
  "level_id": "L052",
  "board": {
    "rows": 8,
    "cols": 10,
    "num_colors": 6,
    "shots_remaining": 20,
    "seed": 1052,
    "cells": [
      [
        6,
        6,
        4,
        1,
        6,
        6,
        1,
        4,
        6,
        6
      ],
      [
        6,
        0,
        1,
        6,
        0,
        0,
        6,
        1,
        0,
        6
      ],
      [
        1,
        0,
        0,
        0,
        0,
        0,
        0,
        0,
        0,
        1
      ],
      [
        3,
        0,
        6,
        1,
        0,
        0,
        1,
        6,
        0,
        3
      ],
      [
        6,
        6,
        4,
        1,
        0,
        0,
        1,
        4,
        6,
        6
      ],
      [
        0,
        4,
        3,
        0,
        4,
        4,
        0,
        3,
        4,
        0
      ],
      [
        0,
        4,
        0,
        1,
        6,
        6,
        1,
        0,
        4,
        0
      ],
      [
        0,
        6,
        1,
        0,
        6,
        6,
        0,
        1,
        6,
        0
      ]
    ]
  },
  "features": {
    "color_entropy": 1.7912612804207124,
    "max_chain_depth": 5.0,
    "avg_cluster_size": 1.6666666666666667,
    "floating_potential": 1.0172413793103448,
    "density": 0.625,
    "shot_pressure": 0.4
  },
  "bots": {
    "weak": {
      "bot_name": "weak",
      "runs": 60,
      "clear_rate": 0.4666666666666667,
      "eac": 41.32142857142857,
      "eac_all": 51.28333333333333,
      "avg_popped": 98.68333333333334
    },
    "medium": {
      "bot_name": "medium",
      "runs": 60,
      "clear_rate": 0.5166666666666667,
      "eac": 39.58064516129032,
      "eac_all": 49.45,
      "avg_popped": 96.8
    },
    "strong": {
      "bot_name": "strong",
      "runs": 60,
      "clear_rate": 0.7833333333333333,
      "eac": 35.91489361702128,
      "eac_all": 41.13333333333333,
      "avg_popped": 90.13333333333334
    }
  },
  "spec": {
    "target_features": {
      "color_entropy": 1.295093435277694,
      "max_chain_depth": 5,
      "floating_potential": 1.1753620376000429,
      "density": 0.42625930900547604
    },
    "weights": {
      "color_entropy": 1.0,
      "max_chain_depth": 0.5,
      "floating_potential": 1.0,
      "density": 2.0
    },
    "rows": 8,
    "cols": 10,
    "num_colors": 6,
    "shots_remaining": 20,
    "target_density": 0.42625930900547604,
    "num_seeds": 7,
    "level_index": 52,
    "symmetric": false,
    "symmetry_axis": "horizontal"
  }
}