{
  "level_id": "L054",
  "board": {
    "rows": 8,
    "cols": 10,
    "num_colors": 7,
    "shots_remaining": 22,
    "seed": 1054,
    "cells": [
      [
        0,
        5,
        0,
        5,
        7,
        7,
        5,
        0,
        5,
        0
      ],
      [
        5,
        5,
        0,
        0,
        0,
        0,
        0,
        0,
        5,
        5
      ],
      [
        0,
        2,
        2,
        0,
        0,
        0,
        0,
        2,
        2,
        0
      ],
      [
        0,
        2,
        2,
        5,
        0,
        0,
        5,
        2,
        2,
        0
      ],
      [
        5,
        0,
        2,
        0,
        0,
        0,
        0,
        2,
        0,
        5
      ],
      [
        5,
        5,
        0,
        0,
        5,
        5,
        0,
        0,
        5,
        5
      ],
      [
        5,
        0,
        5,
        7,
        5,
        5,
        7,
        5,
        0,
        5
      ],
      [
        5,
        2,
        5,
        2,
        0,
        0,
        2,
        5,
        2,
        5
      ]
    ]
  },
  "features": {
    "color_entropy": 1.2646726793957221,
    "max_chain_depth": 9.0,
    "avg_cluster_size": 2.4210526315789473,
    "floating_potential": 1.1385281385281385,
    "density": 0.575,
    "shot_pressure": 0.4782608695652174
  },
  "bots": {
    "weak": {
      "bot_name": "weak",
      "runs": 60,
      "clear_rate": 0.36666666666666664,
      "eac": 38.68181818181818,
      "eac_all": 55.983333333333334,
      "avg_popped": 98.2
    },
    "medium": {
      "bot_name": "medium",
      "runs": 60,
      "clear_rate": 0.45,
      "eac": 30.22222222222222,
      "eac_all": 49.9,
      "avg_popped": 93.03333333333333
    },
    "strong": {
      "bot_name": "strong",
      "runs": 60,
      "clear_rate": 0.9333333333333333,
      "eac": 18.982142857142858,
      "eac_all": 22.116666666666667,
      "avg_popped": 67.7
    }
  },
  "spec": {
    "target_features": {
      "color_entropy": 1.2485038261308952,
      "max_chain_depth": 9,
      "floating_potential": 1.1601432454036087,
      "density": 0.5734963488240103
    },
    "weights": {
      "color_entropy": 1.0,
      "max_chain_depth": 0.5,
      "floating_potential": 1.0,
      "density": 2.0
    },
    "rows": 8,
    "cols": 10,
    "num_colors": 7,
    "shots_remaining": 22,
    "target_density": 0.5734963488240103,
    "num_seeds": 8,
    "level_index": 54,
    "symmetric": false,
    "symmetry_axis": "horizontal"
  }
}