{
  "level_id": "L055",
  "board": {
    "rows": 8,
    "cols": 10,
    "num_colors": 7,
    "shots_remaining": 22,
    "seed": 1055,
    "cells": [
      [
        7,
        0,
        7,
        7,
        0,
        0,
        7,
        7,
        0,
        7
      ],
      [
        0,
        7,
        1,
        7,
        0,
        0,
        7,
        1,
        7,
        0
      ],
      [
        0,
        0,
        0,
        4,
        1,
        1,
        4,
        0,
        0,
        0
      ],
      [
        0,
        0,
        5,
        7,
        1,
        1,
        7,
        5,
        0,
        0
      ],
      [
        0,
        0,
        0,
        5,
        0,
        0,
        5,
        0,
        0,
        0
      ],
      [
        7,
        7,
        7,
        7,
        0,
        0,
        7,
        7,
        7,
        7
      ],
      [
        0,
        0,
        0,
        0,
        0,
        0,
        0,
        0,
        0,
        0
      ],
      [
        0,
        0,
        0,
        0,
        0,
        0,
        0,
        0,
        0,
        0
      ]
    ]
  },
  "features": {
    "color_entropy": 1.5016144718101818,
    "max_chain_depth": 7.0,
    "avg_cluster_size": 2.0,
    "floating_potential": 0.8823529411764706,
    "density": 0.4,
    "shot_pressure": 0.6875
  },
  "bots": {
    "weak": {
      "bot_name": "weak",
      "runs": 60,
      "clear_rate": 0.43333333333333335,
      "eac": 34.96153846153846,
      "eac_all": 52.55,
      "avg_popped": 81.53333333333333
    },
    "medium": {
      "bot_name": "medium",
      "runs": 60,
      "clear_rate": 0.7166666666666667,
      "eac": 20.46511627906977,
      "eac_all": 33.36666666666667,
      "avg_popped": 63.8
    },
    "strong": {
      "bot_name": "strong",
      "runs": 60,
      "clear_rate": 1.0,
      "eac": 14.05,
      "eac_all": 14.05,
      "avg_popped": 46.05
    }
  },
  "spec": {
    "target_features": {
      "color_entropy": 1.4163729188085161,
      "max_chain_depth": 4,
      "floating_potential": 0.8776467664866452,
      "density": 0.3995689152103226
    },
    "weights": {
      "color_entropy": 1.0,
      "max_chain_depth": 0.5,
      "floating_potential": 1.0,
      "density": 2.0
    },
    "rows": 8,
    "cols": 10,
    "num_colors": 7,
    "shots_remaining": 22,
    "target_density": 0.3995689152103226,
    "num_seeds": 4,
    "level_index": 55,
    "symmetric": false,
    "symmetry_axis": "horizontal"
  }
}