{
  "level_id": "L056",
  "board": {
    "rows": 8,
    "cols": 10,
    "num_colors": 7,
    "shots_remaining": 22,
    "seed": 1056,
    "cells": [
      [
        0,
        7,
        7,
        5,
        7,
        0,
        0,
        0,
        0,
        7
      ],
      [
        5,
        5,
        1,
        5,
        0,
        7,
        5,
        0,
        0,
        7
      ],
      [
        0,
        7,
        0,
        0,
        7,
        7,
        4,
        5,
        4,
        7
      ],
      [
        0,
        7,
        1,
        5,
        0,
        0,
        5,
        7,
        5,
        1
      ],
      [
        0,
        7,
        1,
        5,
        0,
        0,
        5,
        7,
        5,
        1
      ],
      [
        0,
        7,
        0,
        0,
        7,
        7,
        4,
        5,
        4,
        7
      ],
      [
        5,
        5,
        1,
        5,
        0,
        7,
        5,
        0,
        0,
        7
      ],
      [
        0,
        7,
        7,
        5,
        7,
        0,
        0,
        0,
        0,
        7
      ]
    ]
  },
  "features": {
    "color_entropy": 1.6887565441488555,
    "max_chain_depth": 5.0,
    "avg_cluster_size": 2.08,
    "floating_potential": 1.0105820105820107,
    "density": 0.65,
    "shot_pressure": 0.4230769230769231
  },
  "bots": {
    "weak": {
      "bot_name": "weak",
      "runs": 60,
      "clear_rate": 0.35,
      "eac": 45.142857142857146,
      "eac_all": 58.7,
      "avg_popped": 106.76666666666667
    },
    "medium": {
      "bot_name": "medium",
      "runs": 60,
      "clear_rate": 0.4,
      "eac": 34.166666666666664,
      "eac_all": 53.266666666666666,
      "avg_popped": 101.56666666666666
    },
    "strong": {
      "bot_name": "strong",
      "runs": 60,
      "clear_rate": 0.9333333333333333,
      "eac": 25.892857142857142,
      "eac_all": 28.566666666666666,
      "avg_popped": 80.03333333333333
    }
  },
  "spec": {
    "target_features": {
      "color_entropy": 1.4716804487953294,
      "max_chain_depth": 4,
      "floating_potential": 1.1537697850798274,
      "density": 0.5906818364020912
    },
    "weights": {
      "color_entropy": 1.0,
      "max_chain_depth": 0.5,
      "floating_potential": 1.0,
      "density": 2.0
    },
    "rows": 8,
    "cols": 10,
    "num_colors": 7,
    "shots_remaining": 22,
    "target_density": 0.5906818364020912,
    "num_seeds": 6,
    "level_index": 56,
    "symmetric": false,
    "symmetry_axis": "vertical"
  }
}