{
  "level_id": "L059",
  "board": {
    "rows": 8,
    "cols": 10,
    "num_colors": 7,
    "shots_remaining": 22,
    "seed": 1059,
    "cells": [
      [
        5,
        4,
        7,
        5,
        0,
        0,
        5,
        7,
        4,
        5
      ],
      [
        0,
        0,
        0,
        0,
        0,
        0,
        0,
        0,
        0,
        0
      ],
      [
        0,
        0,
        0,
        0,
        0,
        0,
        0,
        0,
        0,
        0
      ],
      [
        3,
        0,
        0,
        0,
        0,
        0,
        0,
        0,
        0,
        3
      ],
      [
        0,
        0,
        5,
        0,
        0,
        0,
        0,
        5,
        0,
        0
      ],
      [
        0,
        0,
        0,
        5,
        0,
        0,
        5,
        0,
        0,
        0
      ],
      [
        0,
        0,
        0,
        0,
        0,
        0,
        0,
        0,
        0,
        0
      ],
      [
        0,
        0,
        0,
        0,
        0,
        0,
        0,
        0,
        0,
        0
      ]
    ]
  },
  "features": {
    "color_entropy": 1.6644977792004614,
    "max_chain_depth": 7.0,
    "avg_cluster_size": 1.0769230769230769,
    "floating_potential": 0.2857142857142857,
    "density": 0.175,
    "shot_pressure": 1.5714285714285714
  },
  "bots": {
    "weak": {
      "bot_name": "weak",
      "runs": 60,
      "clear_rate": 0.25,
      "eac": 52.13333333333333,
      "eac_all": 62.53333333333333,
      "avg_popped": 71.63333333333334
    },
    "medium": {
      "bot_name": "medium",
      "runs": 60,
      "clear_rate": 0.25,
      "eac": 50.06666666666667,
      "eac_all": 62.016666666666666,
      "avg_popped": 71.01666666666667
    },
    "strong": {
      "bot_name": "strong",
      "runs": 60,
      "clear_rate": 0.43333333333333335,
      "eac": 54.73076923076923,
      "eac_all": 61.11666666666667,
      "avg_popped": 72.0
    }
  },
  "spec": {
    "target_features": {
      "color_entropy": 1.6153085761635368,
      "max_chain_depth": 5,
      "floating_potential": 1.4671114423885392,
      "density": 0.5248194876261003
    },
    "weights": {
      "color_entropy": 1.0,
      "max_chain_depth": 0.5,
      "floating_potential": 1.0,
      "density": 2.0
    },
    "rows": 8,
    "cols": 10,
    "num_colors": 7,
    "shots_remaining": 22,
    "target_density": 0.5248194876261003,
    "num_seeds": 5,
    "level_index": 59,
    "symmetric": false,
    "symmetry_axis": "horizontal"
  }
}