{
  "level_id": "L060",
  "board": {
    "rows": 8,
    "cols": 10,
    "num_colors": 6,
    "shots_remaining": 20,
    "seed": 1060,
    "cells": [
      [
        3,
        0,
        1,
        1,
        5,
        5,
        1,
        1,
        0,
        3
      ],
      [
        1,
        3,
        5,
        0,
        5,
        5,
        0,
        5,
        3,
        1
      ],
      [
        0,
        1,
        4,
        6,
        1,
        1,
        6,
        4,
        1,
        0
      ],
      [
        0,
        5,
        0,
        5,
        4,
        4,
        5,
        0,
        5,
        0
      ],
      [
        3,
        1,
        5,
        0,
        6,
        6,
        0,
        5,
        1,
        3
      ],
      [
        0,
        0,
        1,
        0,
        1,
        1,
        0,
        1,
        0,
        0
      ],
      [
        1,
        0,
        1,
        0,
        5,
        5,
        0,
        1,
        0,
        1
      ],
      [
        0,
        0,
        0,
        0,
        0,
        0,
        0,
        0,
        0,
        0
      ]
    ]
  },
  "features": {
    "color_entropy": 2.017226962994476,
    "max_chain_depth": 10.0,
    "avg_cluster_size": 1.5483870967741935,
    "floating_potential": 1.5625,
    "density": 0.6,
    "shot_pressure": 0.4166666666666667
  },
  "bots": {
    "weak": {
      "bot_name": "weak",
      "runs": 60,
      "clear_rate": 0.6666666666666666,
      "eac": 28.8,
      "eac_all": 39.2,
      "avg_popped": 85.7
    },
    "medium": {
      "bot_name": "medium",
      "runs": 60,
      "clear_rate": 0.6333333333333333,
      "eac": 27.36842105263158,
      "eac_all": 39.333333333333336,
      "avg_popped": 85.51666666666667
    },
    "strong": {
      "bot_name": "strong",
      "runs": 60,
      "clear_rate": 0.9166666666666666,
      "eac": 26.836363636363636,
      "eac_all": 29.6,
      "avg_popped": 77.21666666666667
    }
  },
  "spec": {
    "target_features": {
      "color_entropy": 1.9994176123102405,
      "max_chain_depth": 10,
      "floating_potential": 1.5698845361231974,
      "density": 0.5860684921072803
    },
    "weights": {
      "color_entropy": 1.0,
      "max_chain_depth": 0.5,
      "floating_potential": 1.0,
      "density": 2.0
    },
    "rows": 8,
    "cols": 10,
    "num_colors": 6,
    "shots_remaining": 20,
    "target_density": 0.5860684921072803,
    "num_seeds": 5,
    "level_index": 60,
    "symmetric": false,
    "symmetry_axis": "horizontal"
  }
}