{
  "level_id": "L061",
  "board": {
    "rows": 8,
    "cols": 10,
    "num_colors": 7,
    "shots_remaining": 22,
    "seed": 1061,
    "cells": [
      [
        0,
        1,
        0,
        1,
        0,
        0,
        1,
        0,
        1,
        0
      ],
      [
        1,
        1,
        1,
        1,
        0,
        0,
        1,
        1,
        1,
        1
      ],
      [
        1,
        3,
        0,
        0,
        0,
        0,
        0,
        0,
        3,
        1
      ],
      [
        0,
        7,
        0,
        0,
        0,
        0,
        0,
        0,
        7,
        0
      ],
      [
        0,
        7,
        7,
        0,
        0,
        0,
        0,
        7,
        7,
        0
      ],
      [
        0,
        0,
        7,
        1,
        3,
        3,
        1,
        7,
        0,
        0
      ],
      [
        0,
        1,
        0,
        1,
        0,
        0,
        1,
        0,
        1,
        0
      ],
      [
        1,
        1,
        1,
        0,
        7,
        7,
        0,
        1,
        1,
        1
      ]
    ]
  },
  "features": {
    "color_entropy": 1.2361602543738117,
    "max_chain_depth": 9.0,
    "avg_cluster_size": 3.6363636363636362,
    "floating_potential": 1.4040816326530612,
    "density": 0.5,
    "shot_pressure": 0.55
  },
  "bots": {
    "weak": {
      "bot_name": "weak",
      "runs": 60,
      "clear_rate": 0.5,
      "eac": 28.666666666666668,
      "eac_all": 47.333333333333336,
      "avg_popped": 84.43333333333334
    },
    "medium": {
      "bot_name": "medium",
      "runs": 60,
      "clear_rate": 0.6333333333333333,
      "eac": 25.05263157894737,
      "eac_all": 40.06666666666667,
      "avg_popped": 77.88333333333334
    },
    "strong": {
      "bot_name": "strong",
      "runs": 60,
      "clear_rate": 1.0,
      "eac": 12.966666666666667,
      "eac_all": 12.966666666666667,
      "avg_popped": 52.96666666666667
    }
  },
  "spec": {
    "target_features": {
      "color_entropy": 1.2266267633628085,
      "max_chain_depth": 9,
      "floating_potential": 1.5287824526673308,
      "density": 0.3566485113996105
    },
    "weights": {
      "color_entropy": 1.0,
      "max_chain_depth": 0.5,
      "floating_potential": 1.0,
      "density": 2.0
    },
    "rows": 8,
    "cols": 10,
    "num_colors": 7,
    "shots_remaining": 22,
    "target_density": 0.3566485113996105,
    "num_seeds": 5,
    "level_index": 61,
    "symmetric": false,
    "symmetry_axis": "horizontal"
  }
}