{
  "level_id": "L070",
  "board": {
    "rows": 8,
    "cols": 10,
    "num_colors": 7,
    "shots_remaining": 22,
    "seed": 1070,
    "cells": [
      [
        0,
        0,
        4,
        0,
        0,
        0,
        0,
        4,
        0,
        0
      ],
      [
        0,
        7,
        7,
        0,
        0,
        0,
        0,
        7,
        7,
        0
      ],
      [
        0,
        4,
        0,
        2,
        0,
        0,
        2,
        0,
        4,
        0
      ],
      [
        0,
        0,
        4,
        1,
        0,
        0,
        1,
        4,
        0,
        0
      ],
      [
        0,
        0,
        0,
        4,
        7,
        7,
        4,
        0,
        0,
        0
      ],
      [
        0,
        0,
        1,
        7,
        1,
        1,
        7,
        1,
        0,
        0
      ],
      [
        0,
        2,
        7,
        2,
        1,
        1,
        2,
        7,
        2,
        0
      ],
      [
        0,
        4,
        0,
        1,
        1,
        1,
        1,
        0,
        4,
        0
      ]
    ]
  },
  "features": {
    "color_entropy": 1.9592989105296894,
    "max_chain_depth": 9.0,
    "avg_cluster_size": 1.5833333333333333,
    "floating_potential": 0.43253968253968256,
    "density": 0.475,
    "shot_pressure": 0.5789473684210527
  },
  "bots": {
    "weak": {
      "bot_name": "weak",
      "runs": 60,
      "clear_rate": 0.31666666666666665,
      "eac": 46.78947368421053,
      "eac_all": 59.916666666666664,
      "avg_popped": 94.18333333333334
    },
    "medium": {
      "bot_name": "medium",
      "runs": 60,
      "clear_rate": 0.38333333333333336,
      "eac": 43.95652173913044,
      "eac_all": 57.55,
      "avg_popped": 92.03333333333333
    },
    "strong": {
      "bot_name": "strong",
      "runs": 60,
      "clear_rate": 0.7666666666666667,
      "eac": 42.45652173913044,
      "eac_all": 47.95,
      "avg_popped": 84.26666666666667
    }
  },
  "spec": {
    "target_features": {
      "color_entropy": 1.9551622544837048,
      "max_chain_depth": 9,
      "floating_potential": 0.44245796932779896,
      "density": 0.4389733612079836
    },
    "weights": {
      "color_entropy": 1.0,
      "max_chain_depth": 0.5,
      "floating_potential": 1.0,
      "density": 2.0
    },
    "rows": 8,
    "cols": 10,
    "num_colors": 7,
    "shots_remaining": 22,
    "target_density": 0.4389733612079836,
    "num_seeds": 5,
    "level_index": 70,
    "symmetric": false,
    "symmetry_axis": "horizontal"
  }
}