{
  "level_id": "L073",
  "board": {
    "rows": 8,
    "cols": 10,
    "num_colors": 7,
    "shots_remaining": 22,
    "seed": 1073,
    "cells": [
      [
        5,
        0,
        0,
        2,
        5,
        5,
        2,
        0,
        0,
        5
      ],
      [
        2,
        2,
        2,
        2,
        5,
        5,
        2,
        2,
        2,
        2
      ],
      [
        0,
        0,
        2,
        5,
        5,
        5,
        5,
        2,
        0,
        0
      ],
      [
        5,
        7,
        5,
        3,
        5,
        5,
        3,
        5,
        7,
        5
      ],
      [
        5,
        2,
        4,
        4,
        2,
        2,
        4,
        4,
        2,
        5
      ],
      [
        0,
        0,
        5,
        0,
        2,
        2,
        0,
        5,
        0,
        0
      ],
      [
        5,
        5,
        1,
        0,
        5,
        5,
        0,
        1,
        5,
        5
      ],
      [
        0,
        5,
        0,
        0,
        0,
        0,
        0,
        0,
        5,
        0
      ]
    ]
  },
  "features": {
    "color_entropy": 1.8133444248509158,
    "max_chain_depth": 8.0,
    "avg_cluster_size": 2.4347826086956523,
    "floating_potential": 1.1130952380952381,
    "density": 0.7,
    "shot_pressure": 0.39285714285714285
  },
  "bots": {
    "weak": {
      "bot_name": "weak",
      "runs": 60,
      "clear_rate": 0.15,
      "eac": 52.44444444444444,
      "eac_all": 63.96666666666667,
      "avg_popped": 114.66666666666667
    },
    "medium": {
      "bot_name": "medium",
      "runs": 60,
      "clear_rate": 0.26666666666666666,
      "eac": 45.5625,
      "eac_all": 60.55,
      "avg_popped": 112.16666666666667
    },
    "strong": {
      "bot_name": "strong",
      "runs": 60,
      "clear_rate": 0.5166666666666667,
      "eac": 49.74193548387097,
      "eac_all": 57.6,
      "avg_popped": 110.45
    }
  },
  "spec": {
    "target_features": {
      "color_entropy": 1.8029683670167649,
      "max_chain_depth": 8,
      "floating_potential": 1.1825279645337283,
      "density": 0.6251255625280439
    },
    "weights": {
      "color_entropy": 1.0,
      "max_chain_depth": 0.5,
      "floating_potential": 1.0,
      "density": 2.0
    },
    "rows": 8,
    "cols": 10,
    "num_colors": 7,
    "shots_remaining": 22,
    "target_density": 0.6251255625280439,
    "num_seeds": 8,
    "level_index": 73,
    "symmetric": false,
    "symmetry_axis": "horizontal"
  }
}