{
  "level_id": "L076",
  "board": {
    "rows": 8,
    "cols": 10,
    "num_colors": 7,
    "shots_remaining": 22,
    "seed": 1076,
    "cells": [
      [
        4,
        1,
        4,
        1,
        4,
        4,
        1,
        4,
        1,
        4
      ],
      [
        5,
        3,
        5,
        4,
        1,
        1,
        4,
        5,
        3,
        5
      ],
      [
        4,
        0,
        1,
        4,
        1,
        1,
        4,
        1,
        0,
        4
      ],
      [
        0,
        2,
        0,
        0,
        0,
        0,
        0,
        0,
        2,
        0
      ],
      [
        0,
        5,
        0,
        0,
        0,
        0,
        0,
        0,
        5,
        0
      ],
      [
        1,
        1,
        1,
        0,
        0,
        0,
        0,
        1,
        1,
        1
      ],
      [
        0,
        4,
        4,
        0,
        0,
        0,
        0,
        4,
        4,
        0
      ],
      [
        0,
        4,
        0,
        0,
        0,
        0,
        0,
        0,
        4,
        0
      ]
    ]
  },
  "features": {
    "color_entropy": 1.8556037770398301,
    "max_chain_depth": 7.0,
    "avg_cluster_size": 1.6296296296296295,
    "floating_potential": 0.8021978021978022,
    "density": 0.55,
    "shot_pressure": 0.5
  },
  "bots": {
    "weak": {
      "bot_name": "weak",
      "runs": 60,
      "clear_rate": 0.2,
      "eac": 54.25,
      "eac_all": 63.65,
      "avg_popped": 102.61666666666666
    },
    "medium": {
      "bot_name": "medium",
      "runs": 60,
      "clear_rate": 0.2,
      "eac": 49.75,
      "eac_all": 62.75,
      "avg_popped": 102.01666666666667
    },
    "strong": {
      "bot_name": "strong",
      "runs": 60,
      "clear_rate": 0.38333333333333336,
      "eac": 47.82608695652174,
      "eac_all": 59.03333333333333,
      "avg_popped": 99.43333333333334
    }
  },
  "spec": {
    "target_features": {
      "color_entropy": 1.3055620255818774,
      "max_chain_depth": 7,
      "floating_potential": 0.9076215345798243,
      "density": 0.4265562315549414
    },
    "weights": {
      "color_entropy": 1.0,
      "max_chain_depth": 0.5,
      "floating_potential": 1.0,
      "density": 2.0
    },
    "rows": 8,
    "cols": 10,
    "num_colors": 7,
    "shots_remaining": 22,
    "target_density": 0.4265562315549414,
    "num_seeds": 4,
    "level_index": 76,
    "symmetric": false,
    "symmetry_axis": "horizontal"
  }
}