{
  "level_id": "L077",
  "board": {
    "rows": 8,
    "cols": 10,
    "num_colors": 6,
    "shots_remaining": 20,
    "seed": 1077,
    "cells": [
      [
        0,
        0,
        0,
        0,
        4,
        4,
        4,
        4,
        2,
        0
      ],
      [
        0,
        0,
        2,
        2,
        3,
        0,
        2,
        3,
        2,
        3
      ],
      [
        0,
        0,
        0,
        4,
        2,
        3,
        1,
        4,
        4,
        4
      ],
      [
        0,
        0,
        0,
        0,
        4,
        2,
        4,
        2,
        2,
        4
      ],
      [
        0,
        0,
        0,
        0,
        4,
        2,
        4,
        2,
        2,
        4
      ],
      [
        0,
        0,
        0,
        4,
        2,
        3,
        1,
        4,
        4,
        4
      ],
      [
        0,
        0,
        2,
        2,
        3,
        0,
        2,
        3,
        2,
        3
      ],
      [
        0,
        0,
        0,
        0,
        4,
        4,
        4,
        4,
        2,
        0
      ]
    ]
  },
  "features": {
    "color_entropy": 1.6605332770550816,
    "max_chain_depth": 5.0,
    "avg_cluster_size": 2.272727272727273,
    "floating_potential": 0.8157894736842105,
    "density": 0.625,
    "shot_pressure": 0.4
  },
  "bots": {
    "weak": {
      "bot_name": "weak",
      "runs": 60,
      "clear_rate": 0.7666666666666667,
      "eac": 30.391304347826086,
      "eac_all": 37.3,
      "avg_popped": 85.98333333333333
    },
    "medium": {
      "bot_name": "medium",
      "runs": 60,
      "clear_rate": 0.8166666666666667,
      "eac": 20.755102040816325,
      "eac_all": 27.95,
      "avg_popped": 77.05
    },
    "strong": {
      "bot_name": "strong",
      "runs": 60,
      "clear_rate": 1.0,
      "eac": 13.7,
      "eac_all": 13.7,
      "avg_popped": 63.7
    }
  },
  "spec": {
    "target_features": {
      "color_entropy": 1.613480216531591,
      "max_chain_depth": 4,
      "floating_potential": 0.836114951734882,
      "density": 0.5981957388121113
    },
    "weights": {
      "color_entropy": 1.0,
      "max_chain_depth": 0.5,
      "floating_potential": 1.0,
      "density": 2.0
    },
    "rows": 8,
    "cols": 10,
    "num_colors": 6,
    "shots_remaining": 20,
    "target_density": 0.5981957388121113,
    "num_seeds": 6,
    "level_index": 77,
    "symmetric": false,
    "symmetry_axis": "vertical"
  }
}