{
  "level_id": "L078",
  "board": {
    "rows": 8,
    "cols": 10,
    "num_colors": 7,
    "shots_remaining": 22,
    "seed": 1078,
    "cells": [
      [
        7,
        0,
        7,
        0,
        7,
        7,
        0,
        7,
        0,
        7
      ],
      [
        7,
        5,
        5,
        0,
        0,
        0,
        0,
        5,
        5,
        7
      ],
      [
        7,
        0,
        7,
        0,
        0,
        0,
        0,
        7,
        0,
        7
      ],
      [
        0,
        0,
        5,
        4,
        7,
        7,
        4,
        5,
        0,
        0
      ],
      [
        7,
        0,
        7,
        4,
        5,
        5,
        4,
        7,
        0,
        7
      ],
      [
        6,
        5,
        7,
        7,
        0,
        0,
        7,
        7,
        5,
        6
      ],
      [
        0,
        6,
        5,
        6,
        6,
        6,
        6,
        5,
        6,
        0
      ],
      [
        7,
        7,
        7,
        7,
        0,
        0,
        7,
        7,
        7,
        7
      ]
    ]
  },
  "features": {
    "color_entropy": 1.6395862451836645,
    "max_chain_depth": 5.0,
    "avg_cluster_size": 1.9285714285714286,
    "floating_potential": 1.054945054945055,
    "density": 0.675,
    "shot_pressure": 0.4074074074074074
  },
  "bots": {
    "weak": {
      "bot_name": "weak",
      "runs": 60,
      "clear_rate": 0.3333333333333333,
      "eac": 41.6,
      "eac_all": 57.86666666666667,
      "avg_popped": 108.01666666666667
    },
    "medium": {
      "bot_name": "medium",
      "runs": 60,
      "clear_rate": 0.48333333333333334,
      "eac": 27.275862068965516,
      "eac_all": 47.28333333333333,
      "avg_popped": 98.41666666666667
    },
    "strong": {
      "bot_name": "strong",
      "runs": 60,
      "clear_rate": 0.95,
      "eac": 23.649122807017545,
      "eac_all": 25.766666666666666,
      "avg_popped": 79.58333333333333
    }
  },
  "spec": {
    "target_features": {
      "color_entropy": 1.4313262835750853,
      "max_chain_depth": 5,
      "floating_potential": 1.0164647666395836,
      "density": 0.6216552056017712
    },
    "weights": {
      "color_entropy": 1.0,
      "max_chain_depth": 0.5,
      "floating_potential": 1.0,
      "density": 2.0
    },
    "rows": 8,
    "cols": 10,
    "num_colors": 7,
    "shots_remaining": 22,
    "target_density": 0.6216552056017712,
    "num_seeds": 5,
    "level_index": 78,
    "symmetric": false,
    "symmetry_axis": "horizontal"
  }
}