{
  "level_id": "L086",
  "board": {
    "rows": 8,
    "cols": 10,
    "num_colors": 6,
    "shots_remaining": 20,
    "seed": 1086,
    "cells": [
      [
        0,
        0,
        0,
        0,
        3,
        5,
        3,
        5,
        5,
        5
      ],
      [
        0,
        0,
        0,
        5,
        6,
        0,
        0,
        0,
        0,
        5
      ],
      [
        0,
        0,
        5,
        0,
        3,
        6,
        5,
        6,
        3,
        3
      ],
      [
        0,
        0,
        5,
        3,
        5,
        3,
        0,
        3,
        5,
        5
      ],
      [
        0,
        0,
        5,
        3,
        5,
        3,
        0,
        3,
        5,
        5
      ],
      [
        0,
        0,
        5,
        0,
        3,
        6,
        5,
        6,
        3,
        3
      ],
      [
        0,
        0,
        0,
        5,
        6,
        0,
        0,
        0,
        0,
        5
      ],
      [
        0,
        0,
        0,
        0,
        3,
        5,
        3,
        5,
        5,
        5
      ]
    ]
  },
  "features": {
    "color_entropy": 1.4029342381953893,
    "max_chain_depth": 8.0,
    "avg_cluster_size": 2.0,
    "floating_potential": 1.0266666666666666,
    "density": 0.575,
    "shot_pressure": 0.43478260869565216
  },
  "bots": {
    "weak": {
      "bot_name": "weak",
      "runs": 60,
      "clear_rate": 0.6166666666666667,
      "eac": 29.0,
      "eac_all": 40.88333333333333,
      "avg_popped": 84.85
    },
    "medium": {
      "bot_name": "medium",
      "runs": 60,
      "clear_rate": 0.5666666666666667,
      "eac": 33.0,
      "eac_all": 44.7,
      "avg_popped": 88.53333333333333
    },
    "strong": {
      "bot_name": "strong",
      "runs": 60,
      "clear_rate": 0.9833333333333333,
      "eac": 27.661016949152543,
      "eac_all": 28.2,
      "avg_popped": 74.13333333333334
    }
  },
  "spec": {
    "target_features": {
      "color_entropy": 1.258898051979407,
      "max_chain_depth": 8,
      "floating_potential": 0.9988600590331783,
      "density": 0.5668252331269765
    },
    "weights": {
      "color_entropy": 1.0,
      "max_chain_depth": 0.5,
      "floating_potential": 1.0,
      "density": 2.0
    },
    "rows": 8,
    "cols": 10,
    "num_colors": 6,
    "shots_remaining": 20,
    "target_density": 0.5668252331269765,
    "num_seeds": 4,
    "level_index": 86,
    "symmetric": false,
    "symmetry_axis": "vertical"
  }
}