{
  "level_id": "L094",
  "board": {
    "rows": 8,
    "cols": 10,
    "num_colors": 6,
    "shots_remaining": 20,
    "seed": 1094,
    "cells": [
      [
        5,
        0,
        0,
        5,
        0,
        0,
        5,
        0,
        0,
        5
      ],
      [
        0,
        3,
        5,
        5,
        0,
        0,
        5,
        5,
        3,
        0
      ],
      [
        5,
        1,
        3,
        5,
        0,
        0,
        5,
        3,
        1,
        5
      ],
      [
        5,
        0,
        5,
        0,
        0,
        0,
        0,
        5,
        0,
        5
      ],
      [
        0,
        0,
        3,
        1,
        0,
        0,
        1,
        3,
        0,
        0
      ],
      [
        0,
        0,
        0,
        5,
        3,
        3,
        5,
        0,
        0,
        0
      ],
      [
        0,
        3,
        5,
        3,
        5,
        5,
        3,
        5,
        3,
        0
      ],
      [
        0,
        0,
        5,
        0,
        0,
        0,
        0,
        5,
        0,
        0
      ]
    ]
  },
  "features": {
    "color_entropy": 1.295461844238322,
    "max_chain_depth": 11.0,
    "avg_cluster_size": 1.7391304347826086,
    "floating_potential": 1.0945945945945945,
    "density": 0.5,
    "shot_pressure": 0.5
  },
  "bots": {
    "weak": {
      "bot_name": "weak",
      "runs": 60,
      "clear_rate": 0.26666666666666666,
      "eac": 38.3125,
      "eac_all": 54.21666666666667,
      "avg_popped": 90.66666666666667
    },
    "medium": {
      "bot_name": "medium",
      "runs": 60,
      "clear_rate": 0.4666666666666667,
      "eac": 36.5,
      "eac_all": 49.03333333333333,
      "avg_popped": 86.18333333333334
    },
    "strong": {
      "bot_name": "strong",
      "runs": 60,
      "clear_rate": 0.8166666666666667,
      "eac": 32.183673469387756,
      "eac_all": 37.28333333333333,
      "avg_popped": 76.41666666666667
    }
  },
  "spec": {
    "target_features": {
      "color_entropy": 1.2315568431371073,
      "max_chain_depth": 11,
      "floating_potential": 1.0258884518104514,
      "density": 0.49754576567731634
    },
    "weights": {
      "color_entropy": 1.0,
      "max_chain_depth": 0.5,
      "floating_potential": 1.0,
      "density": 2.0
    },
    "rows": 8,
    "cols": 10,
    "num_colors": 6,
    "shots_remaining": 20,
    "target_density": 0.49754576567731634,
    "num_seeds": 5,
    "level_index": 94,
    "symmetric": false,
    "symmetry_axis": "horizontal"
  }
}