{
  "level_id": "L097",
  "board": {
    "rows": 8,
    "cols": 10,
    "num_colors": 7,
    "shots_remaining": 22,
    "seed": 1097,
    "cells": [
      [
        2,
        5,
        0,
        5,
        5,
        5,
        5,
        0,
        5,
        2
      ],
      [
        2,
        0,
        5,
        0,
        5,
        5,
        0,
        5,
        0,
        2
      ],
      [
        6,
        0,
        4,
        0,
        4,
        4,
        0,
        4,
        0,
        6
      ],
      [
        5,
        5,
        4,
        5,
        7,
        7,
        5,
        4,
        5,
        5
      ],
      [
        2,
        5,
        0,
        0,
        2,
        2,
        0,
        0,
        5,
        2
      ],
      [
        5,
        0,
        0,
        2,
        0,
        0,
        2,
        0,
        0,
        5
      ],
      [
        0,
        0,
        0,
        0,
        2,
        2,
        0,
        0,
        0,
        0
      ],
      [
        0,
        0,
        0,
        0,
        5,
        5,
        0,
        0,
        0,
        0
      ]
    ]
  },
  "features": {
    "color_entropy": 1.8085947862963574,
    "max_chain_depth": 11.0,
    "avg_cluster_size": 2.0952380952380953,
    "floating_potential": 1.4744897959183674,
    "density": 0.55,
    "shot_pressure": 0.5
  },
  "bots": {
    "weak": {
      "bot_name": "weak",
      "runs": 60,
      "clear_rate": 0.5,
      "eac": 41.8,
      "eac_all": 53.9,
      "avg_popped": 95.18333333333334
    },
    "medium": {
      "bot_name": "medium",
      "runs": 60,
      "clear_rate": 0.43333333333333335,
      "eac": 38.15384615384615,
      "eac_all": 53.93333333333333,
      "avg_popped": 94.78333333333333
    },
    "strong": {
      "bot_name": "strong",
      "runs": 60,
      "clear_rate": 0.8166666666666667,
      "eac": 30.510204081632654,
      "eac_all": 37.016666666666666,
      "avg_popped": 79.96666666666667
    }
  },
  "spec": {
    "target_features": {
      "color_entropy": 1.82001869865469,
      "max_chain_depth": 11,
      "floating_potential": 1.4848582491532651,
      "density": 0.5455743616285353
    },
    "weights": {
      "color_entropy": 1.0,
      "max_chain_depth": 0.5,
      "floating_potential": 1.0,
      "density": 2.0
    },
    "rows": 8,
    "cols": 10,
    "num_colors": 7,
    "shots_remaining": 22,
    "target_density": 0.5455743616285353,
    "num_seeds": 5,
    "level_index": 97,
    "symmetric": false,
    "symmetry_axis": "horizontal"
  }
}