{
  "level_id": "L001",
  "board": {
    "rows": 8,
    "cols": 10,
    "num_colors": 4,
    "shots_remaining": 20,
    "seed": 20260507,
    "cells": [
      [
        4,
        4,
        1,
        4,
        1,
        1,
        4,
        1,
        4,
        4
      ],
      [
        4,
        4,
        2,
        2,
        1,
        1,
        2,
        2,
        4,
        4
      ],
      [
        4,
        2,
        3,
        2,
        3,
        3,
        2,
        3,
        2,
        4
      ],
      [
        4,
        1,
        0,
        4,
        4,
        4,
        4,
        0,
        1,
        4
      ],
      [
        1,
        3,
        0,
        0,
        0,
        0,
        0,
        0,
        3,
        1
      ],
      [
        0,
        3,
        0,
        0,
        0,
        0,
        0,
        0,
        3,
        0
      ],
      [
        0,
        0,
        3,
        0,
        0,
        0,
        0,
        0,
        0,
        0
      ],
      [
        0,
        0,
        4,
        0,
        0,
        0,
        0,
        0,
        0,
        0
      ]
    ]
  },
  "features": {
    "color_entropy": 1.9048830708986964,
    "max_chain_depth": 5.0,
    "avg_cluster_size": 2.3,
    "floating_potential": 1.4305555555555556,
    "density": 0.575,
    "shot_pressure": 0.43478260869565216
  },
  "bots": {
    "weak": {
      "bot_name": "weak",
      "runs": 60,
      "clear_rate": 0.8833333333333333,
      "eac": 33.37735849056604,
      "eac_all": 36.483333333333334,
      "avg_popped": 82.05
    },
    "medium": {
      "bot_name": "medium",
      "runs": 60,
      "clear_rate": 0.9,
      "eac": 32.925925925925924,
      "eac_all": 35.63333333333333,
      "avg_popped": 81.26666666666667
    },
    "strong": {
      "bot_name": "strong",
      "runs": 60,
      "clear_rate": 1.0,
      "eac": 24.416666666666668,
      "eac_all": 24.416666666666668,
      "avg_popped": 70.41666666666667
    }
  },
  "spec": {
    "target_features": {
      "color_entropy": 1.9027860653538666,
      "max_chain_depth": 5,
      "floating_potential": 1.4246537083069861,
      "density": 0.5948147664882597
    },
    "weights": {
      "color_entropy": 1.0,
      "max_chain_depth": 0.5,
      "floating_potential": 1.0,
      "density": 2.0
    },
    "rows": 8,
    "cols": 10,
    "num_colors": 4,
    "shots_remaining": 20,
    "target_density": 0.5948147664882597,
    "num_seeds": 7,
    "level_index": 14,
    "symmetric": false,
    "symmetry_axis": "horizontal"
  },
  "rationale": {
    "summary": "초반 4색 — 색 분리 훈련",
    "band": "L015: 초반 (4색)",
    "axis": "좌우 대칭 패턴 — 시각적 일관성, 양쪽 동시 학습 가능.",
    "intent": "색 엔트로피 1.90로 색 분포를 균등화. 4색 중 매칭 후보를 빠르게 골라내는 시야 훈련.",
    "key_feature": "color_entropy",
    "achieved": "color_entropy 일치 (목표 1.90 → 도달 1.90)",
    "expected_play": "기초 — 즉각 클리어 가능, 온보딩 적합. 봇 W88% / S100%, 평균 24발.",
    "skill_trained": "4색 분리와 빠른 색 탐색.",
    "notes": []
  }
}