{
  "level_id": "L002",
  "board": {
    "rows": 8,
    "cols": 10,
    "num_colors": 5,
    "shots_remaining": 21,
    "seed": 20260508,
    "cells": [
      [
        0,
        5,
        3,
        3,
        4,
        4,
        3,
        3,
        5,
        0
      ],
      [
        2,
        4,
        0,
        2,
        3,
        3,
        2,
        0,
        4,
        2
      ],
      [
        0,
        5,
        0,
        5,
        3,
        3,
        5,
        0,
        5,
        0
      ],
      [
        0,
        0,
        3,
        2,
        3,
        3,
        2,
        3,
        0,
        0
      ],
      [
        0,
        0,
        5,
        0,
        0,
        0,
        0,
        5,
        0,
        0
      ],
      [
        0,
        2,
        4,
        0,
        0,
        0,
        0,
        4,
        0,
        0
      ],
      [
        0,
        5,
        0,
        0,
        0,
        0,
        0,
        0,
        5,
        0
      ],
      [
        0,
        0,
        0,
        0,
        0,
        0,
        0,
        0,
        0,
        0
      ]
    ]
  },
  "features": {
    "color_entropy": 1.9464232907661758,
    "max_chain_depth": 9.0,
    "avg_cluster_size": 1.3461538461538463,
    "floating_potential": 0.3933333333333333,
    "density": 0.4375,
    "shot_pressure": 0.6
  },
  "bots": {
    "weak": {
      "bot_name": "weak",
      "runs": 60,
      "clear_rate": 0.85,
      "eac": 30.96078431372549,
      "eac_all": 35.766666666666666,
      "avg_popped": 70.06666666666666
    },
    "medium": {
      "bot_name": "medium",
      "runs": 60,
      "clear_rate": 0.9,
      "eac": 29.296296296296298,
      "eac_all": 32.666666666666664,
      "avg_popped": 67.31666666666666
    },
    "strong": {
      "bot_name": "strong",
      "runs": 60,
      "clear_rate": 1.0,
      "eac": 22.65,
      "eac_all": 22.65,
      "avg_popped": 57.65
    }
  },
  "spec": {
    "target_features": {
      "color_entropy": 1.9439787585781967,
      "max_chain_depth": 9,
      "floating_potential": 0.4079475689432236,
      "density": 0.4403279507405173
    },
    "weights": {
      "color_entropy": 1.0,
      "max_chain_depth": 0.5,
      "floating_potential": 1.0,
      "density": 2.0
    },
    "rows": 8,
    "cols": 10,
    "num_colors": 5,
    "shots_remaining": 21,
    "target_density": 0.4403279507405173,
    "num_seeds": 5,
    "level_index": 24,
    "symmetric": false,
    "symmetry_axis": "horizontal"
  },
  "rationale": {
    "summary": "중반 5색 — 키스톤 부유 훈련",
    "band": "L025: 중반 (5색)",
    "axis": "좌우 대칭 패턴 — 시각적 일관성, 양쪽 동시 학습 가능.",
    "intent": "부유 잠재력 0.4 — 천장과 약하게 연결된 키스톤 버블을 한 둘 떨어뜨리면 그 아래 부유 그룹이 함께 풀리도록 설계.",
    "key_feature": "floating_potential",
    "achieved": "floating_potential 일치 (목표 0.41 → 도달 0.39)",
    "expected_play": "기초 — 즉각 클리어 가능, 온보딩 적합. 봇 W85% / S100%, 평균 23발.",
    "skill_trained": "키스톤 버블 인식 — 부수면 풍성한 부유.",
    "notes": []
  }
}