{
  "level_id": "L003",
  "board": {
    "rows": 8,
    "cols": 10,
    "num_colors": 6,
    "shots_remaining": 17,
    "seed": 20260509,
    "cells": [
      [
        1,
        0,
        2,
        6,
        0,
        0,
        6,
        2,
        0,
        1
      ],
      [
        1,
        2,
        0,
        1,
        2,
        2,
        1,
        0,
        2,
        1
      ],
      [
        1,
        2,
        2,
        1,
        0,
        0,
        1,
        2,
        2,
        1
      ],
      [
        1,
        0,
        0,
        1,
        2,
        2,
        1,
        0,
        0,
        1
      ],
      [
        0,
        0,
        0,
        0,
        0,
        0,
        0,
        1,
        0,
        0
      ],
      [
        0,
        0,
        0,
        0,
        0,
        0,
        0,
        0,
        0,
        0
      ],
      [
        0,
        0,
        0,
        0,
        0,
        0,
        0,
        0,
        0,
        0
      ],
      [
        0,
        0,
        0,
        0,
        0,
        0,
        0,
        0,
        0,
        0
      ]
    ]
  },
  "features": {
    "color_entropy": 1.284777238479929,
    "max_chain_depth": 5.0,
    "avg_cluster_size": 2.6363636363636362,
    "floating_potential": 1.1893939393939394,
    "density": 0.3625,
    "shot_pressure": 0.5862068965517241
  },
  "bots": {
    "weak": {
      "bot_name": "weak",
      "runs": 60,
      "clear_rate": 0.35,
      "eac": 30.428571428571427,
      "eac_all": 43.8,
      "avg_popped": 69.53333333333333
    },
    "medium": {
      "bot_name": "medium",
      "runs": 60,
      "clear_rate": 0.4166666666666667,
      "eac": 29.92,
      "eac_all": 42.21666666666667,
      "avg_popped": 67.98333333333333
    },
    "strong": {
      "bot_name": "strong",
      "runs": 60,
      "clear_rate": 0.8666666666666667,
      "eac": 29.442307692307693,
      "eac_all": 32.31666666666667,
      "avg_popped": 60.516666666666666
    }
  },
  "spec": {
    "target_features": {
      "color_entropy": 1.3160086479338522,
      "max_chain_depth": 5,
      "floating_potential": 1.1252389573518258,
      "density": 0.38383939137505363
    },
    "weights": {
      "color_entropy": 1.0,
      "max_chain_depth": 0.5,
      "floating_potential": 1.0,
      "density": 2.0
    },
    "rows": 8,
    "cols": 10,
    "num_colors": 6,
    "shots_remaining": 17,
    "target_density": 0.38383939137505363,
    "num_seeds": 6,
    "level_index": 34,
    "symmetric": false,
    "symmetry_axis": "horizontal"
  },
  "rationale": {
    "summary": "후반 6색 — 큰 콤보 훈련",
    "band": "L035: 후반 (6색)",
    "axis": "좌우 대칭 패턴 — 시각적 일관성, 양쪽 동시 학습 가능.",
    "intent": "한 발에 5개 이상이 깨지는 클러스터를 의도적으로 배치해, 플레이어가 큰 콤보의 시각·청각 보상을 경험하도록 만든다.",
    "key_feature": "max_chain_depth",
    "achieved": "max_chain_depth 일치 (목표 5.00 → 도달 5.00)",
    "expected_play": "기술 격차가 큰 레벨 — 키스톤 패턴 인식이 결과를 가른다. 봇 W35% / S87%, 평균 32발.",
    "skill_trained": "큰 클러스터 식별과 한 발 콤보.",
    "notes": []
  }
}