{
  "level_id": "L004",
  "board": {
    "rows": 8,
    "cols": 10,
    "num_colors": 7,
    "shots_remaining": 18,
    "seed": 20260510,
    "cells": [
      [
        3,
        3,
        3,
        0,
        1,
        1,
        0,
        3,
        3,
        3
      ],
      [
        0,
        3,
        1,
        3,
        0,
        0,
        3,
        1,
        3,
        0
      ],
      [
        0,
        3,
        4,
        0,
        1,
        1,
        0,
        4,
        3,
        0
      ],
      [
        3,
        0,
        3,
        4,
        1,
        1,
        4,
        3,
        0,
        0
      ],
      [
        3,
        0,
        0,
        3,
        1,
        1,
        3,
        0,
        0,
        0
      ],
      [
        0,
        0,
        0,
        0,
        0,
        0,
        0,
        0,
        0,
        0
      ],
      [
        0,
        0,
        0,
        0,
        0,
        0,
        0,
        0,
        0,
        0
      ],
      [
        0,
        0,
        0,
        0,
        0,
        0,
        0,
        0,
        0,
        0
      ]
    ]
  },
  "features": {
    "color_entropy": 1.3663146570363986,
    "max_chain_depth": 10.0,
    "avg_cluster_size": 2.6666666666666665,
    "floating_potential": 1.2922077922077921,
    "density": 0.4,
    "shot_pressure": 0.5625
  },
  "bots": {
    "weak": {
      "bot_name": "weak",
      "runs": 60,
      "clear_rate": 0.6,
      "eac": 21.944444444444443,
      "eac_all": 34.766666666666666,
      "avg_popped": 64.66666666666667
    },
    "medium": {
      "bot_name": "medium",
      "runs": 60,
      "clear_rate": 0.6833333333333333,
      "eac": 17.73170731707317,
      "eac_all": 29.216666666666665,
      "avg_popped": 59.083333333333336
    },
    "strong": {
      "bot_name": "strong",
      "runs": 60,
      "clear_rate": 0.9666666666666667,
      "eac": 16.67241379310345,
      "eac_all": 17.916666666666668,
      "avg_popped": 49.733333333333334
    }
  },
  "spec": {
    "target_features": {
      "color_entropy": 1.3649232992573208,
      "max_chain_depth": 10,
      "floating_potential": 1.3302169141144042,
      "density": 0.42757276371474817
    },
    "weights": {
      "color_entropy": 1.0,
      "max_chain_depth": 0.5,
      "floating_potential": 1.0,
      "density": 2.0
    },
    "rows": 8,
    "cols": 10,
    "num_colors": 7,
    "shots_remaining": 18,
    "target_density": 0.42757276371474817,
    "num_seeds": 7,
    "level_index": 44,
    "symmetric": false,
    "symmetry_axis": "horizontal"
  },
  "rationale": {
    "summary": "마지막 단계 7색 — 색 분리 훈련",
    "band": "L045: 마지막 단계 (7색)",
    "axis": "좌우 대칭 패턴 — 시각적 일관성, 양쪽 동시 학습 가능.",
    "intent": "색 엔트로피 1.36로 색 분포를 균등화. 7색 중 매칭 후보를 빠르게 골라내는 시야 훈련.",
    "key_feature": "color_entropy",
    "achieved": "color_entropy 일치 (목표 1.36 → 도달 1.37)",
    "expected_play": "기술 격차가 큰 레벨 — 키스톤 패턴 인식이 결과를 가른다. 봇 W60% / S97%, 평균 18발.",
    "skill_trained": "7색 분리와 빠른 색 탐색.",
    "notes": []
  }
}