{
  "level_id": "L006",
  "board": {
    "rows": 8,
    "cols": 10,
    "num_colors": 7,
    "shots_remaining": 19,
    "seed": 20260512,
    "cells": [
      [
        6,
        0,
        3,
        6,
        6,
        6,
        6,
        3,
        0,
        6
      ],
      [
        6,
        3,
        3,
        6,
        6,
        6,
        6,
        3,
        3,
        6
      ],
      [
        7,
        0,
        3,
        3,
        7,
        7,
        3,
        3,
        0,
        7
      ],
      [
        6,
        6,
        0,
        0,
        6,
        6,
        0,
        0,
        6,
        6
      ],
      [
        0,
        6,
        0,
        0,
        0,
        0,
        0,
        0,
        6,
        0
      ],
      [
        0,
        0,
        0,
        0,
        0,
        0,
        6,
        3,
        0,
        0
      ],
      [
        0,
        0,
        0,
        0,
        0,
        0,
        0,
        0,
        0,
        0
      ],
      [
        0,
        0,
        0,
        0,
        0,
        0,
        0,
        0,
        0,
        0
      ]
    ]
  },
  "features": {
    "color_entropy": 1.3284690657933058,
    "max_chain_depth": 7.0,
    "avg_cluster_size": 2.769230769230769,
    "floating_potential": 0.8441558441558441,
    "density": 0.45,
    "shot_pressure": 0.5277777777777778
  },
  "bots": {
    "weak": {
      "bot_name": "weak",
      "runs": 60,
      "clear_rate": 0.48333333333333334,
      "eac": 34.41379310344828,
      "eac_all": 46.083333333333336,
      "avg_popped": 78.96666666666667
    },
    "medium": {
      "bot_name": "medium",
      "runs": 60,
      "clear_rate": 0.43333333333333335,
      "eac": 26.076923076923077,
      "eac_all": 43.6,
      "avg_popped": 76.16666666666667
    },
    "strong": {
      "bot_name": "strong",
      "runs": 60,
      "clear_rate": 0.9333333333333333,
      "eac": 25.714285714285715,
      "eac_all": 27.8,
      "avg_popped": 63.5
    }
  },
  "spec": {
    "target_features": {
      "color_entropy": 1.2182932551869536,
      "max_chain_depth": 7,
      "floating_potential": 0.6655946308494347,
      "density": 0.42807044594478544
    },
    "weights": {
      "color_entropy": 1.0,
      "max_chain_depth": 0.5,
      "floating_potential": 1.0,
      "density": 2.0
    },
    "rows": 8,
    "cols": 10,
    "num_colors": 7,
    "shots_remaining": 19,
    "target_density": 0.42807044594478544,
    "num_seeds": 7,
    "level_index": 64,
    "symmetric": false,
    "symmetry_axis": "horizontal"
  },
  "rationale": {
    "summary": "엔드게임 7색 — 색 분리 훈련",
    "band": "L065: 엔드게임 (7색)",
    "axis": "좌우 대칭 패턴 — 시각적 일관성, 양쪽 동시 학습 가능.",
    "intent": "색 엔트로피 1.22로 색 분포를 균등화. 7색 중 매칭 후보를 빠르게 골라내는 시야 훈련.",
    "key_feature": "color_entropy",
    "achieved": "color_entropy 일치 (목표 1.22 → 도달 1.33)",
    "expected_play": "기술 격차가 큰 레벨 — 키스톤 패턴 인식이 결과를 가른다. 봇 W48% / S93%, 평균 28발.",
    "skill_trained": "7색 분리와 빠른 색 탐색.",
    "notes": []
  }
}