{
  "level_id": "L008",
  "board": {
    "rows": 8,
    "cols": 10,
    "num_colors": 7,
    "shots_remaining": 22,
    "seed": 20260514,
    "cells": [
      [
        7,
        7,
        6,
        7,
        7,
        6,
        0,
        7,
        6,
        7
      ],
      [
        0,
        7,
        2,
        0,
        6,
        6,
        7,
        7,
        7,
        7
      ],
      [
        6,
        0,
        1,
        4,
        7,
        7,
        6,
        6,
        0,
        7
      ],
      [
        6,
        2,
        1,
        0,
        6,
        6,
        0,
        0,
        0,
        7
      ],
      [
        0,
        7,
        0,
        6,
        6,
        0,
        0,
        0,
        7,
        6
      ],
      [
        6,
        0,
        0,
        0,
        6,
        0,
        0,
        0,
        0,
        0
      ],
      [
        0,
        0,
        0,
        0,
        0,
        0,
        0,
        0,
        0,
        0
      ],
      [
        0,
        0,
        0,
        0,
        0,
        0,
        0,
        0,
        0,
        0
      ]
    ]
  },
  "features": {
    "color_entropy": 1.6298520318315917,
    "max_chain_depth": 11.0,
    "avg_cluster_size": 2.375,
    "floating_potential": 1.3542857142857143,
    "density": 0.475,
    "shot_pressure": 0.5789473684210527
  },
  "bots": {
    "weak": {
      "bot_name": "weak",
      "runs": 60,
      "clear_rate": 0.38333333333333336,
      "eac": 48.34782608695652,
      "eac_all": 59.233333333333334,
      "avg_popped": 93.53333333333333
    },
    "medium": {
      "bot_name": "medium",
      "runs": 60,
      "clear_rate": 0.35,
      "eac": 36.19047619047619,
      "eac_all": 55.56666666666667,
      "avg_popped": 89.81666666666666
    },
    "strong": {
      "bot_name": "strong",
      "runs": 60,
      "clear_rate": 0.8,
      "eac": 40.791666666666664,
      "eac_all": 45.833333333333336,
      "avg_popped": 82.71666666666667
    }
  },
  "spec": {
    "target_features": {
      "color_entropy": 1.6218558267144445,
      "max_chain_depth": 5,
      "floating_potential": 1.391937704592896,
      "density": 0.4998587530928956
    },
    "weights": {
      "color_entropy": 1.0,
      "max_chain_depth": 0.5,
      "floating_potential": 1.0,
      "density": 2.0
    },
    "rows": 8,
    "cols": 10,
    "num_colors": 7,
    "shots_remaining": 22,
    "target_density": 0.4998587530928956,
    "num_seeds": 7,
    "level_index": 84,
    "symmetric": false,
    "symmetry_axis": "none"
  },
  "rationale": {
    "summary": "엔드게임 7색 — 큰 콤보 훈련",
    "band": "L085: 엔드게임 (7색)",
    "axis": "비대칭 자유 배치 — 패턴 의존을 막고 즉흥 판단을 요구.",
    "intent": "한 발에 5개 이상이 깨지는 클러스터를 의도적으로 배치해, 플레이어가 큰 콤보의 시각·청각 보상을 경험하도록 만든다.",
    "key_feature": "max_chain_depth",
    "achieved": "max_chain_depth +6.00 이탈 (목표 5.00 → 도달 11.00)",
    "expected_play": "기술 격차가 큰 레벨 — 키스톤 패턴 인식이 결과를 가른다. 봇 W38% / S80%, 평균 46발.",
    "skill_trained": "큰 클러스터 식별과 한 발 콤보.",
    "notes": []
  }
}