{
  "level_id": "L009",
  "board": {
    "rows": 8,
    "cols": 10,
    "num_colors": 6,
    "shots_remaining": 18,
    "seed": 20260515,
    "cells": [
      [
        1,
        1,
        0,
        3,
        1,
        1,
        3,
        0,
        1,
        1
      ],
      [
        0,
        0,
        3,
        1,
        3,
        3,
        1,
        3,
        0,
        0
      ],
      [
        0,
        1,
        2,
        2,
        1,
        1,
        2,
        2,
        1,
        0
      ],
      [
        0,
        1,
        0,
        3,
        1,
        1,
        3,
        0,
        1,
        0
      ],
      [
        0,
        1,
        3,
        0,
        1,
        1,
        0,
        3,
        1,
        0
      ],
      [
        0,
        3,
        0,
        0,
        0,
        0,
        0,
        0,
        3,
        0
      ],
      [
        0,
        0,
        1,
        0,
        0,
        0,
        0,
        0,
        0,
        0
      ],
      [
        0,
        0,
        0,
        0,
        0,
        0,
        0,
        0,
        0,
        0
      ]
    ]
  },
  "features": {
    "color_entropy": 1.3376096930071162,
    "max_chain_depth": 10.0,
    "avg_cluster_size": 2.3125,
    "floating_potential": 1.1777777777777778,
    "density": 0.4625,
    "shot_pressure": 0.4864864864864865
  },
  "bots": {
    "weak": {
      "bot_name": "weak",
      "runs": 60,
      "clear_rate": 0.5166666666666667,
      "eac": 30.870967741935484,
      "eac_all": 42.05,
      "avg_popped": 76.68333333333334
    },
    "medium": {
      "bot_name": "medium",
      "runs": 60,
      "clear_rate": 0.5333333333333333,
      "eac": 28.125,
      "eac_all": 40.2,
      "avg_popped": 74.85
    },
    "strong": {
      "bot_name": "strong",
      "runs": 60,
      "clear_rate": 0.95,
      "eac": 21.94736842105263,
      "eac_all": 23.55,
      "avg_popped": 60.333333333333336
    }
  },
  "spec": {
    "target_features": {
      "color_entropy": 1.3171774181763012,
      "max_chain_depth": 10,
      "floating_potential": 1.147817300152218,
      "density": 0.4479503629394226
    },
    "weights": {
      "color_entropy": 1.0,
      "max_chain_depth": 0.5,
      "floating_potential": 1.0,
      "density": 2.0
    },
    "rows": 8,
    "cols": 10,
    "num_colors": 6,
    "shots_remaining": 18,
    "target_density": 0.4479503629394226,
    "num_seeds": 6,
    "level_index": 94,
    "symmetric": false,
    "symmetry_axis": "horizontal"
  },
  "rationale": {
    "summary": "엔드게임 6색 — 색 분리 훈련",
    "band": "L095: 엔드게임 (6색)",
    "axis": "좌우 대칭 패턴 — 시각적 일관성, 양쪽 동시 학습 가능.",
    "intent": "색 엔트로피 1.32로 색 분포를 균등화. 6색 중 매칭 후보를 빠르게 골라내는 시야 훈련.",
    "key_feature": "color_entropy",
    "achieved": "color_entropy 일치 (목표 1.32 → 도달 1.34)",
    "expected_play": "기술 격차가 큰 레벨 — 키스톤 패턴 인식이 결과를 가른다. 봇 W52% / S95%, 평균 24발.",
    "skill_trained": "6색 분리와 빠른 색 탐색.",
    "notes": []
  }
}