{
  "level_id": "L004",
  "board": {
    "rows": 8,
    "cols": 10,
    "num_colors": 7,
    "shots_remaining": 18,
    "seed": 20260510,
    "cells": [
      [
        2,
        1,
        1,
        0,
        7,
        7,
        0,
        1,
        1,
        2
      ],
      [
        0,
        5,
        4,
        7,
        7,
        7,
        4,
        5,
        0
      ],
      [
        0,
        0,
        0,
        5,
        0,
        0,
        5,
        0,
        0,
        0
      ],
      [
        0,
        6,
        3,
        0,
        0,
        0,
        3,
        6,
        0
      ],
      [
        0,
        0,
        0,
        7,
        0,
        0,
        7,
        0,
        0,
        0
      ],
      [
        0,
        0,
        0,
        5,
        0,
        5,
        0,
        0,
        0
      ],
      [
        0,
        0,
        0,
        5,
        0,
        0,
        5,
        0,
        0,
        0
      ],
      [
        0,
        0,
        0,
        0,
        0,
        0,
        0,
        0,
        0
      ]
    ]
  },
  "features": {
    "color_entropy": 2.545573263111497,
    "max_chain_depth": 8.0,
    "avg_cluster_size": 1.4210526315789473,
    "floating_potential": 0.42857142857142855,
    "density": 0.35526315789473684,
    "shot_pressure": 0.6666666666666666
  },
  "bots": {
    "weak": {
      "bot_name": "weak",
      "runs": 60,
      "clear_rate": 0.3333333333333333,
      "eac": 33.3,
      "eac_all": 47.1,
      "avg_popped": 70.11666666666666
    },
    "medium": {
      "bot_name": "medium",
      "runs": 60,
      "clear_rate": 0.3,
      "eac": 28.61111111111111,
      "eac_all": 46.38333333333333,
      "avg_popped": 69.11666666666666
    },
    "strong": {
      "bot_name": "strong",
      "runs": 60,
      "clear_rate": 0.6,
      "eac": 34.5,
      "eac_all": 42.3,
      "avg_popped": 67.1
    }
  },
  "spec": {
    "target_features": {
      "color_entropy": 1.3649232992573208,
      "max_chain_depth": 10,
      "floating_potential": 1.3302169141144042,
      "density": 0.42757276371474817
    },
    "weights": {
      "color_entropy": 1.0,
      "max_chain_depth": 0.5,
      "floating_potential": 1.0,
      "density": 2.0
    },
    "rows": 8,
    "cols": 10,
    "num_colors": 7,
    "shots_remaining": 18,
    "target_density": 0.42757276371474817,
    "num_seeds": 7,
    "level_index": 44,
    "symmetric": false,
    "symmetry_axis": "horizontal"
  },
  "rationale": {
    "summary": "마지막 단계 7색 — 색 분리 훈련",
    "band": "L045: 마지막 단계 (7색)",
    "axis": "좌우 대칭 패턴 — 시각적 일관성, 양쪽 동시 학습 가능.",
    "intent": "색 엔트로피 1.36로 색 분포를 균등화. 7색 중 매칭 후보를 빠르게 골라내는 시야 훈련.",
    "key_feature": "color_entropy",
    "achieved": "color_entropy +1.18 이탈 (목표 1.36 → 도달 2.55)",
    "expected_play": "표준 난이도 — 평균적 플레이어가 1-2회 시도로 클리어. 봇 W33% / S60%, 평균 42발.",
    "skill_trained": "7색 분리와 빠른 색 탐색.",
    "notes": []
  }
}