{
  "level_id": "L005",
  "board": {
    "rows": 8,
    "cols": 10,
    "num_colors": 6,
    "shots_remaining": 22,
    "seed": 20260511,
    "cells": [
      [
        6,
        3,
        3,
        6,
        4,
        5,
        6,
        5,
        5,
        5
      ],
      [
        5,
        5,
        1,
        1,
        6,
        3,
        5,
        5,
        2
      ],
      [
        5,
        0,
        3,
        5,
        3,
        0,
        1,
        3,
        6,
        5
      ],
      [
        0,
        5,
        6,
        0,
        1,
        0,
        0,
        3,
        5
      ],
      [
        0,
        1,
        0,
        0,
        0,
        3,
        5,
        5,
        2,
        5
      ],
      [
        0,
        0,
        0,
        0,
        0,
        0,
        5,
        0,
        5
      ],
      [
        0,
        0,
        0,
        0,
        0,
        0,
        1,
        0,
        0,
        3
      ],
      [
        0,
        0,
        0,
        0,
        0,
        0,
        5,
        0,
        0
      ]
    ]
  },
  "features": {
    "color_entropy": 2.1179043412820326,
    "max_chain_depth": 11.0,
    "avg_cluster_size": 1.4827586206896552,
    "floating_potential": 0.5158730158730159,
    "density": 0.5657894736842105,
    "shot_pressure": 0.5116279069767442
  },
  "bots": {
    "weak": {
      "bot_name": "weak",
      "runs": 60,
      "clear_rate": 0.4166666666666667,
      "eac": 44.48,
      "eac_all": 57.03333333333333,
      "avg_popped": 97.45
    },
    "medium": {
      "bot_name": "medium",
      "runs": 60,
      "clear_rate": 0.48333333333333334,
      "eac": 43.0,
      "eac_all": 54.88333333333333,
      "avg_popped": 95.06666666666666
    },
    "strong": {
      "bot_name": "strong",
      "runs": 60,
      "clear_rate": 0.9,
      "eac": 38.0,
      "eac_all": 40.8,
      "avg_popped": 83.28333333333333
    }
  },
  "spec": {
    "target_features": {
      "color_entropy": 1.9874604292998845,
      "max_chain_depth": 11,
      "floating_potential": 0.524084680947712,
      "density": 0.558889370883781
    },
    "weights": {
      "color_entropy": 1.0,
      "max_chain_depth": 0.5,
      "floating_potential": 1.0,
      "density": 2.0
    },
    "rows": 8,
    "cols": 10,
    "num_colors": 6,
    "shots_remaining": 22,
    "target_density": 0.558889370883781,
    "num_seeds": 4,
    "level_index": 54,
    "symmetric": false,
    "symmetry_axis": "none"
  },
  "rationale": {
    "summary": "엔드게임 6색 — 색 분리 훈련",
    "band": "L055: 엔드게임 (6색)",
    "axis": "비대칭 자유 배치 — 패턴 의존을 막고 즉흥 판단을 요구.",
    "intent": "색 엔트로피 1.99로 색 분포를 균등화. 6색 중 매칭 후보를 빠르게 골라내는 시야 훈련.",
    "key_feature": "color_entropy",
    "achieved": "color_entropy 일치 (목표 1.99 → 도달 2.12)",
    "expected_play": "기술 격차가 큰 레벨 — 키스톤 패턴 인식이 결과를 가른다. 봇 W42% / S90%, 평균 41발.",
    "skill_trained": "6색 분리와 빠른 색 탐색.",
    "notes": []
  }
}