{
  "level_id": "L006",
  "board": {
    "rows": 8,
    "cols": 10,
    "num_colors": 7,
    "shots_remaining": 19,
    "seed": 20260512,
    "cells": [
      [
        6,
        7,
        7,
        7,
        0,
        0,
        7,
        7,
        7,
        6
      ],
      [
        7,
        7,
        0,
        4,
        0,
        4,
        0,
        7,
        7
      ],
      [
        4,
        5,
        5,
        5,
        0,
        0,
        5,
        5,
        5,
        4
      ],
      [
        7,
        0,
        0,
        7,
        3,
        7,
        0,
        0,
        7
      ],
      [
        2,
        1,
        0,
        0,
        0,
        0,
        0,
        0,
        1,
        2
      ],
      [
        0,
        5,
        0,
        0,
        0,
        0,
        0,
        5,
        0
      ],
      [
        0,
        0,
        7,
        0,
        0,
        0,
        0,
        7,
        0,
        0
      ],
      [
        0,
        0,
        0,
        0,
        0,
        0,
        0,
        0,
        0
      ]
    ]
  },
  "features": {
    "color_entropy": 2.214997302659252,
    "max_chain_depth": 6.0,
    "avg_cluster_size": 1.5217391304347827,
    "floating_potential": 0.29064039408866993,
    "density": 0.4605263157894737,
    "shot_pressure": 0.5428571428571428
  },
  "bots": {
    "weak": {
      "bot_name": "weak",
      "runs": 60,
      "clear_rate": 0.26666666666666666,
      "eac": 37.375,
      "eac_all": 51.766666666666666,
      "avg_popped": 82.26666666666667
    },
    "medium": {
      "bot_name": "medium",
      "runs": 60,
      "clear_rate": 0.26666666666666666,
      "eac": 38.0625,
      "eac_all": 51.95,
      "avg_popped": 82.36666666666666
    },
    "strong": {
      "bot_name": "strong",
      "runs": 60,
      "clear_rate": 0.6333333333333333,
      "eac": 34.18421052631579,
      "eac_all": 42.55,
      "avg_popped": 75.6
    }
  },
  "spec": {
    "target_features": {
      "color_entropy": 1.2182932551869536,
      "max_chain_depth": 7,
      "floating_potential": 0.6655946308494347,
      "density": 0.42807044594478544
    },
    "weights": {
      "color_entropy": 1.0,
      "max_chain_depth": 0.5,
      "floating_potential": 1.0,
      "density": 2.0
    },
    "rows": 8,
    "cols": 10,
    "num_colors": 7,
    "shots_remaining": 19,
    "target_density": 0.42807044594478544,
    "num_seeds": 7,
    "level_index": 64,
    "symmetric": false,
    "symmetry_axis": "horizontal"
  },
  "rationale": {
    "summary": "엔드게임 7색 — 색 분리 훈련",
    "band": "L065: 엔드게임 (7색)",
    "axis": "좌우 대칭 패턴 — 시각적 일관성, 양쪽 동시 학습 가능.",
    "intent": "색 엔트로피 1.22로 색 분포를 균등화. 7색 중 매칭 후보를 빠르게 골라내는 시야 훈련.",
    "key_feature": "color_entropy",
    "achieved": "color_entropy +1.00 이탈 (목표 1.22 → 도달 2.21)",
    "expected_play": "기술 격차가 큰 레벨 — 키스톤 패턴 인식이 결과를 가른다. 봇 W27% / S63%, 평균 43발.",
    "skill_trained": "7색 분리와 빠른 색 탐색.",
    "notes": []
  }
}