{
  "level_id": "L008",
  "board": {
    "rows": 8,
    "cols": 10,
    "num_colors": 7,
    "shots_remaining": 22,
    "seed": 20260514,
    "cells": [
      [
        7,
        0,
        5,
        5,
        5,
        0,
        5,
        5,
        2,
        5
      ],
      [
        0,
        7,
        7,
        5,
        5,
        5,
        3,
        3,
        7
      ],
      [
        0,
        0,
        5,
        7,
        1,
        3,
        0,
        0,
        0,
        5
      ],
      [
        0,
        0,
        0,
        5,
        5,
        3,
        3,
        5,
        5
      ],
      [
        0,
        0,
        5,
        5,
        7,
        0,
        3,
        0,
        5,
        4
      ],
      [
        0,
        0,
        0,
        0,
        7,
        0,
        0,
        5,
        6
      ],
      [
        0,
        0,
        0,
        0,
        7,
        0,
        0,
        5,
        0,
        0
      ],
      [
        0,
        0,
        0,
        0,
        0,
        0,
        0,
        0,
        0
      ]
    ]
  },
  "features": {
    "color_entropy": 1.9334975949679492,
    "max_chain_depth": 9.0,
    "avg_cluster_size": 2.533333333333333,
    "floating_potential": 1.3406593406593406,
    "density": 0.5,
    "shot_pressure": 0.5789473684210527
  },
  "bots": {
    "weak": {
      "bot_name": "weak",
      "runs": 60,
      "clear_rate": 0.36666666666666664,
      "eac": 49.13636363636363,
      "eac_all": 59.81666666666667,
      "avg_popped": 93.95
    },
    "medium": {
      "bot_name": "medium",
      "runs": 60,
      "clear_rate": 0.43333333333333335,
      "eac": 31.192307692307693,
      "eac_all": 50.916666666666664,
      "avg_popped": 85.55
    },
    "strong": {
      "bot_name": "strong",
      "runs": 60,
      "clear_rate": 0.7,
      "eac": 37.142857142857146,
      "eac_all": 45.8,
      "avg_popped": 82.16666666666667
    }
  },
  "spec": {
    "target_features": {
      "color_entropy": 1.6218558267144445,
      "max_chain_depth": 5,
      "floating_potential": 1.391937704592896,
      "density": 0.4998587530928956
    },
    "weights": {
      "color_entropy": 1.0,
      "max_chain_depth": 0.5,
      "floating_potential": 1.0,
      "density": 2.0
    },
    "rows": 8,
    "cols": 10,
    "num_colors": 7,
    "shots_remaining": 22,
    "target_density": 0.4998587530928956,
    "num_seeds": 7,
    "level_index": 84,
    "symmetric": false,
    "symmetry_axis": "none"
  },
  "rationale": {
    "summary": "엔드게임 7색 — 큰 콤보 훈련",
    "band": "L085: 엔드게임 (7색)",
    "axis": "비대칭 자유 배치 — 패턴 의존을 막고 즉흥 판단을 요구.",
    "intent": "한 발에 5개 이상이 깨지는 클러스터를 의도적으로 배치해, 플레이어가 큰 콤보의 시각·청각 보상을 경험하도록 만든다.",
    "key_feature": "max_chain_depth",
    "achieved": "max_chain_depth +4.00 이탈 (목표 5.00 → 도달 9.00)",
    "expected_play": "기술 격차가 큰 레벨 — 키스톤 패턴 인식이 결과를 가른다. 봇 W37% / S70%, 평균 46발.",
    "skill_trained": "큰 클러스터 식별과 한 발 콤보.",
    "notes": []
  }
}