{
  "level_id": "L009",
  "board": {
    "rows": 8,
    "cols": 10,
    "num_colors": 6,
    "shots_remaining": 18,
    "seed": 20260515,
    "cells": [
      [
        4,
        5,
        4,
        6,
        5,
        5,
        6,
        4,
        5,
        4
      ],
      [
        3,
        0,
        5,
        0,
        5,
        0,
        5,
        0,
        3
      ],
      [
        0,
        0,
        0,
        5,
        0,
        0,
        5,
        0,
        0,
        0
      ],
      [
        0,
        5,
        1,
        0,
        0,
        0,
        1,
        5,
        0
      ],
      [
        2,
        5,
        0,
        0,
        0,
        0,
        0,
        0,
        5,
        2
      ],
      [
        0,
        0,
        0,
        0,
        0,
        0,
        0,
        0,
        0
      ],
      [
        0,
        0,
        0,
        0,
        0,
        0,
        0,
        0,
        0,
        0
      ],
      [
        0,
        0,
        0,
        0,
        0,
        0,
        0,
        0,
        0
      ]
    ]
  },
  "features": {
    "color_entropy": 2.0796275363413566,
    "max_chain_depth": 10.0,
    "avg_cluster_size": 1.3157894736842106,
    "floating_potential": 0.8611111111111112,
    "density": 0.32894736842105265,
    "shot_pressure": 0.72
  },
  "bots": {
    "weak": {
      "bot_name": "weak",
      "runs": 60,
      "clear_rate": 0.31666666666666665,
      "eac": 42.05263157894737,
      "eac_all": 50.21666666666667,
      "avg_popped": 71.91666666666667
    },
    "medium": {
      "bot_name": "medium",
      "runs": 60,
      "clear_rate": 0.38333333333333336,
      "eac": 37.130434782608695,
      "eac_all": 47.53333333333333,
      "avg_popped": 69.65
    },
    "strong": {
      "bot_name": "strong",
      "runs": 60,
      "clear_rate": 0.65,
      "eac": 35.07692307692308,
      "eac_all": 41.7,
      "avg_popped": 64.95
    }
  },
  "spec": {
    "target_features": {
      "color_entropy": 1.3171774181763012,
      "max_chain_depth": 10,
      "floating_potential": 1.147817300152218,
      "density": 0.4479503629394226
    },
    "weights": {
      "color_entropy": 1.0,
      "max_chain_depth": 0.5,
      "floating_potential": 1.0,
      "density": 2.0
    },
    "rows": 8,
    "cols": 10,
    "num_colors": 6,
    "shots_remaining": 18,
    "target_density": 0.4479503629394226,
    "num_seeds": 6,
    "level_index": 94,
    "symmetric": false,
    "symmetry_axis": "horizontal"
  },
  "rationale": {
    "summary": "엔드게임 6색 — 색 분리 훈련",
    "band": "L095: 엔드게임 (6색)",
    "axis": "좌우 대칭 패턴 — 시각적 일관성, 양쪽 동시 학습 가능.",
    "intent": "색 엔트로피 1.32로 색 분포를 균등화. 6색 중 매칭 후보를 빠르게 골라내는 시야 훈련.",
    "key_feature": "color_entropy",
    "achieved": "color_entropy +0.76 이탈 (목표 1.32 → 도달 2.08)",
    "expected_play": "기술 격차가 큰 레벨 — 키스톤 패턴 인식이 결과를 가른다. 봇 W32% / S65%, 평균 42발.",
    "skill_trained": "6색 분리와 빠른 색 탐색.",
    "notes": []
  }
}