{
  "level_id": "L000",
  "board": {
    "rows": 8,
    "cols": 10,
    "num_colors": 2,
    "shots_remaining": 12,
    "seed": 1000,
    "cells": [
      [
        2,
        1,
        0,
        0,
        2,
        2,
        0,
        0,
        1,
        2
      ],
      [
        1,
        2,
        1,
        0,
        0,
        0,
        0,
        1,
        2,
        1
      ],
      [
        1,
        0,
        0,
        0,
        0,
        0,
        0,
        0,
        0,
        1
      ],
      [
        2,
        0,
        0,
        0,
        0,
        0,
        0,
        0,
        0,
        2
      ],
      [
        0,
        1,
        0,
        0,
        0,
        0,
        0,
        0,
        0,
        0
      ],
      [
        0,
        0,
        0,
        0,
        0,
        0,
        0,
        0,
        0,
        0
      ],
      [
        0,
        0,
        0,
        0,
        0,
        0,
        0,
        0,
        0,
        0
      ],
      [
        0,
        0,
        0,
        0,
        0,
        0,
        0,
        0,
        0,
        0
      ]
    ]
  },
  "features": {
    "color_entropy": 0.9975025463691153,
    "max_chain_depth": 8.0,
    "avg_cluster_size": 1.5454545454545454,
    "floating_potential": 1.525,
    "density": 0.2125,
    "shot_pressure": 0.7058823529411765
  },
  "bots": {
    "weak": {
      "bot_name": "weak",
      "runs": 60,
      "clear_rate": 1.0,
      "eac": 9.366666666666667,
      "eac_all": 9.366666666666667,
      "avg_popped": 26.366666666666667
    },
    "medium": {
      "bot_name": "medium",
      "runs": 60,
      "clear_rate": 1.0,
      "eac": 9.133333333333333,
      "eac_all": 9.133333333333333,
      "avg_popped": 26.133333333333333
    },
    "strong": {
      "bot_name": "strong",
      "runs": 60,
      "clear_rate": 1.0,
      "eac": 8.85,
      "eac_all": 8.85,
      "avg_popped": 25.85
    }
  },
  "spec": {
    "target_features": {
      "color_entropy": 1.5767534378578032,
      "max_chain_depth": 8,
      "floating_potential": 0.6438975310536146,
      "density": 0.5311525541018989
    },
    "weights": {
      "color_entropy": 1.0,
      "max_chain_depth": 0.5,
      "floating_potential": 1.0,
      "density": 2.0
    },
    "rows": 8,
    "cols": 10,
    "num_colors": 2,
    "shots_remaining": 12,
    "target_density": 0.5311525541018989,
    "num_seeds": 5,
    "level_index": 0,
    "symmetric": false,
    "symmetry_axis": "horizontal"
  },
  "rationale": {
    "summary": "초입 2색 — 키스톤 부유 훈련",
    "band": "L001: 초입 (2색)",
    "axis": "좌우 대칭 패턴 — 시각적 일관성, 양쪽 동시 학습 가능.",
    "intent": "부유 잠재력 0.6 — 천장과 약하게 연결된 키스톤 버블을 한 둘 떨어뜨리면 그 아래 부유 그룹이 함께 풀리도록 설계.",
    "key_feature": "floating_potential",
    "achieved": "floating_potential +0.88 이탈 (목표 0.64 → 도달 1.52)",
    "expected_play": "기초 — 즉각 클리어 가능, 온보딩 적합. 봇 W100% / S100%, 평균 9발.",
    "skill_trained": "키스톤 버블 인식 — 부수면 풍성한 부유.",
    "notes": [
      "밀도 0.3 미만 — 거의 빈 보드. 발사 수 점검 필요."
    ]
  }
}