{
  "level_id": "L002",
  "board": {
    "rows": 8,
    "cols": 10,
    "num_colors": 3,
    "shots_remaining": 14,
    "seed": 1002,
    "cells": [
      [
        1,
        1,
        1,
        1,
        1,
        1,
        1,
        1,
        1,
        1
      ],
      [
        2,
        2,
        3,
        2,
        1,
        1,
        2,
        3,
        2,
        2
      ],
      [
        1,
        2,
        1,
        3,
        2,
        2,
        3,
        1,
        2,
        1
      ],
      [
        3,
        1,
        1,
        1,
        0,
        0,
        1,
        1,
        1,
        3
      ],
      [
        2,
        0,
        2,
        0,
        0,
        0,
        0,
        2,
        0,
        2
      ],
      [
        1,
        0,
        0,
        0,
        0,
        0,
        0,
        0,
        0,
        1
      ],
      [
        0,
        0,
        0,
        0,
        0,
        0,
        0,
        0,
        0,
        0
      ],
      [
        0,
        0,
        0,
        0,
        0,
        0,
        0,
        0,
        0,
        0
      ]
    ]
  },
  "features": {
    "color_entropy": 1.3946169838545441,
    "max_chain_depth": 10.0,
    "avg_cluster_size": 2.3157894736842106,
    "floating_potential": 1.5777777777777777,
    "density": 0.55,
    "shot_pressure": 0.3181818181818182
  },
  "bots": {
    "weak": {
      "bot_name": "weak",
      "runs": 60,
      "clear_rate": 1.0,
      "eac": 6.283333333333333,
      "eac_all": 6.283333333333333,
      "avg_popped": 50.28333333333333
    },
    "medium": {
      "bot_name": "medium",
      "runs": 60,
      "clear_rate": 1.0,
      "eac": 4.9,
      "eac_all": 4.9,
      "avg_popped": 48.9
    },
    "strong": {
      "bot_name": "strong",
      "runs": 60,
      "clear_rate": 1.0,
      "eac": 3.316666666666667,
      "eac_all": 3.316666666666667,
      "avg_popped": 47.31666666666667
    }
  },
  "spec": {
    "target_features": {
      "color_entropy": 1.3518859296652321,
      "max_chain_depth": 10,
      "floating_potential": 1.5807946982706067,
      "density": 0.42451179896184166
    },
    "weights": {
      "color_entropy": 1.0,
      "max_chain_depth": 0.5,
      "floating_potential": 1.0,
      "density": 2.0
    },
    "rows": 8,
    "cols": 10,
    "num_colors": 3,
    "shots_remaining": 14,
    "target_density": 0.42451179896184166,
    "num_seeds": 4,
    "level_index": 2,
    "symmetric": false,
    "symmetry_axis": "horizontal"
  },
  "rationale": {
    "summary": "초입 3색 — 키스톤 부유 훈련",
    "band": "L003: 초입 (3색)",
    "axis": "좌우 대칭 패턴 — 시각적 일관성, 양쪽 동시 학습 가능.",
    "intent": "부유 잠재력 1.6 — 천장과 약하게 연결된 키스톤 버블을 한 둘 떨어뜨리면 그 아래 부유 그룹이 함께 풀리도록 설계.",
    "key_feature": "floating_potential",
    "achieved": "floating_potential 일치 (목표 1.58 → 도달 1.58)",
    "expected_play": "기초 — 즉각 클리어 가능, 온보딩 적합. 봇 W100% / S100%, 평균 3발.",
    "skill_trained": "키스톤 버블 인식 — 부수면 풍성한 부유.",
    "notes": []
  }
}