{
  "level_id": "L004",
  "board": {
    "rows": 8,
    "cols": 10,
    "num_colors": 2,
    "shots_remaining": 12,
    "seed": 1004,
    "cells": [
      [
        2,
        1,
        2,
        1,
        2,
        2,
        1,
        2,
        1,
        2
      ],
      [
        1,
        2,
        1,
        0,
        0,
        0,
        0,
        1,
        2,
        1
      ],
      [
        1,
        1,
        2,
        1,
        0,
        0,
        1,
        2,
        1,
        1
      ],
      [
        2,
        0,
        0,
        2,
        0,
        0,
        2,
        0,
        0,
        2
      ],
      [
        0,
        1,
        0,
        0,
        0,
        0,
        0,
        0,
        0,
        0
      ],
      [
        0,
        2,
        0,
        0,
        0,
        0,
        0,
        0,
        0,
        0
      ],
      [
        0,
        0,
        1,
        2,
        0,
        0,
        0,
        0,
        0,
        0
      ],
      [
        0,
        0,
        0,
        0,
        0,
        0,
        0,
        0,
        0,
        0
      ]
    ]
  },
  "features": {
    "color_entropy": 1.0,
    "max_chain_depth": 11.0,
    "avg_cluster_size": 1.7777777777777777,
    "floating_potential": 1.9814814814814814,
    "density": 0.4,
    "shot_pressure": 0.375
  },
  "bots": {
    "weak": {
      "bot_name": "weak",
      "runs": 60,
      "clear_rate": 1.0,
      "eac": 13.966666666666667,
      "eac_all": 13.966666666666667,
      "avg_popped": 45.96666666666667
    },
    "medium": {
      "bot_name": "medium",
      "runs": 60,
      "clear_rate": 1.0,
      "eac": 9.883333333333333,
      "eac_all": 9.883333333333333,
      "avg_popped": 41.88333333333333
    },
    "strong": {
      "bot_name": "strong",
      "runs": 60,
      "clear_rate": 1.0,
      "eac": 10.383333333333333,
      "eac_all": 10.383333333333333,
      "avg_popped": 42.38333333333333
    }
  },
  "spec": {
    "target_features": {
      "color_entropy": 1.7592714202960837,
      "max_chain_depth": 11,
      "floating_potential": 0.936689736269225,
      "density": 0.39617971085066134
    },
    "weights": {
      "color_entropy": 1.0,
      "max_chain_depth": 0.5,
      "floating_potential": 1.0,
      "density": 2.0
    },
    "rows": 8,
    "cols": 10,
    "num_colors": 2,
    "shots_remaining": 12,
    "target_density": 0.39617971085066134,
    "num_seeds": 8,
    "level_index": 4,
    "symmetric": false,
    "symmetry_axis": "horizontal"
  },
  "rationale": {
    "summary": "초입 2색 — 큰 콤보 훈련",
    "band": "L005: 초입 (2색)",
    "axis": "좌우 대칭 패턴 — 시각적 일관성, 양쪽 동시 학습 가능.",
    "intent": "한 발에 11개 이상이 깨지는 클러스터를 의도적으로 배치해, 플레이어가 큰 콤보의 시각·청각 보상을 경험하도록 만든다.",
    "key_feature": "max_chain_depth",
    "achieved": "max_chain_depth 일치 (목표 11.00 → 도달 11.00)",
    "expected_play": "기초 — 즉각 클리어 가능, 온보딩 적합. 봇 W100% / S100%, 평균 10발.",
    "skill_trained": "큰 클러스터 식별과 한 발 콤보.",
    "notes": []
  }
}