{
  "level_id": "L005",
  "board": {
    "rows": 8,
    "cols": 10,
    "num_colors": 2,
    "shots_remaining": 12,
    "seed": 1005,
    "cells": [
      [
        2,
        1,
        2,
        1,
        2,
        2,
        1,
        2,
        1,
        2
      ],
      [
        0,
        1,
        1,
        2,
        1,
        1,
        2,
        1,
        1,
        0
      ],
      [
        0,
        1,
        2,
        2,
        2,
        2,
        2,
        2,
        1,
        0
      ],
      [
        0,
        2,
        1,
        1,
        1,
        1,
        1,
        1,
        2,
        0
      ],
      [
        0,
        0,
        0,
        2,
        0,
        0,
        2,
        0,
        0,
        0
      ],
      [
        0,
        0,
        0,
        0,
        0,
        0,
        0,
        0,
        0,
        0
      ],
      [
        0,
        0,
        0,
        0,
        0,
        0,
        0,
        0,
        0,
        0
      ],
      [
        0,
        0,
        0,
        0,
        0,
        0,
        0,
        0,
        0,
        0
      ]
    ]
  },
  "features": {
    "color_entropy": 1.0,
    "max_chain_depth": 14.0,
    "avg_cluster_size": 3.6,
    "floating_potential": 4.588235294117647,
    "density": 0.45,
    "shot_pressure": 0.3333333333333333
  },
  "bots": {
    "weak": {
      "bot_name": "weak",
      "runs": 60,
      "clear_rate": 1.0,
      "eac": 9.533333333333333,
      "eac_all": 9.533333333333333,
      "avg_popped": 45.53333333333333
    },
    "medium": {
      "bot_name": "medium",
      "runs": 60,
      "clear_rate": 1.0,
      "eac": 6.733333333333333,
      "eac_all": 6.733333333333333,
      "avg_popped": 42.733333333333334
    },
    "strong": {
      "bot_name": "strong",
      "runs": 60,
      "clear_rate": 1.0,
      "eac": 8.616666666666667,
      "eac_all": 8.616666666666667,
      "avg_popped": 44.61666666666667
    }
  },
  "spec": {
    "target_features": {
      "color_entropy": 1.456822329710961,
      "max_chain_depth": 6,
      "floating_potential": 1.5310536016138885,
      "density": 0.46437098327926396
    },
    "weights": {
      "color_entropy": 1.0,
      "max_chain_depth": 0.5,
      "floating_potential": 1.0,
      "density": 2.0
    },
    "rows": 8,
    "cols": 10,
    "num_colors": 2,
    "shots_remaining": 12,
    "target_density": 0.46437098327926396,
    "num_seeds": 4,
    "level_index": 5,
    "symmetric": false,
    "symmetry_axis": "horizontal"
  },
  "rationale": {
    "summary": "초입 2색 — 키스톤 부유 훈련",
    "band": "L006: 초입 (2색)",
    "axis": "좌우 대칭 패턴 — 시각적 일관성, 양쪽 동시 학습 가능.",
    "intent": "부유 잠재력 1.5 — 천장과 약하게 연결된 키스톤 버블을 한 둘 떨어뜨리면 그 아래 부유 그룹이 함께 풀리도록 설계.",
    "key_feature": "floating_potential",
    "achieved": "floating_potential +3.06 이탈 (목표 1.53 → 도달 4.59)",
    "expected_play": "기초 — 즉각 클리어 가능, 온보딩 적합. 봇 W100% / S100%, 평균 9발.",
    "skill_trained": "키스톤 버블 인식 — 부수면 풍성한 부유.",
    "notes": []
  }
}