{
  "level_id": "L006",
  "board": {
    "rows": 8,
    "cols": 10,
    "num_colors": 2,
    "shots_remaining": 12,
    "seed": 1006,
    "cells": [
      [
        0,
        1,
        0,
        1,
        2,
        2,
        1,
        0,
        1,
        0
      ],
      [
        2,
        0,
        0,
        0,
        0,
        0,
        0,
        0,
        0,
        0
      ],
      [
        0,
        1,
        0,
        0,
        0,
        0,
        0,
        0,
        0,
        0
      ],
      [
        0,
        0,
        0,
        0,
        0,
        0,
        0,
        0,
        0,
        0
      ],
      [
        0,
        0,
        0,
        0,
        0,
        0,
        0,
        0,
        0,
        0
      ],
      [
        0,
        0,
        0,
        0,
        0,
        0,
        0,
        0,
        0,
        0
      ],
      [
        0,
        0,
        0,
        0,
        0,
        0,
        0,
        0,
        0,
        0
      ],
      [
        0,
        0,
        0,
        0,
        0,
        0,
        0,
        0,
        0,
        0
      ]
    ]
  },
  "features": {
    "color_entropy": 0.954434002924965,
    "max_chain_depth": 5.0,
    "avg_cluster_size": 1.1428571428571428,
    "floating_potential": 0.65625,
    "density": 0.1,
    "shot_pressure": 1.5
  },
  "bots": {
    "weak": {
      "bot_name": "weak",
      "runs": 60,
      "clear_rate": 1.0,
      "eac": 5.75,
      "eac_all": 5.75,
      "avg_popped": 13.75
    },
    "medium": {
      "bot_name": "medium",
      "runs": 60,
      "clear_rate": 1.0,
      "eac": 4.416666666666667,
      "eac_all": 4.416666666666667,
      "avg_popped": 12.416666666666666
    },
    "strong": {
      "bot_name": "strong",
      "runs": 60,
      "clear_rate": 1.0,
      "eac": 4.016666666666667,
      "eac_all": 4.016666666666667,
      "avg_popped": 12.016666666666667
    }
  },
  "spec": {
    "target_features": {
      "color_entropy": 1.8495956820765098,
      "max_chain_depth": 5,
      "floating_potential": 0.5781928006303679,
      "density": 0.4529627220397721
    },
    "weights": {
      "color_entropy": 1.0,
      "max_chain_depth": 0.5,
      "floating_potential": 1.0,
      "density": 2.0
    },
    "rows": 8,
    "cols": 10,
    "num_colors": 2,
    "shots_remaining": 12,
    "target_density": 0.4529627220397721,
    "num_seeds": 4,
    "level_index": 6,
    "symmetric": false,
    "symmetry_axis": "horizontal"
  },
  "rationale": {
    "summary": "초입 2색 — 큰 콤보 훈련",
    "band": "L007: 초입 (2색)",
    "axis": "좌우 대칭 패턴 — 시각적 일관성, 양쪽 동시 학습 가능.",
    "intent": "한 발에 5개 이상이 깨지는 클러스터를 의도적으로 배치해, 플레이어가 큰 콤보의 시각·청각 보상을 경험하도록 만든다.",
    "key_feature": "max_chain_depth",
    "achieved": "max_chain_depth 일치 (목표 5.00 → 도달 5.00)",
    "expected_play": "기초 — 즉각 클리어 가능, 온보딩 적합. 봇 W100% / S100%, 평균 4발.",
    "skill_trained": "큰 클러스터 식별과 한 발 콤보.",
    "notes": [
      "밀도 0.3 미만 — 거의 빈 보드. 발사 수 점검 필요."
    ]
  }
}