{
  "level_id": "L007",
  "board": {
    "rows": 8,
    "cols": 10,
    "num_colors": 2,
    "shots_remaining": 12,
    "seed": 1007,
    "cells": [
      [
        2,
        1,
        2,
        2,
        1,
        1,
        2,
        2,
        1,
        2
      ],
      [
        2,
        2,
        1,
        1,
        2,
        2,
        1,
        1,
        2,
        2
      ],
      [
        1,
        0,
        0,
        1,
        2,
        2,
        1,
        0,
        0,
        1
      ],
      [
        2,
        0,
        0,
        1,
        2,
        2,
        1,
        0,
        0,
        2
      ],
      [
        1,
        0,
        0,
        2,
        1,
        1,
        2,
        0,
        0,
        1
      ],
      [
        0,
        0,
        0,
        0,
        0,
        0,
        0,
        0,
        2,
        0
      ],
      [
        0,
        0,
        0,
        0,
        0,
        0,
        0,
        0,
        0,
        0
      ],
      [
        0,
        0,
        0,
        0,
        0,
        0,
        0,
        0,
        0,
        0
      ]
    ]
  },
  "features": {
    "color_entropy": 0.9957274520849255,
    "max_chain_depth": 10.0,
    "avg_cluster_size": 2.7857142857142856,
    "floating_potential": 3.159090909090909,
    "density": 0.4875,
    "shot_pressure": 0.3076923076923077
  },
  "bots": {
    "weak": {
      "bot_name": "weak",
      "runs": 60,
      "clear_rate": 1.0,
      "eac": 8.816666666666666,
      "eac_all": 8.816666666666666,
      "avg_popped": 47.81666666666667
    },
    "medium": {
      "bot_name": "medium",
      "runs": 60,
      "clear_rate": 1.0,
      "eac": 7.916666666666667,
      "eac_all": 7.916666666666667,
      "avg_popped": 46.916666666666664
    },
    "strong": {
      "bot_name": "strong",
      "runs": 60,
      "clear_rate": 1.0,
      "eac": 7.633333333333334,
      "eac_all": 7.633333333333334,
      "avg_popped": 46.63333333333333
    }
  },
  "spec": {
    "target_features": {
      "color_entropy": 1.8464141664529354,
      "max_chain_depth": 6,
      "floating_potential": 0.4114091033799854,
      "density": 0.4760469359446091
    },
    "weights": {
      "color_entropy": 1.0,
      "max_chain_depth": 0.5,
      "floating_potential": 1.0,
      "density": 2.0
    },
    "rows": 8,
    "cols": 10,
    "num_colors": 2,
    "shots_remaining": 12,
    "target_density": 0.4760469359446091,
    "num_seeds": 6,
    "level_index": 7,
    "symmetric": false,
    "symmetry_axis": "horizontal"
  },
  "rationale": {
    "summary": "초입 2색 — 키스톤 부유 훈련",
    "band": "L008: 초입 (2색)",
    "axis": "좌우 대칭 패턴 — 시각적 일관성, 양쪽 동시 학습 가능.",
    "intent": "부유 잠재력 0.4 — 천장과 약하게 연결된 키스톤 버블을 한 둘 떨어뜨리면 그 아래 부유 그룹이 함께 풀리도록 설계.",
    "key_feature": "floating_potential",
    "achieved": "floating_potential +2.75 이탈 (목표 0.41 → 도달 3.16)",
    "expected_play": "기초 — 즉각 클리어 가능, 온보딩 적합. 봇 W100% / S100%, 평균 8발.",
    "skill_trained": "키스톤 버블 인식 — 부수면 풍성한 부유.",
    "notes": []
  }
}