{
  "level_id": "L008",
  "board": {
    "rows": 8,
    "cols": 10,
    "num_colors": 3,
    "shots_remaining": 14,
    "seed": 1008,
    "cells": [
      [
        2,
        2,
        2,
        2,
        2,
        2,
        2,
        2,
        2,
        2
      ],
      [
        1,
        3,
        1,
        3,
        1,
        1,
        3,
        1,
        3,
        1
      ],
      [
        3,
        2,
        0,
        0,
        1,
        1,
        0,
        0,
        2,
        3
      ],
      [
        0,
        1,
        0,
        0,
        2,
        2,
        0,
        0,
        1,
        0
      ],
      [
        0,
        0,
        2,
        0,
        0,
        0,
        0,
        0,
        0,
        2
      ],
      [
        0,
        3,
        0,
        0,
        0,
        0,
        0,
        0,
        3,
        0
      ],
      [
        0,
        2,
        0,
        0,
        0,
        0,
        0,
        0,
        2,
        0
      ],
      [
        0,
        0,
        0,
        0,
        0,
        0,
        0,
        0,
        0,
        0
      ]
    ]
  },
  "features": {
    "color_entropy": 1.4955380299191112,
    "max_chain_depth": 8.0,
    "avg_cluster_size": 1.6363636363636365,
    "floating_potential": 0.5833333333333334,
    "density": 0.45,
    "shot_pressure": 0.3888888888888889
  },
  "bots": {
    "weak": {
      "bot_name": "weak",
      "runs": 60,
      "clear_rate": 1.0,
      "eac": 4.416666666666667,
      "eac_all": 4.416666666666667,
      "avg_popped": 40.416666666666664
    },
    "medium": {
      "bot_name": "medium",
      "runs": 60,
      "clear_rate": 1.0,
      "eac": 3.4833333333333334,
      "eac_all": 3.4833333333333334,
      "avg_popped": 39.483333333333334
    },
    "strong": {
      "bot_name": "strong",
      "runs": 60,
      "clear_rate": 1.0,
      "eac": 2.683333333333333,
      "eac_all": 2.683333333333333,
      "avg_popped": 38.68333333333333
    }
  },
  "spec": {
    "target_features": {
      "color_entropy": 1.4382060554287786,
      "max_chain_depth": 8,
      "floating_potential": 0.4645589306043686,
      "density": 0.3508665901433988
    },
    "weights": {
      "color_entropy": 1.0,
      "max_chain_depth": 0.5,
      "floating_potential": 1.0,
      "density": 2.0
    },
    "rows": 8,
    "cols": 10,
    "num_colors": 3,
    "shots_remaining": 14,
    "target_density": 0.3508665901433988,
    "num_seeds": 7,
    "level_index": 8,
    "symmetric": false,
    "symmetry_axis": "horizontal"
  },
  "rationale": {
    "summary": "초입 3색 — 키스톤 부유 훈련",
    "band": "L009: 초입 (3색)",
    "axis": "좌우 대칭 패턴 — 시각적 일관성, 양쪽 동시 학습 가능.",
    "intent": "부유 잠재력 0.5 — 천장과 약하게 연결된 키스톤 버블을 한 둘 떨어뜨리면 그 아래 부유 그룹이 함께 풀리도록 설계.",
    "key_feature": "floating_potential",
    "achieved": "floating_potential +0.12 이탈 (목표 0.46 → 도달 0.58)",
    "expected_play": "기초 — 즉각 클리어 가능, 온보딩 적합. 봇 W100% / S100%, 평균 3발.",
    "skill_trained": "키스톤 버블 인식 — 부수면 풍성한 부유.",
    "notes": []
  }
}