{
  "level_id": "L009",
  "board": {
    "rows": 8,
    "cols": 10,
    "num_colors": 3,
    "shots_remaining": 14,
    "seed": 1009,
    "cells": [
      [
        1,
        3,
        3,
        2,
        2,
        2,
        2,
        3,
        3,
        1
      ],
      [
        3,
        2,
        1,
        1,
        3,
        3,
        1,
        1,
        2,
        3
      ],
      [
        2,
        2,
        1,
        0,
        2,
        2,
        0,
        1,
        2,
        2
      ],
      [
        1,
        3,
        3,
        2,
        1,
        1,
        2,
        3,
        3,
        1
      ],
      [
        0,
        2,
        1,
        2,
        3,
        3,
        2,
        1,
        2,
        0
      ],
      [
        1,
        3,
        0,
        0,
        0,
        0,
        0,
        0,
        3,
        0
      ],
      [
        0,
        0,
        2,
        0,
        0,
        0,
        0,
        0,
        0,
        0
      ],
      [
        0,
        0,
        0,
        0,
        0,
        0,
        0,
        0,
        0,
        0
      ]
    ]
  },
  "features": {
    "color_entropy": 1.5775765559836066,
    "max_chain_depth": 11.0,
    "avg_cluster_size": 1.8518518518518519,
    "floating_potential": 1.2037037037037037,
    "density": 0.625,
    "shot_pressure": 0.28
  },
  "bots": {
    "weak": {
      "bot_name": "weak",
      "runs": 60,
      "clear_rate": 0.9833333333333333,
      "eac": 24.25423728813559,
      "eac_all": 24.55,
      "avg_popped": 74.5
    },
    "medium": {
      "bot_name": "medium",
      "runs": 60,
      "clear_rate": 0.9833333333333333,
      "eac": 18.576271186440678,
      "eac_all": 18.966666666666665,
      "avg_popped": 68.88333333333334
    },
    "strong": {
      "bot_name": "strong",
      "runs": 60,
      "clear_rate": 1.0,
      "eac": 19.283333333333335,
      "eac_all": 19.283333333333335,
      "avg_popped": 69.28333333333333
    }
  },
  "spec": {
    "target_features": {
      "color_entropy": 1.885102471986056,
      "max_chain_depth": 11,
      "floating_potential": 1.0531787796992251,
      "density": 0.5672821150295919
    },
    "weights": {
      "color_entropy": 1.0,
      "max_chain_depth": 0.5,
      "floating_potential": 1.0,
      "density": 2.0
    },
    "rows": 8,
    "cols": 10,
    "num_colors": 3,
    "shots_remaining": 14,
    "target_density": 0.5672821150295919,
    "num_seeds": 7,
    "level_index": 9,
    "symmetric": false,
    "symmetry_axis": "horizontal"
  },
  "rationale": {
    "summary": "초입 3색 — 큰 콤보 훈련",
    "band": "L010: 초입 (3색)",
    "axis": "좌우 대칭 패턴 — 시각적 일관성, 양쪽 동시 학습 가능.",
    "intent": "한 발에 11개 이상이 깨지는 클러스터를 의도적으로 배치해, 플레이어가 큰 콤보의 시각·청각 보상을 경험하도록 만든다.",
    "key_feature": "max_chain_depth",
    "achieved": "max_chain_depth 일치 (목표 11.00 → 도달 11.00)",
    "expected_play": "기초 — 즉각 클리어 가능, 온보딩 적합. 봇 W98% / S100%, 평균 19발.",
    "skill_trained": "큰 클러스터 식별과 한 발 콤보.",
    "notes": []
  }
}