{
  "level_id": "L010",
  "board": {
    "rows": 8,
    "cols": 10,
    "num_colors": 4,
    "shots_remaining": 16,
    "seed": 1010,
    "cells": [
      [
        2,
        4,
        4,
        3,
        3,
        3,
        3,
        4,
        4,
        2
      ],
      [
        4,
        3,
        4,
        4,
        2,
        2,
        4,
        4,
        3,
        4
      ],
      [
        2,
        3,
        4,
        2,
        1,
        1,
        2,
        4,
        3,
        2
      ],
      [
        0,
        1,
        1,
        2,
        0,
        0,
        2,
        1,
        1,
        0
      ],
      [
        0,
        0,
        1,
        3,
        1,
        1,
        3,
        1,
        0,
        0
      ],
      [
        0,
        3,
        3,
        0,
        1,
        1,
        0,
        0,
        0,
        0
      ],
      [
        0,
        0,
        0,
        0,
        0,
        0,
        0,
        0,
        0,
        0
      ],
      [
        0,
        0,
        0,
        0,
        0,
        0,
        0,
        0,
        0,
        0
      ]
    ]
  },
  "features": {
    "color_entropy": 1.9957808479084207,
    "max_chain_depth": 8.0,
    "avg_cluster_size": 2.5555555555555554,
    "floating_potential": 1.4852941176470589,
    "density": 0.575,
    "shot_pressure": 0.34782608695652173
  },
  "bots": {
    "weak": {
      "bot_name": "weak",
      "runs": 60,
      "clear_rate": 0.9,
      "eac": 28.25925925925926,
      "eac_all": 30.233333333333334,
      "avg_popped": 75.86666666666666
    },
    "medium": {
      "bot_name": "medium",
      "runs": 60,
      "clear_rate": 0.8833333333333333,
      "eac": 24.92452830188679,
      "eac_all": 27.616666666666667,
      "avg_popped": 73.2
    },
    "strong": {
      "bot_name": "strong",
      "runs": 60,
      "clear_rate": 0.9333333333333333,
      "eac": 22.803571428571427,
      "eac_all": 24.483333333333334,
      "avg_popped": 70.18333333333334
    }
  },
  "spec": {
    "target_features": {
      "color_entropy": 1.9907264987266398,
      "max_chain_depth": 8,
      "floating_potential": 1.4706890905293584,
      "density": 0.5703811977284841
    },
    "weights": {
      "color_entropy": 1.0,
      "max_chain_depth": 0.5,
      "floating_potential": 1.0,
      "density": 2.0
    },
    "rows": 8,
    "cols": 10,
    "num_colors": 4,
    "shots_remaining": 16,
    "target_density": 0.5703811977284841,
    "num_seeds": 5,
    "level_index": 10,
    "symmetric": false,
    "symmetry_axis": "horizontal"
  },
  "rationale": {
    "summary": "초반 4색 — 색 분리 훈련",
    "band": "L011: 초반 (4색)",
    "axis": "좌우 대칭 패턴 — 시각적 일관성, 양쪽 동시 학습 가능.",
    "intent": "색 엔트로피 1.99로 색 분포를 균등화. 4색 중 매칭 후보를 빠르게 골라내는 시야 훈련.",
    "key_feature": "color_entropy",
    "achieved": "color_entropy 일치 (목표 1.99 → 도달 2.00)",
    "expected_play": "기초 — 즉각 클리어 가능, 온보딩 적합. 봇 W90% / S93%, 평균 24발.",
    "skill_trained": "4색 분리와 빠른 색 탐색.",
    "notes": []
  }
}