{
  "level_id": "L011",
  "board": {
    "rows": 8,
    "cols": 10,
    "num_colors": 3,
    "shots_remaining": 14,
    "seed": 1011,
    "cells": [
      [
        0,
        3,
        3,
        1,
        2,
        2,
        1,
        3,
        3,
        0
      ],
      [
        0,
        2,
        1,
        2,
        1,
        1,
        2,
        1,
        2,
        0
      ],
      [
        0,
        0,
        2,
        3,
        2,
        2,
        3,
        2,
        0,
        0
      ],
      [
        0,
        1,
        3,
        1,
        3,
        3,
        1,
        3,
        1,
        0
      ],
      [
        0,
        2,
        0,
        0,
        0,
        0,
        0,
        0,
        2,
        0
      ],
      [
        0,
        3,
        1,
        0,
        0,
        0,
        0,
        1,
        3,
        0
      ],
      [
        0,
        0,
        0,
        0,
        0,
        0,
        0,
        0,
        0,
        0
      ],
      [
        0,
        0,
        0,
        0,
        0,
        0,
        0,
        0,
        0,
        0
      ]
    ]
  },
  "features": {
    "color_entropy": 1.584962500721156,
    "max_chain_depth": 5.0,
    "avg_cluster_size": 1.6363636363636365,
    "floating_potential": 0.654320987654321,
    "density": 0.45,
    "shot_pressure": 0.3888888888888889
  },
  "bots": {
    "weak": {
      "bot_name": "weak",
      "runs": 60,
      "clear_rate": 1.0,
      "eac": 12.95,
      "eac_all": 12.95,
      "avg_popped": 48.95
    },
    "medium": {
      "bot_name": "medium",
      "runs": 60,
      "clear_rate": 0.9833333333333333,
      "eac": 11.084745762711865,
      "eac_all": 11.6,
      "avg_popped": 47.55
    },
    "strong": {
      "bot_name": "strong",
      "runs": 60,
      "clear_rate": 1.0,
      "eac": 10.133333333333333,
      "eac_all": 10.133333333333333,
      "avg_popped": 46.13333333333333
    }
  },
  "spec": {
    "target_features": {
      "color_entropy": 1.868420327483471,
      "max_chain_depth": 5,
      "floating_potential": 0.6214077915179628,
      "density": 0.43968215365792085
    },
    "weights": {
      "color_entropy": 1.0,
      "max_chain_depth": 0.5,
      "floating_potential": 1.0,
      "density": 2.0
    },
    "rows": 8,
    "cols": 10,
    "num_colors": 3,
    "shots_remaining": 14,
    "target_density": 0.43968215365792085,
    "num_seeds": 5,
    "level_index": 11,
    "symmetric": false,
    "symmetry_axis": "horizontal"
  },
  "rationale": {
    "summary": "초반 3색 — 큰 콤보 훈련",
    "band": "L012: 초반 (3색)",
    "axis": "좌우 대칭 패턴 — 시각적 일관성, 양쪽 동시 학습 가능.",
    "intent": "한 발에 5개 이상이 깨지는 클러스터를 의도적으로 배치해, 플레이어가 큰 콤보의 시각·청각 보상을 경험하도록 만든다.",
    "key_feature": "max_chain_depth",
    "achieved": "max_chain_depth 일치 (목표 5.00 → 도달 5.00)",
    "expected_play": "기초 — 즉각 클리어 가능, 온보딩 적합. 봇 W100% / S100%, 평균 10발.",
    "skill_trained": "큰 클러스터 식별과 한 발 콤보.",
    "notes": []
  }
}