{
  "level_id": "L012",
  "board": {
    "rows": 8,
    "cols": 10,
    "num_colors": 3,
    "shots_remaining": 14,
    "seed": 1012,
    "cells": [
      [
        0,
        2,
        3,
        1,
        3,
        3,
        1,
        3,
        2,
        0
      ],
      [
        2,
        2,
        1,
        1,
        2,
        2,
        1,
        1,
        2,
        2
      ],
      [
        1,
        3,
        2,
        3,
        1,
        1,
        3,
        2,
        3,
        1
      ],
      [
        2,
        3,
        3,
        2,
        3,
        3,
        2,
        3,
        3,
        2
      ],
      [
        0,
        0,
        0,
        1,
        0,
        0,
        1,
        0,
        0,
        0
      ],
      [
        0,
        0,
        2,
        1,
        0,
        0,
        1,
        2,
        0,
        0
      ],
      [
        0,
        0,
        0,
        0,
        0,
        0,
        0,
        0,
        0,
        0
      ],
      [
        0,
        0,
        0,
        0,
        0,
        0,
        0,
        0,
        0,
        0
      ]
    ]
  },
  "features": {
    "color_entropy": 1.5820239409642765,
    "max_chain_depth": 5.0,
    "avg_cluster_size": 2.0952380952380953,
    "floating_potential": 1.3833333333333333,
    "density": 0.55,
    "shot_pressure": 0.3181818181818182
  },
  "bots": {
    "weak": {
      "bot_name": "weak",
      "runs": 60,
      "clear_rate": 0.95,
      "eac": 21.982456140350877,
      "eac_all": 22.983333333333334,
      "avg_popped": 66.81666666666666
    },
    "medium": {
      "bot_name": "medium",
      "runs": 60,
      "clear_rate": 1.0,
      "eac": 16.65,
      "eac_all": 16.65,
      "avg_popped": 60.65
    },
    "strong": {
      "bot_name": "strong",
      "runs": 60,
      "clear_rate": 1.0,
      "eac": 14.85,
      "eac_all": 14.85,
      "avg_popped": 58.85
    }
  },
  "spec": {
    "target_features": {
      "color_entropy": 1.6133848174425338,
      "max_chain_depth": 5,
      "floating_potential": 1.388628681491781,
      "density": 0.5474565746911544
    },
    "weights": {
      "color_entropy": 1.0,
      "max_chain_depth": 0.5,
      "floating_potential": 1.0,
      "density": 2.0
    },
    "rows": 8,
    "cols": 10,
    "num_colors": 3,
    "shots_remaining": 14,
    "target_density": 0.5474565746911544,
    "num_seeds": 6,
    "level_index": 12,
    "symmetric": false,
    "symmetry_axis": "horizontal"
  },
  "rationale": {
    "summary": "초반 3색 — 큰 콤보 훈련",
    "band": "L013: 초반 (3색)",
    "axis": "좌우 대칭 패턴 — 시각적 일관성, 양쪽 동시 학습 가능.",
    "intent": "한 발에 5개 이상이 깨지는 클러스터를 의도적으로 배치해, 플레이어가 큰 콤보의 시각·청각 보상을 경험하도록 만든다.",
    "key_feature": "max_chain_depth",
    "achieved": "max_chain_depth 일치 (목표 5.00 → 도달 5.00)",
    "expected_play": "기초 — 즉각 클리어 가능, 온보딩 적합. 봇 W95% / S100%, 평균 15발.",
    "skill_trained": "큰 클러스터 식별과 한 발 콤보.",
    "notes": []
  }
}