{
  "level_id": "L013",
  "board": {
    "rows": 8,
    "cols": 10,
    "num_colors": 3,
    "shots_remaining": 14,
    "seed": 1013,
    "cells": [
      [
        2,
        2,
        3,
        2,
        0,
        0,
        2,
        3,
        2,
        2
      ],
      [
        1,
        3,
        1,
        0,
        0,
        0,
        0,
        1,
        3,
        1
      ],
      [
        3,
        2,
        3,
        1,
        0,
        0,
        1,
        3,
        2,
        3
      ],
      [
        1,
        0,
        3,
        0,
        3,
        3,
        0,
        3,
        0,
        1
      ],
      [
        3,
        0,
        0,
        2,
        1,
        1,
        2,
        0,
        0,
        3
      ],
      [
        2,
        0,
        0,
        0,
        0,
        0,
        0,
        0,
        1,
        2
      ],
      [
        0,
        3,
        0,
        0,
        0,
        0,
        0,
        0,
        3,
        0
      ],
      [
        0,
        0,
        0,
        0,
        0,
        0,
        0,
        0,
        0,
        0
      ]
    ]
  },
  "features": {
    "color_entropy": 1.565574069793937,
    "max_chain_depth": 11.0,
    "avg_cluster_size": 1.3448275862068966,
    "floating_potential": 0.8888888888888888,
    "density": 0.4875,
    "shot_pressure": 0.358974358974359
  },
  "bots": {
    "weak": {
      "bot_name": "weak",
      "runs": 60,
      "clear_rate": 1.0,
      "eac": 18.683333333333334,
      "eac_all": 18.683333333333334,
      "avg_popped": 57.68333333333333
    },
    "medium": {
      "bot_name": "medium",
      "runs": 60,
      "clear_rate": 0.9833333333333333,
      "eac": 15.389830508474576,
      "eac_all": 15.833333333333334,
      "avg_popped": 54.75
    },
    "strong": {
      "bot_name": "strong",
      "runs": 60,
      "clear_rate": 0.9833333333333333,
      "eac": 12.745762711864407,
      "eac_all": 13.233333333333333,
      "avg_popped": 52.18333333333333
    }
  },
  "spec": {
    "target_features": {
      "color_entropy": 1.562762627243039,
      "max_chain_depth": 11,
      "floating_potential": 0.7291415451620611,
      "density": 0.46785351242925993
    },
    "weights": {
      "color_entropy": 1.0,
      "max_chain_depth": 0.5,
      "floating_potential": 1.0,
      "density": 2.0
    },
    "rows": 8,
    "cols": 10,
    "num_colors": 3,
    "shots_remaining": 14,
    "target_density": 0.46785351242925993,
    "num_seeds": 5,
    "level_index": 13,
    "symmetric": false,
    "symmetry_axis": "horizontal"
  },
  "rationale": {
    "summary": "초반 3색 — 큰 콤보 훈련",
    "band": "L014: 초반 (3색)",
    "axis": "좌우 대칭 패턴 — 시각적 일관성, 양쪽 동시 학습 가능.",
    "intent": "한 발에 11개 이상이 깨지는 클러스터를 의도적으로 배치해, 플레이어가 큰 콤보의 시각·청각 보상을 경험하도록 만든다.",
    "key_feature": "max_chain_depth",
    "achieved": "max_chain_depth 일치 (목표 11.00 → 도달 11.00)",
    "expected_play": "기초 — 즉각 클리어 가능, 온보딩 적합. 봇 W100% / S98%, 평균 13발.",
    "skill_trained": "큰 클러스터 식별과 한 발 콤보.",
    "notes": []
  }
}