{
  "level_id": "L014",
  "board": {
    "rows": 8,
    "cols": 10,
    "num_colors": 3,
    "shots_remaining": 14,
    "seed": 1014,
    "cells": [
      [
        2,
        2,
        2,
        2,
        3,
        3,
        2,
        2,
        2,
        2
      ],
      [
        3,
        3,
        2,
        3,
        3,
        3,
        3,
        2,
        3,
        3
      ],
      [
        3,
        3,
        2,
        2,
        2,
        2,
        2,
        2,
        3,
        3
      ],
      [
        0,
        3,
        1,
        3,
        1,
        1,
        3,
        1,
        3,
        0
      ],
      [
        0,
        2,
        3,
        2,
        0,
        0,
        2,
        3,
        2,
        0
      ],
      [
        3,
        0,
        1,
        0,
        0,
        0,
        0,
        1,
        0,
        0
      ],
      [
        0,
        0,
        0,
        3,
        0,
        0,
        0,
        0,
        0,
        0
      ],
      [
        0,
        0,
        0,
        0,
        0,
        0,
        0,
        0,
        0,
        0
      ]
    ]
  },
  "features": {
    "color_entropy": 1.4171326567191826,
    "max_chain_depth": 9.0,
    "avg_cluster_size": 2.823529411764706,
    "floating_potential": 0.6842105263157895,
    "density": 0.6,
    "shot_pressure": 0.2916666666666667
  },
  "bots": {
    "weak": {
      "bot_name": "weak",
      "runs": 60,
      "clear_rate": 1.0,
      "eac": 7.933333333333334,
      "eac_all": 7.933333333333334,
      "avg_popped": 55.93333333333333
    },
    "medium": {
      "bot_name": "medium",
      "runs": 60,
      "clear_rate": 1.0,
      "eac": 7.283333333333333,
      "eac_all": 7.283333333333333,
      "avg_popped": 55.28333333333333
    },
    "strong": {
      "bot_name": "strong",
      "runs": 60,
      "clear_rate": 1.0,
      "eac": 5.583333333333333,
      "eac_all": 5.583333333333333,
      "avg_popped": 53.583333333333336
    }
  },
  "spec": {
    "target_features": {
      "color_entropy": 1.2612818029581814,
      "max_chain_depth": 9,
      "floating_potential": 0.5183363473166435,
      "density": 0.47940957448721455
    },
    "weights": {
      "color_entropy": 1.0,
      "max_chain_depth": 0.5,
      "floating_potential": 1.0,
      "density": 2.0
    },
    "rows": 8,
    "cols": 10,
    "num_colors": 3,
    "shots_remaining": 14,
    "target_density": 0.47940957448721455,
    "num_seeds": 6,
    "level_index": 14,
    "symmetric": false,
    "symmetry_axis": "horizontal"
  },
  "rationale": {
    "summary": "초반 3색 — 색 분리 훈련",
    "band": "L015: 초반 (3색)",
    "axis": "좌우 대칭 패턴 — 시각적 일관성, 양쪽 동시 학습 가능.",
    "intent": "색 엔트로피 1.26로 색 분포를 균등화. 3색 중 매칭 후보를 빠르게 골라내는 시야 훈련.",
    "key_feature": "color_entropy",
    "achieved": "color_entropy +0.16 이탈 (목표 1.26 → 도달 1.42)",
    "expected_play": "기초 — 즉각 클리어 가능, 온보딩 적합. 봇 W100% / S100%, 평균 6발.",
    "skill_trained": "3색 분리와 빠른 색 탐색.",
    "notes": []
  }
}