{
  "level_id": "L015",
  "board": {
    "rows": 8,
    "cols": 10,
    "num_colors": 3,
    "shots_remaining": 14,
    "seed": 1015,
    "cells": [
      [
        3,
        2,
        3,
        2,
        2,
        2,
        2,
        3,
        2,
        3
      ],
      [
        1,
        2,
        0,
        1,
        3,
        3,
        1,
        0,
        2,
        1
      ],
      [
        2,
        3,
        2,
        2,
        3,
        3,
        2,
        2,
        3,
        2
      ],
      [
        0,
        1,
        3,
        1,
        0,
        0,
        1,
        3,
        1,
        0
      ],
      [
        0,
        2,
        0,
        3,
        2,
        2,
        3,
        0,
        2,
        0
      ],
      [
        3,
        0,
        0,
        1,
        0,
        0,
        1,
        0,
        0,
        0
      ],
      [
        2,
        0,
        0,
        3,
        0,
        0,
        3,
        0,
        0,
        0
      ],
      [
        0,
        0,
        0,
        2,
        0,
        0,
        2,
        0,
        0,
        0
      ]
    ]
  },
  "features": {
    "color_entropy": 1.5236121855444196,
    "max_chain_depth": 9.0,
    "avg_cluster_size": 1.4545454545454546,
    "floating_potential": 1.0384615384615385,
    "density": 0.6,
    "shot_pressure": 0.2916666666666667
  },
  "bots": {
    "weak": {
      "bot_name": "weak",
      "runs": 60,
      "clear_rate": 0.9666666666666667,
      "eac": 21.103448275862068,
      "eac_all": 21.8,
      "avg_popped": 69.65
    },
    "medium": {
      "bot_name": "medium",
      "runs": 60,
      "clear_rate": 1.0,
      "eac": 11.783333333333333,
      "eac_all": 11.783333333333333,
      "avg_popped": 59.78333333333333
    },
    "strong": {
      "bot_name": "strong",
      "runs": 60,
      "clear_rate": 1.0,
      "eac": 11.916666666666666,
      "eac_all": 11.916666666666666,
      "avg_popped": 59.916666666666664
    }
  },
  "spec": {
    "target_features": {
      "color_entropy": 1.5220337069468368,
      "max_chain_depth": 9,
      "floating_potential": 1.0036770502776813,
      "density": 0.622547611874835
    },
    "weights": {
      "color_entropy": 1.0,
      "max_chain_depth": 0.5,
      "floating_potential": 1.0,
      "density": 2.0
    },
    "rows": 8,
    "cols": 10,
    "num_colors": 3,
    "shots_remaining": 14,
    "target_density": 0.622547611874835,
    "num_seeds": 5,
    "level_index": 15,
    "symmetric": false,
    "symmetry_axis": "horizontal"
  },
  "rationale": {
    "summary": "초반 3색 — 큰 콤보 훈련",
    "band": "L016: 초반 (3색)",
    "axis": "좌우 대칭 패턴 — 시각적 일관성, 양쪽 동시 학습 가능.",
    "intent": "한 발에 9개 이상이 깨지는 클러스터를 의도적으로 배치해, 플레이어가 큰 콤보의 시각·청각 보상을 경험하도록 만든다.",
    "key_feature": "max_chain_depth",
    "achieved": "max_chain_depth 일치 (목표 9.00 → 도달 9.00)",
    "expected_play": "기초 — 즉각 클리어 가능, 온보딩 적합. 봇 W97% / S100%, 평균 12발.",
    "skill_trained": "큰 클러스터 식별과 한 발 콤보.",
    "notes": []
  }
}