{
  "level_id": "L018",
  "board": {
    "rows": 8,
    "cols": 10,
    "num_colors": 4,
    "shots_remaining": 16,
    "seed": 1018,
    "cells": [
      [
        2,
        2,
        2,
        2,
        2,
        2,
        2,
        2,
        2,
        2
      ],
      [
        2,
        2,
        2,
        1,
        3,
        3,
        1,
        2,
        2,
        2
      ],
      [
        1,
        3,
        3,
        3,
        2,
        2,
        3,
        3,
        3,
        1
      ],
      [
        2,
        0,
        2,
        1,
        0,
        0,
        1,
        2,
        0,
        2
      ],
      [
        1,
        0,
        0,
        2,
        0,
        0,
        2,
        0,
        0,
        1
      ],
      [
        1,
        0,
        0,
        0,
        0,
        0,
        0,
        0,
        0,
        1
      ],
      [
        2,
        2,
        2,
        0,
        0,
        0,
        0,
        2,
        2,
        2
      ],
      [
        0,
        0,
        0,
        0,
        0,
        0,
        0,
        0,
        0,
        0
      ]
    ]
  },
  "features": {
    "color_entropy": 1.3260875253642983,
    "max_chain_depth": 9.0,
    "avg_cluster_size": 2.526315789473684,
    "floating_potential": 1.4326923076923077,
    "density": 0.6,
    "shot_pressure": 0.3333333333333333
  },
  "bots": {
    "weak": {
      "bot_name": "weak",
      "runs": 60,
      "clear_rate": 1.0,
      "eac": 8.833333333333334,
      "eac_all": 8.833333333333334,
      "avg_popped": 56.833333333333336
    },
    "medium": {
      "bot_name": "medium",
      "runs": 60,
      "clear_rate": 1.0,
      "eac": 5.35,
      "eac_all": 5.35,
      "avg_popped": 53.35
    },
    "strong": {
      "bot_name": "strong",
      "runs": 60,
      "clear_rate": 1.0,
      "eac": 4.75,
      "eac_all": 4.75,
      "avg_popped": 52.75
    }
  },
  "spec": {
    "target_features": {
      "color_entropy": 1.3058083915481562,
      "max_chain_depth": 9,
      "floating_potential": 1.4395493549301346,
      "density": 0.589391939417376
    },
    "weights": {
      "color_entropy": 1.0,
      "max_chain_depth": 0.5,
      "floating_potential": 1.0,
      "density": 2.0
    },
    "rows": 8,
    "cols": 10,
    "num_colors": 4,
    "shots_remaining": 16,
    "target_density": 0.589391939417376,
    "num_seeds": 4,
    "level_index": 18,
    "symmetric": false,
    "symmetry_axis": "horizontal"
  },
  "rationale": {
    "summary": "초반 4색 — 색 분리 훈련",
    "band": "L019: 초반 (4색)",
    "axis": "좌우 대칭 패턴 — 시각적 일관성, 양쪽 동시 학습 가능.",
    "intent": "색 엔트로피 1.31로 색 분포를 균등화. 4색 중 매칭 후보를 빠르게 골라내는 시야 훈련.",
    "key_feature": "color_entropy",
    "achieved": "color_entropy 일치 (목표 1.31 → 도달 1.33)",
    "expected_play": "기초 — 즉각 클리어 가능, 온보딩 적합. 봇 W100% / S100%, 평균 5발.",
    "skill_trained": "4색 분리와 빠른 색 탐색.",
    "notes": []
  }
}