{
  "level_id": "L019",
  "board": {
    "rows": 8,
    "cols": 10,
    "num_colors": 3,
    "shots_remaining": 14,
    "seed": 1019,
    "cells": [
      [
        3,
        3,
        3,
        1,
        3,
        3,
        1,
        3,
        3,
        3
      ],
      [
        2,
        1,
        2,
        1,
        1,
        1,
        1,
        2,
        1,
        2
      ],
      [
        3,
        0,
        3,
        2,
        3,
        3,
        2,
        3,
        0,
        3
      ],
      [
        1,
        3,
        1,
        0,
        0,
        0,
        0,
        1,
        3,
        1
      ],
      [
        0,
        0,
        0,
        3,
        0,
        0,
        0,
        0,
        0,
        0
      ],
      [
        0,
        0,
        0,
        0,
        0,
        0,
        0,
        0,
        0,
        0
      ],
      [
        0,
        0,
        0,
        0,
        0,
        0,
        0,
        0,
        0,
        0
      ],
      [
        0,
        0,
        0,
        0,
        0,
        0,
        0,
        0,
        0,
        0
      ]
    ]
  },
  "features": {
    "color_entropy": 1.4716774936810642,
    "max_chain_depth": 6.0,
    "avg_cluster_size": 1.6666666666666667,
    "floating_potential": 1.0,
    "density": 0.4375,
    "shot_pressure": 0.4
  },
  "bots": {
    "weak": {
      "bot_name": "weak",
      "runs": 60,
      "clear_rate": 0.9666666666666667,
      "eac": 15.879310344827585,
      "eac_all": 16.75,
      "avg_popped": 51.68333333333333
    },
    "medium": {
      "bot_name": "medium",
      "runs": 60,
      "clear_rate": 1.0,
      "eac": 7.366666666666666,
      "eac_all": 7.366666666666666,
      "avg_popped": 42.36666666666667
    },
    "strong": {
      "bot_name": "strong",
      "runs": 60,
      "clear_rate": 1.0,
      "eac": 7.283333333333333,
      "eac_all": 7.283333333333333,
      "avg_popped": 42.28333333333333
    }
  },
  "spec": {
    "target_features": {
      "color_entropy": 1.4204640302864915,
      "max_chain_depth": 6,
      "floating_potential": 0.9561458122385437,
      "density": 0.47448554365629025
    },
    "weights": {
      "color_entropy": 1.0,
      "max_chain_depth": 0.5,
      "floating_potential": 1.0,
      "density": 2.0
    },
    "rows": 8,
    "cols": 10,
    "num_colors": 3,
    "shots_remaining": 14,
    "target_density": 0.47448554365629025,
    "num_seeds": 7,
    "level_index": 19,
    "symmetric": false,
    "symmetry_axis": "horizontal"
  },
  "rationale": {
    "summary": "초반 3색 — 큰 콤보 훈련",
    "band": "L020: 초반 (3색)",
    "axis": "좌우 대칭 패턴 — 시각적 일관성, 양쪽 동시 학습 가능.",
    "intent": "한 발에 6개 이상이 깨지는 클러스터를 의도적으로 배치해, 플레이어가 큰 콤보의 시각·청각 보상을 경험하도록 만든다.",
    "key_feature": "max_chain_depth",
    "achieved": "max_chain_depth 일치 (목표 6.00 → 도달 6.00)",
    "expected_play": "기초 — 즉각 클리어 가능, 온보딩 적합. 봇 W97% / S100%, 평균 7발.",
    "skill_trained": "큰 클러스터 식별과 한 발 콤보.",
    "notes": []
  }
}