{
  "level_id": "L021",
  "board": {
    "rows": 8,
    "cols": 10,
    "num_colors": 4,
    "shots_remaining": 16,
    "seed": 1021,
    "cells": [
      [
        4,
        4,
        3,
        0,
        3,
        3,
        0,
        3,
        4,
        4
      ],
      [
        4,
        4,
        0,
        0,
        4,
        4,
        0,
        0,
        4,
        4
      ],
      [
        3,
        1,
        4,
        3,
        0,
        0,
        3,
        4,
        1,
        3
      ],
      [
        0,
        2,
        3,
        4,
        3,
        3,
        4,
        3,
        2,
        0
      ],
      [
        0,
        0,
        0,
        0,
        4,
        4,
        0,
        0,
        0,
        0
      ],
      [
        0,
        0,
        4,
        3,
        0,
        0,
        0,
        0,
        0,
        0
      ],
      [
        0,
        0,
        0,
        0,
        0,
        0,
        0,
        0,
        0,
        0
      ],
      [
        0,
        0,
        0,
        0,
        0,
        0,
        0,
        0,
        0,
        0
      ]
    ]
  },
  "features": {
    "color_entropy": 1.5112103519241642,
    "max_chain_depth": 11.0,
    "avg_cluster_size": 1.7894736842105263,
    "floating_potential": 1.2717391304347827,
    "density": 0.425,
    "shot_pressure": 0.47058823529411764
  },
  "bots": {
    "weak": {
      "bot_name": "weak",
      "runs": 60,
      "clear_rate": 0.85,
      "eac": 24.352941176470587,
      "eac_all": 27.9,
      "avg_popped": 61.38333333333333
    },
    "medium": {
      "bot_name": "medium",
      "runs": 60,
      "clear_rate": 0.85,
      "eac": 23.58823529411765,
      "eac_all": 27.25,
      "avg_popped": 60.71666666666667
    },
    "strong": {
      "bot_name": "strong",
      "runs": 60,
      "clear_rate": 1.0,
      "eac": 23.583333333333332,
      "eac_all": 23.583333333333332,
      "avg_popped": 57.583333333333336
    }
  },
  "spec": {
    "target_features": {
      "color_entropy": 1.322131701112936,
      "max_chain_depth": 11,
      "floating_potential": 1.1885253124072128,
      "density": 0.45056440984803503
    },
    "weights": {
      "color_entropy": 1.0,
      "max_chain_depth": 0.5,
      "floating_potential": 1.0,
      "density": 2.0
    },
    "rows": 8,
    "cols": 10,
    "num_colors": 4,
    "shots_remaining": 16,
    "target_density": 0.45056440984803503,
    "num_seeds": 7,
    "level_index": 21,
    "symmetric": false,
    "symmetry_axis": "horizontal"
  },
  "rationale": {
    "summary": "중반 4색 — 큰 콤보 훈련",
    "band": "L022: 중반 (4색)",
    "axis": "좌우 대칭 패턴 — 시각적 일관성, 양쪽 동시 학습 가능.",
    "intent": "한 발에 11개 이상이 깨지는 클러스터를 의도적으로 배치해, 플레이어가 큰 콤보의 시각·청각 보상을 경험하도록 만든다.",
    "key_feature": "max_chain_depth",
    "achieved": "max_chain_depth 일치 (목표 11.00 → 도달 11.00)",
    "expected_play": "기초 — 즉각 클리어 가능, 온보딩 적합. 봇 W85% / S100%, 평균 24발.",
    "skill_trained": "큰 클러스터 식별과 한 발 콤보.",
    "notes": []
  }
}