{
  "level_id": "L023",
  "board": {
    "rows": 8,
    "cols": 10,
    "num_colors": 4,
    "shots_remaining": 16,
    "seed": 1023,
    "cells": [
      [
        2,
        1,
        0,
        2,
        1,
        1,
        2,
        0,
        1,
        2
      ],
      [
        3,
        0,
        3,
        3,
        0,
        0,
        3,
        3,
        0,
        3
      ],
      [
        0,
        1,
        3,
        4,
        0,
        0,
        4,
        3,
        1,
        0
      ],
      [
        0,
        2,
        2,
        0,
        1,
        1,
        0,
        2,
        2,
        0
      ],
      [
        0,
        0,
        0,
        3,
        2,
        2,
        3,
        0,
        0,
        0
      ],
      [
        0,
        0,
        1,
        0,
        0,
        0,
        0,
        0,
        0,
        0
      ],
      [
        0,
        0,
        0,
        3,
        0,
        0,
        0,
        0,
        0,
        0
      ],
      [
        0,
        0,
        0,
        0,
        0,
        0,
        0,
        0,
        0,
        0
      ]
    ]
  },
  "features": {
    "color_entropy": 1.8186764447854777,
    "max_chain_depth": 8.0,
    "avg_cluster_size": 1.391304347826087,
    "floating_potential": 1.0625,
    "density": 0.4,
    "shot_pressure": 0.5
  },
  "bots": {
    "weak": {
      "bot_name": "weak",
      "runs": 60,
      "clear_rate": 0.5833333333333334,
      "eac": 37.4,
      "eac_all": 41.81666666666667,
      "avg_popped": 72.3
    },
    "medium": {
      "bot_name": "medium",
      "runs": 60,
      "clear_rate": 0.6,
      "eac": 32.388888888888886,
      "eac_all": 38.63333333333333,
      "avg_popped": 69.3
    },
    "strong": {
      "bot_name": "strong",
      "runs": 60,
      "clear_rate": 0.9166666666666666,
      "eac": 32.54545454545455,
      "eac_all": 33.833333333333336,
      "avg_popped": 65.45
    }
  },
  "spec": {
    "target_features": {
      "color_entropy": 1.822433822272322,
      "max_chain_depth": 8,
      "floating_potential": 1.0557627891357673,
      "density": 0.41130904998508855
    },
    "weights": {
      "color_entropy": 1.0,
      "max_chain_depth": 0.5,
      "floating_potential": 1.0,
      "density": 2.0
    },
    "rows": 8,
    "cols": 10,
    "num_colors": 4,
    "shots_remaining": 16,
    "target_density": 0.41130904998508855,
    "num_seeds": 8,
    "level_index": 23,
    "symmetric": false,
    "symmetry_axis": "horizontal"
  },
  "rationale": {
    "summary": "중반 4색 — 색 분리 훈련",
    "band": "L024: 중반 (4색)",
    "axis": "좌우 대칭 패턴 — 시각적 일관성, 양쪽 동시 학습 가능.",
    "intent": "색 엔트로피 1.82로 색 분포를 균등화. 4색 중 매칭 후보를 빠르게 골라내는 시야 훈련.",
    "key_feature": "color_entropy",
    "achieved": "color_entropy 일치 (목표 1.82 → 도달 1.82)",
    "expected_play": "기술 격차가 큰 레벨 — 키스톤 패턴 인식이 결과를 가른다. 봇 W58% / S92%, 평균 34발.",
    "skill_trained": "4색 분리와 빠른 색 탐색.",
    "notes": []
  }
}