{
  "level_id": "L024",
  "board": {
    "rows": 8,
    "cols": 10,
    "num_colors": 4,
    "shots_remaining": 16,
    "seed": 1024,
    "cells": [
      [
        1,
        4,
        3,
        4,
        3,
        3,
        4,
        3,
        4,
        1
      ],
      [
        4,
        3,
        0,
        1,
        3,
        3,
        1,
        0,
        3,
        4
      ],
      [
        4,
        0,
        0,
        4,
        3,
        3,
        4,
        0,
        0,
        4
      ],
      [
        0,
        3,
        4,
        2,
        1,
        1,
        2,
        4,
        3,
        0
      ],
      [
        0,
        2,
        1,
        3,
        4,
        4,
        3,
        1,
        2,
        0
      ],
      [
        0,
        4,
        3,
        0,
        0,
        0,
        0,
        3,
        4,
        0
      ],
      [
        0,
        0,
        0,
        4,
        0,
        0,
        0,
        0,
        0,
        3
      ],
      [
        0,
        0,
        0,
        0,
        0,
        0,
        0,
        0,
        0,
        4
      ]
    ]
  },
  "features": {
    "color_entropy": 1.7983012276942887,
    "max_chain_depth": 4.0,
    "avg_cluster_size": 1.3823529411764706,
    "floating_potential": 0.7291666666666666,
    "density": 0.5875,
    "shot_pressure": 0.3404255319148936
  },
  "bots": {
    "weak": {
      "bot_name": "weak",
      "runs": 60,
      "clear_rate": 0.7833333333333333,
      "eac": 35.723404255319146,
      "eac_all": 38.38333333333333,
      "avg_popped": 84.63333333333334
    },
    "medium": {
      "bot_name": "medium",
      "runs": 60,
      "clear_rate": 0.75,
      "eac": 30.711111111111112,
      "eac_all": 35.03333333333333,
      "avg_popped": 81.15
    },
    "strong": {
      "bot_name": "strong",
      "runs": 60,
      "clear_rate": 0.9166666666666666,
      "eac": 32.21818181818182,
      "eac_all": 33.53333333333333,
      "avg_popped": 80.23333333333333
    }
  },
  "spec": {
    "target_features": {
      "color_entropy": 1.3595433903609977,
      "max_chain_depth": 4,
      "floating_potential": 0.7402106382743869,
      "density": 0.6368396065773745
    },
    "weights": {
      "color_entropy": 1.0,
      "max_chain_depth": 0.5,
      "floating_potential": 1.0,
      "density": 2.0
    },
    "rows": 8,
    "cols": 10,
    "num_colors": 4,
    "shots_remaining": 16,
    "target_density": 0.6368396065773745,
    "num_seeds": 4,
    "level_index": 24,
    "symmetric": false,
    "symmetry_axis": "horizontal"
  },
  "rationale": {
    "summary": "중반 4색 — 큰 콤보 훈련",
    "band": "L025: 중반 (4색)",
    "axis": "좌우 대칭 패턴 — 시각적 일관성, 양쪽 동시 학습 가능.",
    "intent": "한 발에 4개 이상이 깨지는 클러스터를 의도적으로 배치해, 플레이어가 큰 콤보의 시각·청각 보상을 경험하도록 만든다.",
    "key_feature": "max_chain_depth",
    "achieved": "max_chain_depth 일치 (목표 4.00 → 도달 4.00)",
    "expected_play": "기초 — 즉각 클리어 가능, 온보딩 적합. 봇 W78% / S92%, 평균 34발.",
    "skill_trained": "큰 클러스터 식별과 한 발 콤보.",
    "notes": []
  }
}