{
  "level_id": "L027",
  "board": {
    "rows": 8,
    "cols": 10,
    "num_colors": 4,
    "shots_remaining": 16,
    "seed": 1027,
    "cells": [
      [
        3,
        2,
        2,
        4,
        0,
        0,
        4,
        2,
        2,
        3
      ],
      [
        4,
        1,
        4,
        1,
        1,
        1,
        1,
        4,
        1,
        4
      ],
      [
        4,
        0,
        3,
        4,
        3,
        3,
        4,
        3,
        0,
        4
      ],
      [
        0,
        0,
        0,
        4,
        0,
        0,
        4,
        0,
        4,
        0
      ],
      [
        0,
        0,
        0,
        1,
        0,
        0,
        1,
        0,
        4,
        0
      ],
      [
        0,
        0,
        0,
        0,
        0,
        0,
        0,
        0,
        0,
        0
      ],
      [
        0,
        0,
        0,
        0,
        0,
        0,
        0,
        0,
        0,
        0
      ],
      [
        0,
        0,
        0,
        0,
        0,
        0,
        0,
        0,
        0,
        0
      ]
    ]
  },
  "features": {
    "color_entropy": 1.8496017527145814,
    "max_chain_depth": 8.0,
    "avg_cluster_size": 1.7777777777777777,
    "floating_potential": 1.0454545454545454,
    "density": 0.4,
    "shot_pressure": 0.5
  },
  "bots": {
    "weak": {
      "bot_name": "weak",
      "runs": 60,
      "clear_rate": 0.7666666666666667,
      "eac": 32.15217391304348,
      "eac_all": 35.85,
      "avg_popped": 67.1
    },
    "medium": {
      "bot_name": "medium",
      "runs": 60,
      "clear_rate": 0.85,
      "eac": 29.764705882352942,
      "eac_all": 32.5,
      "avg_popped": 63.9
    },
    "strong": {
      "bot_name": "strong",
      "runs": 60,
      "clear_rate": 0.95,
      "eac": 28.50877192982456,
      "eac_all": 29.483333333333334,
      "avg_popped": 61.333333333333336
    }
  },
  "spec": {
    "target_features": {
      "color_entropy": 1.8168231786819982,
      "max_chain_depth": 8,
      "floating_potential": 1.003760761410913,
      "density": 0.3866896791896578
    },
    "weights": {
      "color_entropy": 1.0,
      "max_chain_depth": 0.5,
      "floating_potential": 1.0,
      "density": 2.0
    },
    "rows": 8,
    "cols": 10,
    "num_colors": 4,
    "shots_remaining": 16,
    "target_density": 0.3866896791896578,
    "num_seeds": 7,
    "level_index": 27,
    "symmetric": false,
    "symmetry_axis": "horizontal"
  },
  "rationale": {
    "summary": "중반 4색 — 색 분리 훈련",
    "band": "L028: 중반 (4색)",
    "axis": "좌우 대칭 패턴 — 시각적 일관성, 양쪽 동시 학습 가능.",
    "intent": "색 엔트로피 1.82로 색 분포를 균등화. 4색 중 매칭 후보를 빠르게 골라내는 시야 훈련.",
    "key_feature": "color_entropy",
    "achieved": "color_entropy 일치 (목표 1.82 → 도달 1.85)",
    "expected_play": "기초 — 즉각 클리어 가능, 온보딩 적합. 봇 W77% / S95%, 평균 29발.",
    "skill_trained": "4색 분리와 빠른 색 탐색.",
    "notes": []
  }
}