{
  "level_id": "L028",
  "board": {
    "rows": 8,
    "cols": 10,
    "num_colors": 5,
    "shots_remaining": 18,
    "seed": 1028,
    "cells": [
      [
        4,
        3,
        4,
        3,
        2,
        2,
        3,
        4,
        3,
        4
      ],
      [
        0,
        2,
        4,
        3,
        4,
        4,
        3,
        4,
        2,
        0
      ],
      [
        4,
        2,
        4,
        4,
        2,
        2,
        4,
        4,
        2,
        4
      ],
      [
        2,
        5,
        2,
        4,
        5,
        5,
        4,
        2,
        5,
        2
      ],
      [
        3,
        0,
        4,
        2,
        0,
        0,
        2,
        4,
        0,
        3
      ],
      [
        0,
        0,
        0,
        0,
        0,
        0,
        0,
        0,
        0,
        0
      ],
      [
        0,
        0,
        0,
        0,
        0,
        0,
        0,
        0,
        0,
        0
      ],
      [
        0,
        0,
        0,
        0,
        0,
        0,
        0,
        0,
        0,
        0
      ]
    ]
  },
  "features": {
    "color_entropy": 1.8148493701198407,
    "max_chain_depth": 9.0,
    "avg_cluster_size": 1.9130434782608696,
    "floating_potential": 1.0933333333333333,
    "density": 0.55,
    "shot_pressure": 0.4090909090909091
  },
  "bots": {
    "weak": {
      "bot_name": "weak",
      "runs": 60,
      "clear_rate": 0.5833333333333334,
      "eac": 38.57142857142857,
      "eac_all": 45.0,
      "avg_popped": 87.35
    },
    "medium": {
      "bot_name": "medium",
      "runs": 60,
      "clear_rate": 0.7666666666666667,
      "eac": 34.15217391304348,
      "eac_all": 38.78333333333333,
      "avg_popped": 81.8
    },
    "strong": {
      "bot_name": "strong",
      "runs": 60,
      "clear_rate": 0.9,
      "eac": 29.314814814814813,
      "eac_all": 31.783333333333335,
      "avg_popped": 75.16666666666667
    }
  },
  "spec": {
    "target_features": {
      "color_entropy": 1.8019752740818242,
      "max_chain_depth": 9,
      "floating_potential": 1.0999785889323328,
      "density": 0.5492748084566637
    },
    "weights": {
      "color_entropy": 1.0,
      "max_chain_depth": 0.5,
      "floating_potential": 1.0,
      "density": 2.0
    },
    "rows": 8,
    "cols": 10,
    "num_colors": 5,
    "shots_remaining": 18,
    "target_density": 0.5492748084566637,
    "num_seeds": 6,
    "level_index": 28,
    "symmetric": false,
    "symmetry_axis": "horizontal"
  },
  "rationale": {
    "summary": "중반 5색 — 색 분리 훈련",
    "band": "L029: 중반 (5색)",
    "axis": "좌우 대칭 패턴 — 시각적 일관성, 양쪽 동시 학습 가능.",
    "intent": "색 엔트로피 1.80로 색 분포를 균등화. 5색 중 매칭 후보를 빠르게 골라내는 시야 훈련.",
    "key_feature": "color_entropy",
    "achieved": "color_entropy 일치 (목표 1.80 → 도달 1.81)",
    "expected_play": "기술 격차가 큰 레벨 — 키스톤 패턴 인식이 결과를 가른다. 봇 W58% / S90%, 평균 32발.",
    "skill_trained": "5색 분리와 빠른 색 탐색.",
    "notes": []
  }
}