{
  "level_id": "L029",
  "board": {
    "rows": 8,
    "cols": 10,
    "num_colors": 5,
    "shots_remaining": 18,
    "seed": 1029,
    "cells": [
      [
        3,
        3,
        0,
        1,
        3,
        3,
        3,
        3,
        1,
        3
      ],
      [
        3,
        3,
        3,
        1,
        3,
        2,
        4,
        1,
        3,
        0
      ],
      [
        3,
        0,
        3,
        2,
        3,
        3,
        1,
        3,
        1,
        0
      ],
      [
        1,
        3,
        0,
        2,
        1,
        1,
        3,
        3,
        2,
        3
      ],
      [
        0,
        2,
        1,
        1,
        1,
        3,
        0,
        3,
        1,
        0
      ],
      [
        3,
        0,
        0,
        0,
        1,
        0,
        3,
        1,
        3,
        0
      ],
      [
        0,
        0,
        0,
        0,
        0,
        0,
        2,
        0,
        3,
        0
      ],
      [
        0,
        0,
        0,
        0,
        0,
        0,
        0,
        0,
        0,
        0
      ]
    ]
  },
  "features": {
    "color_entropy": 1.4821568543832009,
    "max_chain_depth": 9.0,
    "avg_cluster_size": 2.5789473684210527,
    "floating_potential": 1.4521739130434783,
    "density": 0.6125,
    "shot_pressure": 0.3673469387755102
  },
  "bots": {
    "weak": {
      "bot_name": "weak",
      "runs": 60,
      "clear_rate": 0.8333333333333334,
      "eac": 31.34,
      "eac_all": 35.11666666666667,
      "avg_popped": 83.46666666666667
    },
    "medium": {
      "bot_name": "medium",
      "runs": 60,
      "clear_rate": 0.8166666666666667,
      "eac": 28.693877551020407,
      "eac_all": 33.333333333333336,
      "avg_popped": 81.4
    },
    "strong": {
      "bot_name": "strong",
      "runs": 60,
      "clear_rate": 1.0,
      "eac": 17.383333333333333,
      "eac_all": 17.383333333333333,
      "avg_popped": 66.38333333333334
    }
  },
  "spec": {
    "target_features": {
      "color_entropy": 1.3027973017316652,
      "max_chain_depth": 8,
      "floating_potential": 1.3754463116930684,
      "density": 0.5261259333328706
    },
    "weights": {
      "color_entropy": 1.0,
      "max_chain_depth": 0.5,
      "floating_potential": 1.0,
      "density": 2.0
    },
    "rows": 8,
    "cols": 10,
    "num_colors": 5,
    "shots_remaining": 18,
    "target_density": 0.5261259333328706,
    "num_seeds": 8,
    "level_index": 29,
    "symmetric": false,
    "symmetry_axis": "none"
  },
  "rationale": {
    "summary": "중반 5색 — 색 분리 훈련",
    "band": "L030: 중반 (5색)",
    "axis": "비대칭 자유 배치 — 패턴 의존을 막고 즉흥 판단을 요구.",
    "intent": "색 엔트로피 1.30로 색 분포를 균등화. 5색 중 매칭 후보를 빠르게 골라내는 시야 훈련.",
    "key_feature": "color_entropy",
    "achieved": "color_entropy +0.18 이탈 (목표 1.30 → 도달 1.48)",
    "expected_play": "기초 — 즉각 클리어 가능, 온보딩 적합. 봇 W83% / S100%, 평균 17발.",
    "skill_trained": "5색 분리와 빠른 색 탐색.",
    "notes": []
  }
}