{
  "level_id": "L030",
  "board": {
    "rows": 8,
    "cols": 10,
    "num_colors": 6,
    "shots_remaining": 20,
    "seed": 1030,
    "cells": [
      [
        6,
        6,
        6,
        6,
        5,
        5,
        6,
        6,
        6,
        6
      ],
      [
        0,
        6,
        6,
        2,
        2,
        2,
        2,
        6,
        6,
        0
      ],
      [
        0,
        5,
        2,
        5,
        0,
        0,
        5,
        2,
        5,
        0
      ],
      [
        2,
        0,
        2,
        6,
        3,
        3,
        6,
        2,
        0,
        0
      ],
      [
        6,
        0,
        0,
        0,
        2,
        2,
        0,
        0,
        0,
        0
      ],
      [
        5,
        5,
        2,
        6,
        0,
        0,
        0,
        0,
        0,
        0
      ],
      [
        6,
        2,
        0,
        0,
        0,
        0,
        0,
        0,
        0,
        0
      ],
      [
        0,
        0,
        0,
        0,
        0,
        0,
        0,
        0,
        0,
        0
      ]
    ]
  },
  "features": {
    "color_entropy": 1.7321134789601134,
    "max_chain_depth": 7.0,
    "avg_cluster_size": 2.0,
    "floating_potential": 0.873015873015873,
    "density": 0.5,
    "shot_pressure": 0.5
  },
  "bots": {
    "weak": {
      "bot_name": "weak",
      "runs": 60,
      "clear_rate": 0.7833333333333333,
      "eac": 21.4468085106383,
      "eac_all": 29.8,
      "avg_popped": 68.71666666666667
    },
    "medium": {
      "bot_name": "medium",
      "runs": 60,
      "clear_rate": 0.7,
      "eac": 21.261904761904763,
      "eac_all": 32.88333333333333,
      "avg_popped": 71.58333333333333
    },
    "strong": {
      "bot_name": "strong",
      "runs": 60,
      "clear_rate": 0.9666666666666667,
      "eac": 15.568965517241379,
      "eac_all": 17.05,
      "avg_popped": 56.96666666666667
    }
  },
  "spec": {
    "target_features": {
      "color_entropy": 1.735887472171789,
      "max_chain_depth": 7,
      "floating_potential": 0.8515026819677416,
      "density": 0.5090802734912765
    },
    "weights": {
      "color_entropy": 1.0,
      "max_chain_depth": 0.5,
      "floating_potential": 1.0,
      "density": 2.0
    },
    "rows": 8,
    "cols": 10,
    "num_colors": 6,
    "shots_remaining": 20,
    "target_density": 0.5090802734912765,
    "num_seeds": 5,
    "level_index": 30,
    "symmetric": false,
    "symmetry_axis": "horizontal"
  },
  "rationale": {
    "summary": "후반 6색 — 색 분리 훈련",
    "band": "L031: 후반 (6색)",
    "axis": "좌우 대칭 패턴 — 시각적 일관성, 양쪽 동시 학습 가능.",
    "intent": "색 엔트로피 1.74로 색 분포를 균등화. 6색 중 매칭 후보를 빠르게 골라내는 시야 훈련.",
    "key_feature": "color_entropy",
    "achieved": "color_entropy 일치 (목표 1.74 → 도달 1.73)",
    "expected_play": "기초 — 즉각 클리어 가능, 온보딩 적합. 봇 W78% / S97%, 평균 17발.",
    "skill_trained": "6색 분리와 빠른 색 탐색.",
    "notes": []
  }
}