{
  "level_id": "L031",
  "board": {
    "rows": 8,
    "cols": 10,
    "num_colors": 6,
    "shots_remaining": 20,
    "seed": 1031,
    "cells": [
      [
        0,
        0,
        3,
        3,
        4,
        4,
        3,
        3,
        0,
        0
      ],
      [
        3,
        0,
        3,
        4,
        4,
        4,
        4,
        3,
        0,
        0
      ],
      [
        0,
        3,
        1,
        4,
        3,
        3,
        4,
        1,
        3,
        0
      ],
      [
        3,
        1,
        4,
        3,
        3,
        3,
        3,
        4,
        1,
        3
      ],
      [
        0,
        4,
        3,
        3,
        0,
        0,
        3,
        3,
        4,
        0
      ],
      [
        3,
        1,
        0,
        0,
        0,
        0,
        0,
        0,
        1,
        3
      ],
      [
        0,
        0,
        0,
        0,
        0,
        0,
        0,
        0,
        0,
        4
      ],
      [
        0,
        0,
        0,
        0,
        0,
        0,
        0,
        0,
        0,
        3
      ]
    ]
  },
  "features": {
    "color_entropy": 1.387785885923752,
    "max_chain_depth": 11.0,
    "avg_cluster_size": 2.5294117647058822,
    "floating_potential": 1.1136363636363635,
    "density": 0.5375,
    "shot_pressure": 0.46511627906976744
  },
  "bots": {
    "weak": {
      "bot_name": "weak",
      "runs": 60,
      "clear_rate": 0.6166666666666667,
      "eac": 22.594594594594593,
      "eac_all": 36.93333333333333,
      "avg_popped": 77.91666666666667
    },
    "medium": {
      "bot_name": "medium",
      "runs": 60,
      "clear_rate": 0.7,
      "eac": 21.714285714285715,
      "eac_all": 33.2,
      "avg_popped": 74.86666666666666
    },
    "strong": {
      "bot_name": "strong",
      "runs": 60,
      "clear_rate": 1.0,
      "eac": 16.066666666666666,
      "eac_all": 16.066666666666666,
      "avg_popped": 59.06666666666667
    }
  },
  "spec": {
    "target_features": {
      "color_entropy": 1.3185999007971942,
      "max_chain_depth": 11,
      "floating_potential": 1.1085359347220984,
      "density": 0.5520631111356582
    },
    "weights": {
      "color_entropy": 1.0,
      "max_chain_depth": 0.5,
      "floating_potential": 1.0,
      "density": 2.0
    },
    "rows": 8,
    "cols": 10,
    "num_colors": 6,
    "shots_remaining": 20,
    "target_density": 0.5520631111356582,
    "num_seeds": 8,
    "level_index": 31,
    "symmetric": false,
    "symmetry_axis": "horizontal"
  },
  "rationale": {
    "summary": "후반 6색 — 큰 콤보 훈련",
    "band": "L032: 후반 (6색)",
    "axis": "좌우 대칭 패턴 — 시각적 일관성, 양쪽 동시 학습 가능.",
    "intent": "한 발에 11개 이상이 깨지는 클러스터를 의도적으로 배치해, 플레이어가 큰 콤보의 시각·청각 보상을 경험하도록 만든다.",
    "key_feature": "max_chain_depth",
    "achieved": "max_chain_depth 일치 (목표 11.00 → 도달 11.00)",
    "expected_play": "기술 격차가 큰 레벨 — 키스톤 패턴 인식이 결과를 가른다. 봇 W62% / S100%, 평균 16발.",
    "skill_trained": "큰 클러스터 식별과 한 발 콤보.",
    "notes": []
  }
}