{
  "level_id": "L033",
  "board": {
    "rows": 8,
    "cols": 10,
    "num_colors": 6,
    "shots_remaining": 20,
    "seed": 1033,
    "cells": [
      [
        0,
        1,
        4,
        4,
        1,
        2,
        2,
        2,
        2,
        1
      ],
      [
        2,
        2,
        4,
        4,
        3,
        2,
        2,
        2,
        4,
        4
      ],
      [
        1,
        0,
        0,
        4,
        2,
        0,
        0,
        2,
        0,
        0
      ],
      [
        2,
        1,
        2,
        4,
        0,
        0,
        4,
        0,
        0,
        0
      ],
      [
        0,
        0,
        2,
        0,
        4,
        0,
        0,
        0,
        0,
        0
      ],
      [
        0,
        2,
        0,
        2,
        0,
        0,
        0,
        0,
        0,
        0
      ],
      [
        0,
        2,
        0,
        2,
        4,
        0,
        0,
        0,
        0,
        0
      ],
      [
        2,
        0,
        0,
        0,
        0,
        0,
        0,
        0,
        0,
        0
      ]
    ]
  },
  "features": {
    "color_entropy": 1.5484246949180012,
    "max_chain_depth": 11.0,
    "avg_cluster_size": 2.25,
    "floating_potential": 1.2179487179487178,
    "density": 0.45,
    "shot_pressure": 0.5555555555555556
  },
  "bots": {
    "weak": {
      "bot_name": "weak",
      "runs": 60,
      "clear_rate": 0.4166666666666667,
      "eac": 43.16,
      "eac_all": 52.983333333333334,
      "avg_popped": 86.18333333333334
    },
    "medium": {
      "bot_name": "medium",
      "runs": 60,
      "clear_rate": 0.48333333333333334,
      "eac": 39.310344827586206,
      "eac_all": 50.0,
      "avg_popped": 83.38333333333334
    },
    "strong": {
      "bot_name": "strong",
      "runs": 60,
      "clear_rate": 0.75,
      "eac": 38.93333333333333,
      "eac_all": 44.2,
      "avg_popped": 78.98333333333333
    }
  },
  "spec": {
    "target_features": {
      "color_entropy": 1.529280358844499,
      "max_chain_depth": 9,
      "floating_potential": 1.2098009933009897,
      "density": 0.4625357371605236
    },
    "weights": {
      "color_entropy": 1.0,
      "max_chain_depth": 0.5,
      "floating_potential": 1.0,
      "density": 2.0
    },
    "rows": 8,
    "cols": 10,
    "num_colors": 6,
    "shots_remaining": 20,
    "target_density": 0.4625357371605236,
    "num_seeds": 8,
    "level_index": 33,
    "symmetric": false,
    "symmetry_axis": "none"
  },
  "rationale": {
    "summary": "후반 6색 — 키스톤 부유 훈련",
    "band": "L034: 후반 (6색)",
    "axis": "비대칭 자유 배치 — 패턴 의존을 막고 즉흥 판단을 요구.",
    "intent": "부유 잠재력 1.2 — 천장과 약하게 연결된 키스톤 버블을 한 둘 떨어뜨리면 그 아래 부유 그룹이 함께 풀리도록 설계.",
    "key_feature": "floating_potential",
    "achieved": "floating_potential 일치 (목표 1.21 → 도달 1.22)",
    "expected_play": "기술 격차가 큰 레벨 — 키스톤 패턴 인식이 결과를 가른다. 봇 W42% / S75%, 평균 44발.",
    "skill_trained": "키스톤 버블 인식 — 부수면 풍성한 부유.",
    "notes": []
  }
}