{
  "level_id": "L034",
  "board": {
    "rows": 8,
    "cols": 10,
    "num_colors": 6,
    "shots_remaining": 20,
    "seed": 1034,
    "cells": [
      [
        2,
        3,
        3,
        2,
        3,
        3,
        0,
        3,
        2,
        3
      ],
      [
        3,
        2,
        2,
        3,
        0,
        4,
        1,
        2,
        2,
        2
      ],
      [
        2,
        2,
        1,
        3,
        0,
        3,
        0,
        3,
        0,
        3
      ],
      [
        3,
        4,
        2,
        0,
        3,
        0,
        0,
        2,
        3,
        2
      ],
      [
        3,
        3,
        3,
        2,
        0,
        3,
        0,
        0,
        0,
        0
      ],
      [
        0,
        2,
        0,
        3,
        0,
        0,
        0,
        0,
        0,
        0
      ],
      [
        0,
        0,
        0,
        0,
        0,
        0,
        0,
        0,
        0,
        0
      ],
      [
        0,
        0,
        0,
        0,
        0,
        0,
        0,
        0,
        0,
        0
      ]
    ]
  },
  "features": {
    "color_entropy": 1.4638145052244274,
    "max_chain_depth": 9.0,
    "avg_cluster_size": 1.95,
    "floating_potential": 0.8412698412698413,
    "density": 0.4875,
    "shot_pressure": 0.5128205128205128
  },
  "bots": {
    "weak": {
      "bot_name": "weak",
      "runs": 60,
      "clear_rate": 0.43333333333333335,
      "eac": 42.34615384615385,
      "eac_all": 52.35,
      "avg_popped": 88.51666666666667
    },
    "medium": {
      "bot_name": "medium",
      "runs": 60,
      "clear_rate": 0.5166666666666667,
      "eac": 43.96774193548387,
      "eac_all": 51.71666666666667,
      "avg_popped": 88.5
    },
    "strong": {
      "bot_name": "strong",
      "runs": 60,
      "clear_rate": 0.8333333333333334,
      "eac": 37.78,
      "eac_all": 41.483333333333334,
      "avg_popped": 79.9
    }
  },
  "spec": {
    "target_features": {
      "color_entropy": 1.414675277201943,
      "max_chain_depth": 9,
      "floating_potential": 0.8219536291295891,
      "density": 0.4149807878552814
    },
    "weights": {
      "color_entropy": 1.0,
      "max_chain_depth": 0.5,
      "floating_potential": 1.0,
      "density": 2.0
    },
    "rows": 8,
    "cols": 10,
    "num_colors": 6,
    "shots_remaining": 20,
    "target_density": 0.4149807878552814,
    "num_seeds": 5,
    "level_index": 34,
    "symmetric": false,
    "symmetry_axis": "none"
  },
  "rationale": {
    "summary": "후반 6색 — 색 분리 훈련",
    "band": "L035: 후반 (6색)",
    "axis": "비대칭 자유 배치 — 패턴 의존을 막고 즉흥 판단을 요구.",
    "intent": "색 엔트로피 1.41로 색 분포를 균등화. 6색 중 매칭 후보를 빠르게 골라내는 시야 훈련.",
    "key_feature": "color_entropy",
    "achieved": "color_entropy 일치 (목표 1.41 → 도달 1.46)",
    "expected_play": "기술 격차가 큰 레벨 — 키스톤 패턴 인식이 결과를 가른다. 봇 W43% / S83%, 평균 41발.",
    "skill_trained": "6색 분리와 빠른 색 탐색.",
    "notes": []
  }
}