{
  "level_id": "L035",
  "board": {
    "rows": 8,
    "cols": 10,
    "num_colors": 5,
    "shots_remaining": 18,
    "seed": 1035,
    "cells": [
      [
        3,
        3,
        3,
        3,
        3,
        3,
        3,
        3,
        3,
        3
      ],
      [
        1,
        2,
        1,
        3,
        3,
        3,
        3,
        1,
        2,
        1
      ],
      [
        3,
        3,
        2,
        3,
        3,
        3,
        3,
        2,
        3,
        3
      ],
      [
        1,
        0,
        2,
        2,
        1,
        1,
        2,
        2,
        0,
        1
      ],
      [
        0,
        0,
        3,
        1,
        0,
        0,
        1,
        3,
        0,
        0
      ],
      [
        0,
        0,
        0,
        2,
        0,
        0,
        2,
        0,
        0,
        0
      ],
      [
        0,
        0,
        0,
        0,
        0,
        0,
        0,
        0,
        0,
        0
      ],
      [
        0,
        0,
        0,
        0,
        0,
        0,
        0,
        0,
        0,
        0
      ]
    ]
  },
  "features": {
    "color_entropy": 1.4485756660224112,
    "max_chain_depth": 8.0,
    "avg_cluster_size": 2.4444444444444446,
    "floating_potential": 0.5529411764705883,
    "density": 0.55,
    "shot_pressure": 0.4090909090909091
  },
  "bots": {
    "weak": {
      "bot_name": "weak",
      "runs": 60,
      "clear_rate": 1.0,
      "eac": 8.7,
      "eac_all": 8.7,
      "avg_popped": 52.7
    },
    "medium": {
      "bot_name": "medium",
      "runs": 60,
      "clear_rate": 1.0,
      "eac": 5.9,
      "eac_all": 5.9,
      "avg_popped": 49.9
    },
    "strong": {
      "bot_name": "strong",
      "runs": 60,
      "clear_rate": 1.0,
      "eac": 5.566666666666666,
      "eac_all": 5.566666666666666,
      "avg_popped": 49.56666666666667
    }
  },
  "spec": {
    "target_features": {
      "color_entropy": 1.4461360729531731,
      "max_chain_depth": 8,
      "floating_potential": 0.5711534019844594,
      "density": 0.5623431306051648
    },
    "weights": {
      "color_entropy": 1.0,
      "max_chain_depth": 0.5,
      "floating_potential": 1.0,
      "density": 2.0
    },
    "rows": 8,
    "cols": 10,
    "num_colors": 5,
    "shots_remaining": 18,
    "target_density": 0.5623431306051648,
    "num_seeds": 5,
    "level_index": 35,
    "symmetric": false,
    "symmetry_axis": "horizontal"
  },
  "rationale": {
    "summary": "후반 5색 — 키스톤 부유 훈련",
    "band": "L036: 후반 (5색)",
    "axis": "좌우 대칭 패턴 — 시각적 일관성, 양쪽 동시 학습 가능.",
    "intent": "부유 잠재력 0.6 — 천장과 약하게 연결된 키스톤 버블을 한 둘 떨어뜨리면 그 아래 부유 그룹이 함께 풀리도록 설계.",
    "key_feature": "floating_potential",
    "achieved": "floating_potential 일치 (목표 0.57 → 도달 0.55)",
    "expected_play": "기초 — 즉각 클리어 가능, 온보딩 적합. 봇 W100% / S100%, 평균 6발.",
    "skill_trained": "키스톤 버블 인식 — 부수면 풍성한 부유.",
    "notes": []
  }
}