{
  "level_id": "L036",
  "board": {
    "rows": 8,
    "cols": 10,
    "num_colors": 5,
    "shots_remaining": 18,
    "seed": 1036,
    "cells": [
      [
        1,
        4,
        4,
        2,
        1,
        1,
        2,
        4,
        4,
        1
      ],
      [
        4,
        4,
        4,
        3,
        0,
        0,
        3,
        4,
        4,
        4
      ],
      [
        4,
        4,
        2,
        2,
        4,
        4,
        2,
        2,
        4,
        4
      ],
      [
        1,
        4,
        1,
        0,
        0,
        0,
        0,
        1,
        4,
        1
      ],
      [
        4,
        4,
        1,
        1,
        0,
        0,
        1,
        1,
        4,
        4
      ],
      [
        2,
        1,
        2,
        4,
        4,
        4,
        4,
        2,
        1,
        2
      ],
      [
        0,
        0,
        0,
        0,
        0,
        0,
        0,
        0,
        0,
        0
      ],
      [
        0,
        0,
        0,
        0,
        0,
        0,
        0,
        0,
        0,
        0
      ]
    ]
  },
  "features": {
    "color_entropy": 1.6478689002690063,
    "max_chain_depth": 5.0,
    "avg_cluster_size": 2.3636363636363638,
    "floating_potential": 1.1222222222222222,
    "density": 0.65,
    "shot_pressure": 0.34615384615384615
  },
  "bots": {
    "weak": {
      "bot_name": "weak",
      "runs": 60,
      "clear_rate": 0.4166666666666667,
      "eac": 40.48,
      "eac_all": 48.36666666666667,
      "avg_popped": 98.11666666666666
    },
    "medium": {
      "bot_name": "medium",
      "runs": 60,
      "clear_rate": 0.5166666666666667,
      "eac": 38.67741935483871,
      "eac_all": 46.083333333333336,
      "avg_popped": 95.9
    },
    "strong": {
      "bot_name": "strong",
      "runs": 60,
      "clear_rate": 0.7666666666666667,
      "eac": 36.17391304347826,
      "eac_all": 40.333333333333336,
      "avg_popped": 91.36666666666666
    }
  },
  "spec": {
    "target_features": {
      "color_entropy": 1.6506230283154997,
      "max_chain_depth": 5,
      "floating_potential": 1.1340407082551018,
      "density": 0.6215225296921868
    },
    "weights": {
      "color_entropy": 1.0,
      "max_chain_depth": 0.5,
      "floating_potential": 1.0,
      "density": 2.0
    },
    "rows": 8,
    "cols": 10,
    "num_colors": 5,
    "shots_remaining": 18,
    "target_density": 0.6215225296921868,
    "num_seeds": 5,
    "level_index": 36,
    "symmetric": false,
    "symmetry_axis": "horizontal"
  },
  "rationale": {
    "summary": "후반 5색 — 큰 콤보 훈련",
    "band": "L037: 후반 (5색)",
    "axis": "좌우 대칭 패턴 — 시각적 일관성, 양쪽 동시 학습 가능.",
    "intent": "한 발에 5개 이상이 깨지는 클러스터를 의도적으로 배치해, 플레이어가 큰 콤보의 시각·청각 보상을 경험하도록 만든다.",
    "key_feature": "max_chain_depth",
    "achieved": "max_chain_depth 일치 (목표 5.00 → 도달 5.00)",
    "expected_play": "기술 격차가 큰 레벨 — 키스톤 패턴 인식이 결과를 가른다. 봇 W42% / S77%, 평균 40발.",
    "skill_trained": "큰 클러스터 식별과 한 발 콤보.",
    "notes": []
  }
}