{
  "level_id": "L037",
  "board": {
    "rows": 8,
    "cols": 10,
    "num_colors": 5,
    "shots_remaining": 18,
    "seed": 1037,
    "cells": [
      [
        2,
        2,
        1,
        2,
        0,
        0,
        2,
        1,
        2,
        2
      ],
      [
        1,
        1,
        2,
        1,
        0,
        0,
        1,
        2,
        1,
        1
      ],
      [
        0,
        5,
        5,
        5,
        1,
        1,
        5,
        5,
        5,
        0
      ],
      [
        1,
        2,
        1,
        2,
        5,
        5,
        2,
        1,
        2,
        1
      ],
      [
        1,
        0,
        1,
        2,
        1,
        1,
        2,
        1,
        0,
        1
      ],
      [
        0,
        1,
        2,
        5,
        5,
        5,
        5,
        2,
        1,
        0
      ],
      [
        0,
        0,
        0,
        0,
        0,
        0,
        0,
        0,
        0,
        0
      ],
      [
        0,
        0,
        0,
        0,
        0,
        0,
        0,
        0,
        0,
        0
      ]
    ]
  },
  "features": {
    "color_entropy": 1.5413152774012364,
    "max_chain_depth": 6.0,
    "avg_cluster_size": 2.380952380952381,
    "floating_potential": 1.2842105263157895,
    "density": 0.625,
    "shot_pressure": 0.36
  },
  "bots": {
    "weak": {
      "bot_name": "weak",
      "runs": 60,
      "clear_rate": 0.55,
      "eac": 36.93939393939394,
      "eac_all": 44.61666666666667,
      "avg_popped": 92.61666666666666
    },
    "medium": {
      "bot_name": "medium",
      "runs": 60,
      "clear_rate": 0.6833333333333333,
      "eac": 31.097560975609756,
      "eac_all": 38.35,
      "avg_popped": 87.08333333333333
    },
    "strong": {
      "bot_name": "strong",
      "runs": 60,
      "clear_rate": 0.9333333333333333,
      "eac": 21.285714285714285,
      "eac_all": 23.466666666666665,
      "avg_popped": 73.05
    }
  },
  "spec": {
    "target_features": {
      "color_entropy": 1.5285717423592828,
      "max_chain_depth": 6,
      "floating_potential": 1.2817139693054505,
      "density": 0.6261983556560354
    },
    "weights": {
      "color_entropy": 1.0,
      "max_chain_depth": 0.5,
      "floating_potential": 1.0,
      "density": 2.0
    },
    "rows": 8,
    "cols": 10,
    "num_colors": 5,
    "shots_remaining": 18,
    "target_density": 0.6261983556560354,
    "num_seeds": 4,
    "level_index": 37,
    "symmetric": false,
    "symmetry_axis": "horizontal"
  },
  "rationale": {
    "summary": "후반 5색 — 큰 콤보 훈련",
    "band": "L038: 후반 (5색)",
    "axis": "좌우 대칭 패턴 — 시각적 일관성, 양쪽 동시 학습 가능.",
    "intent": "한 발에 6개 이상이 깨지는 클러스터를 의도적으로 배치해, 플레이어가 큰 콤보의 시각·청각 보상을 경험하도록 만든다.",
    "key_feature": "max_chain_depth",
    "achieved": "max_chain_depth 일치 (목표 6.00 → 도달 6.00)",
    "expected_play": "기술 격차가 큰 레벨 — 키스톤 패턴 인식이 결과를 가른다. 봇 W55% / S93%, 평균 23발.",
    "skill_trained": "큰 클러스터 식별과 한 발 콤보.",
    "notes": []
  }
}