{
  "level_id": "L038",
  "board": {
    "rows": 8,
    "cols": 10,
    "num_colors": 5,
    "shots_remaining": 18,
    "seed": 1038,
    "cells": [
      [
        4,
        4,
        3,
        4,
        5,
        5,
        4,
        3,
        4,
        4
      ],
      [
        0,
        5,
        4,
        3,
        4,
        4,
        3,
        4,
        5,
        0
      ],
      [
        3,
        3,
        1,
        3,
        5,
        5,
        3,
        1,
        3,
        3
      ],
      [
        3,
        0,
        0,
        0,
        4,
        4,
        0,
        0,
        0,
        3
      ],
      [
        0,
        0,
        0,
        0,
        0,
        0,
        0,
        0,
        0,
        0
      ],
      [
        0,
        0,
        0,
        0,
        0,
        0,
        0,
        0,
        0,
        0
      ],
      [
        0,
        0,
        0,
        0,
        0,
        0,
        0,
        0,
        0,
        0
      ],
      [
        0,
        0,
        0,
        0,
        0,
        0,
        0,
        0,
        0,
        0
      ]
    ]
  },
  "features": {
    "color_entropy": 1.764097655573916,
    "max_chain_depth": 4.0,
    "avg_cluster_size": 2.0,
    "floating_potential": 0.9571428571428572,
    "density": 0.4,
    "shot_pressure": 0.5625
  },
  "bots": {
    "weak": {
      "bot_name": "weak",
      "runs": 60,
      "clear_rate": 0.7333333333333333,
      "eac": 30.295454545454547,
      "eac_all": 36.61666666666667,
      "avg_popped": 67.46666666666667
    },
    "medium": {
      "bot_name": "medium",
      "runs": 60,
      "clear_rate": 0.7333333333333333,
      "eac": 30.0,
      "eac_all": 36.4,
      "avg_popped": 67.31666666666666
    },
    "strong": {
      "bot_name": "strong",
      "runs": 60,
      "clear_rate": 1.0,
      "eac": 26.183333333333334,
      "eac_all": 26.183333333333334,
      "avg_popped": 58.18333333333333
    }
  },
  "spec": {
    "target_features": {
      "color_entropy": 1.7283442711416104,
      "max_chain_depth": 4,
      "floating_potential": 0.9492808503282019,
      "density": 0.4141067902159788
    },
    "weights": {
      "color_entropy": 1.0,
      "max_chain_depth": 0.5,
      "floating_potential": 1.0,
      "density": 2.0
    },
    "rows": 8,
    "cols": 10,
    "num_colors": 5,
    "shots_remaining": 18,
    "target_density": 0.4141067902159788,
    "num_seeds": 7,
    "level_index": 38,
    "symmetric": false,
    "symmetry_axis": "horizontal"
  },
  "rationale": {
    "summary": "후반 5색 — 큰 콤보 훈련",
    "band": "L039: 후반 (5색)",
    "axis": "좌우 대칭 패턴 — 시각적 일관성, 양쪽 동시 학습 가능.",
    "intent": "한 발에 4개 이상이 깨지는 클러스터를 의도적으로 배치해, 플레이어가 큰 콤보의 시각·청각 보상을 경험하도록 만든다.",
    "key_feature": "max_chain_depth",
    "achieved": "max_chain_depth 일치 (목표 4.00 → 도달 4.00)",
    "expected_play": "기초 — 즉각 클리어 가능, 온보딩 적합. 봇 W73% / S100%, 평균 26발.",
    "skill_trained": "큰 클러스터 식별과 한 발 콤보.",
    "notes": []
  }
}