{
  "level_id": "L039",
  "board": {
    "rows": 8,
    "cols": 10,
    "num_colors": 5,
    "shots_remaining": 18,
    "seed": 1039,
    "cells": [
      [
        2,
        0,
        2,
        2,
        1,
        1,
        2,
        2,
        0,
        2
      ],
      [
        2,
        1,
        1,
        3,
        1,
        1,
        3,
        1,
        1,
        2
      ],
      [
        2,
        0,
        0,
        2,
        2,
        2,
        2,
        0,
        0,
        2
      ],
      [
        1,
        0,
        0,
        1,
        0,
        0,
        1,
        0,
        0,
        1
      ],
      [
        0,
        0,
        0,
        0,
        2,
        2,
        0,
        3,
        0,
        0
      ],
      [
        0,
        0,
        0,
        0,
        0,
        0,
        0,
        1,
        0,
        0
      ],
      [
        0,
        0,
        0,
        0,
        0,
        0,
        0,
        0,
        0,
        0
      ],
      [
        0,
        0,
        0,
        0,
        0,
        0,
        0,
        0,
        0,
        0
      ]
    ]
  },
  "features": {
    "color_entropy": 1.3481061300625727,
    "max_chain_depth": 11.0,
    "avg_cluster_size": 1.8823529411764706,
    "floating_potential": 0.968,
    "density": 0.4,
    "shot_pressure": 0.5625
  },
  "bots": {
    "weak": {
      "bot_name": "weak",
      "runs": 60,
      "clear_rate": 0.7333333333333333,
      "eac": 26.90909090909091,
      "eac_all": 34.13333333333333,
      "avg_popped": 65.13333333333334
    },
    "medium": {
      "bot_name": "medium",
      "runs": 60,
      "clear_rate": 0.85,
      "eac": 19.784313725490197,
      "eac_all": 24.916666666666668,
      "avg_popped": 56.35
    },
    "strong": {
      "bot_name": "strong",
      "runs": 60,
      "clear_rate": 0.9666666666666667,
      "eac": 17.655172413793103,
      "eac_all": 18.866666666666667,
      "avg_popped": 50.7
    }
  },
  "spec": {
    "target_features": {
      "color_entropy": 1.368992367671975,
      "max_chain_depth": 11,
      "floating_potential": 0.9613053460358776,
      "density": 0.39576908747211015
    },
    "weights": {
      "color_entropy": 1.0,
      "max_chain_depth": 0.5,
      "floating_potential": 1.0,
      "density": 2.0
    },
    "rows": 8,
    "cols": 10,
    "num_colors": 5,
    "shots_remaining": 18,
    "target_density": 0.39576908747211015,
    "num_seeds": 5,
    "level_index": 39,
    "symmetric": false,
    "symmetry_axis": "horizontal"
  },
  "rationale": {
    "summary": "후반 5색 — 큰 콤보 훈련",
    "band": "L040: 후반 (5색)",
    "axis": "좌우 대칭 패턴 — 시각적 일관성, 양쪽 동시 학습 가능.",
    "intent": "한 발에 11개 이상이 깨지는 클러스터를 의도적으로 배치해, 플레이어가 큰 콤보의 시각·청각 보상을 경험하도록 만든다.",
    "key_feature": "max_chain_depth",
    "achieved": "max_chain_depth 일치 (목표 11.00 → 도달 11.00)",
    "expected_play": "기초 — 즉각 클리어 가능, 온보딩 적합. 봇 W73% / S97%, 평균 19발.",
    "skill_trained": "큰 클러스터 식별과 한 발 콤보.",
    "notes": []
  }
}