{
  "level_id": "L041",
  "board": {
    "rows": 8,
    "cols": 10,
    "num_colors": 6,
    "shots_remaining": 20,
    "seed": 1041,
    "cells": [
      [
        0,
        1,
        6,
        1,
        6,
        6,
        1,
        6,
        1,
        0
      ],
      [
        1,
        2,
        6,
        6,
        0,
        0,
        6,
        6,
        2,
        1
      ],
      [
        1,
        2,
        1,
        0,
        0,
        0,
        0,
        1,
        2,
        1
      ],
      [
        6,
        1,
        6,
        0,
        0,
        0,
        0,
        6,
        1,
        6
      ],
      [
        0,
        6,
        1,
        0,
        0,
        0,
        0,
        1,
        6,
        0
      ],
      [
        0,
        1,
        2,
        6,
        0,
        0,
        6,
        2,
        1,
        0
      ],
      [
        0,
        0,
        6,
        1,
        0,
        0,
        1,
        6,
        0,
        0
      ],
      [
        0,
        0,
        0,
        0,
        0,
        0,
        0,
        0,
        0,
        0
      ]
    ]
  },
  "features": {
    "color_entropy": 1.4488156357251847,
    "max_chain_depth": 10.0,
    "avg_cluster_size": 1.75,
    "floating_potential": 0.8160919540229885,
    "density": 0.525,
    "shot_pressure": 0.47619047619047616
  },
  "bots": {
    "weak": {
      "bot_name": "weak",
      "runs": 60,
      "clear_rate": 0.38333333333333336,
      "eac": 44.30434782608695,
      "eac_all": 53.983333333333334,
      "avg_popped": 92.91666666666667
    },
    "medium": {
      "bot_name": "medium",
      "runs": 60,
      "clear_rate": 0.6,
      "eac": 28.22222222222222,
      "eac_all": 40.93333333333333,
      "avg_popped": 81.01666666666667
    },
    "strong": {
      "bot_name": "strong",
      "runs": 60,
      "clear_rate": 0.9833333333333333,
      "eac": 16.610169491525422,
      "eac_all": 17.333333333333332,
      "avg_popped": 59.2
    }
  },
  "spec": {
    "target_features": {
      "color_entropy": 1.4204754263814783,
      "max_chain_depth": 10,
      "floating_potential": 0.7897977017713764,
      "density": 0.4902663569488124
    },
    "weights": {
      "color_entropy": 1.0,
      "max_chain_depth": 0.5,
      "floating_potential": 1.0,
      "density": 2.0
    },
    "rows": 8,
    "cols": 10,
    "num_colors": 6,
    "shots_remaining": 20,
    "target_density": 0.4902663569488124,
    "num_seeds": 4,
    "level_index": 41,
    "symmetric": false,
    "symmetry_axis": "horizontal"
  },
  "rationale": {
    "summary": "마지막 단계 6색 — 큰 콤보 훈련",
    "band": "L042: 마지막 단계 (6색)",
    "axis": "좌우 대칭 패턴 — 시각적 일관성, 양쪽 동시 학습 가능.",
    "intent": "한 발에 10개 이상이 깨지는 클러스터를 의도적으로 배치해, 플레이어가 큰 콤보의 시각·청각 보상을 경험하도록 만든다.",
    "key_feature": "max_chain_depth",
    "achieved": "max_chain_depth 일치 (목표 10.00 → 도달 10.00)",
    "expected_play": "기술 격차가 큰 레벨 — 키스톤 패턴 인식이 결과를 가른다. 봇 W38% / S98%, 평균 17발.",
    "skill_trained": "큰 클러스터 식별과 한 발 콤보.",
    "notes": []
  }
}