{
  "level_id": "L043",
  "board": {
    "rows": 8,
    "cols": 10,
    "num_colors": 7,
    "shots_remaining": 22,
    "seed": 1043,
    "cells": [
      [
        6,
        6,
        6,
        3,
        2,
        2,
        3,
        6,
        6,
        6
      ],
      [
        2,
        6,
        0,
        0,
        4,
        4,
        0,
        0,
        6,
        2
      ],
      [
        2,
        6,
        0,
        4,
        0,
        0,
        4,
        0,
        6,
        2
      ],
      [
        2,
        2,
        2,
        2,
        6,
        6,
        2,
        2,
        2,
        2
      ],
      [
        2,
        0,
        0,
        0,
        4,
        4,
        0,
        0,
        0,
        2
      ],
      [
        0,
        0,
        0,
        6,
        6,
        6,
        6,
        0,
        2,
        0
      ],
      [
        0,
        0,
        0,
        0,
        6,
        6,
        0,
        0,
        0,
        1
      ],
      [
        0,
        0,
        0,
        0,
        0,
        0,
        0,
        0,
        0,
        0
      ]
    ]
  },
  "features": {
    "color_entropy": 1.7763567701931082,
    "max_chain_depth": 10.0,
    "avg_cluster_size": 3.3846153846153846,
    "floating_potential": 1.492063492063492,
    "density": 0.55,
    "shot_pressure": 0.5
  },
  "bots": {
    "weak": {
      "bot_name": "weak",
      "runs": 60,
      "clear_rate": 0.4166666666666667,
      "eac": 37.52,
      "eac_all": 54.13333333333333,
      "avg_popped": 94.65
    },
    "medium": {
      "bot_name": "medium",
      "runs": 60,
      "clear_rate": 0.48333333333333334,
      "eac": 35.6551724137931,
      "eac_all": 51.333333333333336,
      "avg_popped": 92.5
    },
    "strong": {
      "bot_name": "strong",
      "runs": 60,
      "clear_rate": 0.9333333333333333,
      "eac": 31.964285714285715,
      "eac_all": 34.233333333333334,
      "avg_popped": 77.75
    }
  },
  "spec": {
    "target_features": {
      "color_entropy": 1.7420947692357296,
      "max_chain_depth": 10,
      "floating_potential": 1.4985114547823688,
      "density": 0.5352067168508684
    },
    "weights": {
      "color_entropy": 1.0,
      "max_chain_depth": 0.5,
      "floating_potential": 1.0,
      "density": 2.0
    },
    "rows": 8,
    "cols": 10,
    "num_colors": 7,
    "shots_remaining": 22,
    "target_density": 0.5352067168508684,
    "num_seeds": 6,
    "level_index": 43,
    "symmetric": false,
    "symmetry_axis": "horizontal"
  },
  "rationale": {
    "summary": "마지막 단계 7색 — 키스톤 부유 훈련",
    "band": "L044: 마지막 단계 (7색)",
    "axis": "좌우 대칭 패턴 — 시각적 일관성, 양쪽 동시 학습 가능.",
    "intent": "부유 잠재력 1.5 — 천장과 약하게 연결된 키스톤 버블을 한 둘 떨어뜨리면 그 아래 부유 그룹이 함께 풀리도록 설계.",
    "key_feature": "floating_potential",
    "achieved": "floating_potential 일치 (목표 1.50 → 도달 1.49)",
    "expected_play": "기술 격차가 큰 레벨 — 키스톤 패턴 인식이 결과를 가른다. 봇 W42% / S93%, 평균 34발.",
    "skill_trained": "키스톤 버블 인식 — 부수면 풍성한 부유.",
    "notes": []
  }
}