{
  "level_id": "L044",
  "board": {
    "rows": 8,
    "cols": 10,
    "num_colors": 6,
    "shots_remaining": 20,
    "seed": 1044,
    "cells": [
      [
        5,
        0,
        0,
        2,
        0,
        4,
        2,
        5,
        0,
        2
      ],
      [
        2,
        6,
        2,
        2,
        0,
        0,
        5,
        2,
        2,
        0
      ],
      [
        0,
        4,
        5,
        2,
        2,
        0,
        0,
        2,
        2,
        0
      ],
      [
        2,
        2,
        5,
        0,
        4,
        2,
        5,
        0,
        5,
        0
      ],
      [
        2,
        6,
        5,
        0,
        5,
        1,
        0,
        6,
        0,
        2
      ],
      [
        2,
        4,
        0,
        6,
        0,
        2,
        4,
        2,
        5,
        0
      ],
      [
        0,
        5,
        0,
        2,
        0,
        0,
        0,
        0,
        0,
        0
      ],
      [
        0,
        0,
        0,
        0,
        0,
        0,
        0,
        0,
        0,
        0
      ]
    ]
  },
  "features": {
    "color_entropy": 1.823220895212069,
    "max_chain_depth": 7.0,
    "avg_cluster_size": 1.5,
    "floating_potential": 0.5989583333333334,
    "density": 0.525,
    "shot_pressure": 0.47619047619047616
  },
  "bots": {
    "weak": {
      "bot_name": "weak",
      "runs": 60,
      "clear_rate": 0.43333333333333335,
      "eac": 41.38461538461539,
      "eac_all": 51.93333333333333,
      "avg_popped": 91.06666666666666
    },
    "medium": {
      "bot_name": "medium",
      "runs": 60,
      "clear_rate": 0.4166666666666667,
      "eac": 39.44,
      "eac_all": 51.43333333333333,
      "avg_popped": 90.4
    },
    "strong": {
      "bot_name": "strong",
      "runs": 60,
      "clear_rate": 0.7666666666666667,
      "eac": 35.391304347826086,
      "eac_all": 41.13333333333333,
      "avg_popped": 82.16666666666667
    }
  },
  "spec": {
    "target_features": {
      "color_entropy": 1.8347504245890538,
      "max_chain_depth": 4,
      "floating_potential": 0.5879363922431176,
      "density": 0.5249691138440302
    },
    "weights": {
      "color_entropy": 1.0,
      "max_chain_depth": 0.5,
      "floating_potential": 1.0,
      "density": 2.0
    },
    "rows": 8,
    "cols": 10,
    "num_colors": 6,
    "shots_remaining": 20,
    "target_density": 0.5249691138440302,
    "num_seeds": 8,
    "level_index": 44,
    "symmetric": false,
    "symmetry_axis": "none"
  },
  "rationale": {
    "summary": "마지막 단계 6색 — 큰 콤보 훈련",
    "band": "L045: 마지막 단계 (6색)",
    "axis": "비대칭 자유 배치 — 패턴 의존을 막고 즉흥 판단을 요구.",
    "intent": "한 발에 4개 이상이 깨지는 클러스터를 의도적으로 배치해, 플레이어가 큰 콤보의 시각·청각 보상을 경험하도록 만든다.",
    "key_feature": "max_chain_depth",
    "achieved": "max_chain_depth +3.00 이탈 (목표 4.00 → 도달 7.00)",
    "expected_play": "기술 격차가 큰 레벨 — 키스톤 패턴 인식이 결과를 가른다. 봇 W43% / S77%, 평균 41발.",
    "skill_trained": "큰 클러스터 식별과 한 발 콤보.",
    "notes": []
  }
}