{
  "level_id": "L045",
  "board": {
    "rows": 8,
    "cols": 10,
    "num_colors": 6,
    "shots_remaining": 20,
    "seed": 1045,
    "cells": [
      [
        1,
        4,
        4,
        1,
        0,
        0,
        1,
        4,
        4,
        1
      ],
      [
        1,
        5,
        1,
        1,
        6,
        6,
        1,
        1,
        5,
        1
      ],
      [
        0,
        1,
        4,
        5,
        1,
        1,
        5,
        4,
        1,
        0
      ],
      [
        0,
        4,
        4,
        1,
        4,
        4,
        1,
        4,
        4,
        0
      ],
      [
        1,
        4,
        0,
        0,
        0,
        0,
        0,
        0,
        4,
        1
      ],
      [
        0,
        4,
        0,
        0,
        0,
        0,
        0,
        0,
        4,
        0
      ],
      [
        0,
        0,
        0,
        0,
        0,
        0,
        0,
        0,
        0,
        0
      ],
      [
        0,
        0,
        0,
        0,
        0,
        0,
        0,
        0,
        0,
        0
      ]
    ]
  },
  "features": {
    "color_entropy": 1.595461844238322,
    "max_chain_depth": 7.0,
    "avg_cluster_size": 2.3529411764705883,
    "floating_potential": 1.2916666666666667,
    "density": 0.5,
    "shot_pressure": 0.5
  },
  "bots": {
    "weak": {
      "bot_name": "weak",
      "runs": 60,
      "clear_rate": 0.5833333333333334,
      "eac": 34.2,
      "eac_all": 44.95,
      "avg_popped": 82.91666666666667
    },
    "medium": {
      "bot_name": "medium",
      "runs": 60,
      "clear_rate": 0.65,
      "eac": 29.17948717948718,
      "eac_all": 39.96666666666667,
      "avg_popped": 78.01666666666667
    },
    "strong": {
      "bot_name": "strong",
      "runs": 60,
      "clear_rate": 0.95,
      "eac": 23.964912280701753,
      "eac_all": 25.766666666666666,
      "avg_popped": 65.58333333333333
    }
  },
  "spec": {
    "target_features": {
      "color_entropy": 1.3586130283596618,
      "max_chain_depth": 4,
      "floating_potential": 1.4541103808136007,
      "density": 0.45635591457063485
    },
    "weights": {
      "color_entropy": 1.0,
      "max_chain_depth": 0.5,
      "floating_potential": 1.0,
      "density": 2.0
    },
    "rows": 8,
    "cols": 10,
    "num_colors": 6,
    "shots_remaining": 20,
    "target_density": 0.45635591457063485,
    "num_seeds": 4,
    "level_index": 45,
    "symmetric": false,
    "symmetry_axis": "horizontal"
  },
  "rationale": {
    "summary": "마지막 단계 6색 — 큰 콤보 훈련",
    "band": "L046: 마지막 단계 (6색)",
    "axis": "좌우 대칭 패턴 — 시각적 일관성, 양쪽 동시 학습 가능.",
    "intent": "한 발에 4개 이상이 깨지는 클러스터를 의도적으로 배치해, 플레이어가 큰 콤보의 시각·청각 보상을 경험하도록 만든다.",
    "key_feature": "max_chain_depth",
    "achieved": "max_chain_depth +3.00 이탈 (목표 4.00 → 도달 7.00)",
    "expected_play": "기술 격차가 큰 레벨 — 키스톤 패턴 인식이 결과를 가른다. 봇 W58% / S95%, 평균 26발.",
    "skill_trained": "큰 클러스터 식별과 한 발 콤보.",
    "notes": []
  }
}