{
  "level_id": "L048",
  "board": {
    "rows": 8,
    "cols": 10,
    "num_colors": 6,
    "shots_remaining": 20,
    "seed": 1048,
    "cells": [
      [
        4,
        2,
        2,
        4,
        0,
        0,
        2,
        4,
        2,
        0
      ],
      [
        0,
        2,
        1,
        2,
        1,
        2,
        2,
        1,
        4,
        4
      ],
      [
        0,
        2,
        2,
        4,
        0,
        0,
        2,
        4,
        2,
        0
      ],
      [
        2,
        4,
        4,
        4,
        0,
        2,
        1,
        2,
        2,
        2
      ],
      [
        0,
        4,
        2,
        2,
        1,
        2,
        1,
        4,
        0,
        4
      ],
      [
        4,
        1,
        0,
        2,
        4,
        4,
        0,
        4,
        1,
        0
      ],
      [
        2,
        2,
        0,
        0,
        2,
        0,
        0,
        2,
        0,
        2
      ],
      [
        2,
        0,
        0,
        0,
        0,
        0,
        0,
        0,
        0,
        0
      ]
    ]
  },
  "features": {
    "color_entropy": 1.4337314323782187,
    "max_chain_depth": 7.0,
    "avg_cluster_size": 2.08,
    "floating_potential": 0.9038461538461539,
    "density": 0.65,
    "shot_pressure": 0.38461538461538464
  },
  "bots": {
    "weak": {
      "bot_name": "weak",
      "runs": 60,
      "clear_rate": 0.26666666666666666,
      "eac": 48.75,
      "eac_all": 57.0,
      "avg_popped": 105.45
    },
    "medium": {
      "bot_name": "medium",
      "runs": 60,
      "clear_rate": 0.26666666666666666,
      "eac": 45.625,
      "eac_all": 56.166666666666664,
      "avg_popped": 104.45
    },
    "strong": {
      "bot_name": "strong",
      "runs": 60,
      "clear_rate": 0.7166666666666667,
      "eac": 44.116279069767444,
      "eac_all": 48.61666666666667,
      "avg_popped": 98.91666666666667
    }
  },
  "spec": {
    "target_features": {
      "color_entropy": 1.3948158235786878,
      "max_chain_depth": 7,
      "floating_potential": 0.9096631187013557,
      "density": 0.6477769552466609
    },
    "weights": {
      "color_entropy": 1.0,
      "max_chain_depth": 0.5,
      "floating_potential": 1.0,
      "density": 2.0
    },
    "rows": 8,
    "cols": 10,
    "num_colors": 6,
    "shots_remaining": 20,
    "target_density": 0.6477769552466609,
    "num_seeds": 7,
    "level_index": 48,
    "symmetric": false,
    "symmetry_axis": "none"
  },
  "rationale": {
    "summary": "마지막 단계 6색 — 색 분리 훈련",
    "band": "L049: 마지막 단계 (6색)",
    "axis": "비대칭 자유 배치 — 패턴 의존을 막고 즉흥 판단을 요구.",
    "intent": "색 엔트로피 1.39로 색 분포를 균등화. 6색 중 매칭 후보를 빠르게 골라내는 시야 훈련.",
    "key_feature": "color_entropy",
    "achieved": "color_entropy 일치 (목표 1.39 → 도달 1.43)",
    "expected_play": "기술 격차가 큰 레벨 — 키스톤 패턴 인식이 결과를 가른다. 봇 W27% / S72%, 평균 49발.",
    "skill_trained": "6색 분리와 빠른 색 탐색.",
    "notes": []
  }
}