{
  "level_id": "L050",
  "board": {
    "rows": 8,
    "cols": 10,
    "num_colors": 6,
    "shots_remaining": 20,
    "seed": 1050,
    "cells": [
      [
        1,
        0,
        2,
        1,
        1,
        1,
        1,
        2,
        0,
        1
      ],
      [
        2,
        0,
        1,
        2,
        5,
        5,
        2,
        1,
        0,
        2
      ],
      [
        1,
        4,
        2,
        2,
        1,
        1,
        2,
        2,
        4,
        1
      ],
      [
        0,
        0,
        1,
        2,
        1,
        1,
        2,
        1,
        0,
        0
      ],
      [
        0,
        1,
        5,
        2,
        1,
        1,
        2,
        5,
        1,
        0
      ],
      [
        2,
        0,
        4,
        1,
        0,
        0,
        1,
        4,
        0,
        0
      ],
      [
        0,
        0,
        0,
        5,
        0,
        0,
        5,
        0,
        1,
        0
      ],
      [
        0,
        2,
        1,
        0,
        0,
        0,
        0,
        1,
        2,
        0
      ]
    ]
  },
  "features": {
    "color_entropy": 1.6794195633343454,
    "max_chain_depth": 10.0,
    "avg_cluster_size": 1.7333333333333334,
    "floating_potential": 0.7115384615384616,
    "density": 0.65,
    "shot_pressure": 0.38461538461538464
  },
  "bots": {
    "weak": {
      "bot_name": "weak",
      "runs": 60,
      "clear_rate": 0.43333333333333335,
      "eac": 42.42307692307692,
      "eac_all": 52.38333333333333,
      "avg_popped": 101.58333333333333
    },
    "medium": {
      "bot_name": "medium",
      "runs": 60,
      "clear_rate": 0.45,
      "eac": 38.25925925925926,
      "eac_all": 50.21666666666667,
      "avg_popped": 99.36666666666666
    },
    "strong": {
      "bot_name": "strong",
      "runs": 60,
      "clear_rate": 0.75,
      "eac": 37.48888888888889,
      "eac_all": 43.11666666666667,
      "avg_popped": 93.75
    }
  },
  "spec": {
    "target_features": {
      "color_entropy": 1.69195388253595,
      "max_chain_depth": 10,
      "floating_potential": 0.6969990321947379,
      "density": 0.6451555746376567
    },
    "weights": {
      "color_entropy": 1.0,
      "max_chain_depth": 0.5,
      "floating_potential": 1.0,
      "density": 2.0
    },
    "rows": 8,
    "cols": 10,
    "num_colors": 6,
    "shots_remaining": 20,
    "target_density": 0.6451555746376567,
    "num_seeds": 7,
    "level_index": 50,
    "symmetric": false,
    "symmetry_axis": "horizontal"
  },
  "rationale": {
    "summary": "엔드게임 6색 — 키스톤 부유 훈련",
    "band": "L051: 엔드게임 (6색)",
    "axis": "좌우 대칭 패턴 — 시각적 일관성, 양쪽 동시 학습 가능.",
    "intent": "부유 잠재력 0.7 — 천장과 약하게 연결된 키스톤 버블을 한 둘 떨어뜨리면 그 아래 부유 그룹이 함께 풀리도록 설계.",
    "key_feature": "floating_potential",
    "achieved": "floating_potential 일치 (목표 0.70 → 도달 0.71)",
    "expected_play": "기술 격차가 큰 레벨 — 키스톤 패턴 인식이 결과를 가른다. 봇 W43% / S75%, 평균 43발.",
    "skill_trained": "키스톤 버블 인식 — 부수면 풍성한 부유.",
    "notes": []
  }
}