{
  "level_id": "L051",
  "board": {
    "rows": 8,
    "cols": 10,
    "num_colors": 7,
    "shots_remaining": 22,
    "seed": 1051,
    "cells": [
      [
        1,
        4,
        7,
        6,
        7,
        7,
        7,
        7,
        7,
        7
      ],
      [
        1,
        1,
        7,
        7,
        7,
        7,
        4,
        7,
        7,
        7
      ],
      [
        7,
        0,
        4,
        7,
        7,
        1,
        3,
        1,
        4,
        4
      ],
      [
        7,
        4,
        4,
        4,
        3,
        0,
        1,
        7,
        0,
        7
      ],
      [
        0,
        0,
        0,
        0,
        0,
        7,
        7,
        1,
        7,
        0
      ],
      [
        0,
        0,
        0,
        1,
        1,
        0,
        0,
        1,
        7,
        0
      ],
      [
        0,
        0,
        0,
        0,
        0,
        7,
        0,
        0,
        0,
        7
      ],
      [
        0,
        0,
        0,
        0,
        0,
        0,
        0,
        0,
        0,
        0
      ]
    ]
  },
  "features": {
    "color_entropy": 1.6943609023044028,
    "max_chain_depth": 6.0,
    "avg_cluster_size": 2.764705882352941,
    "floating_potential": 0.948051948051948,
    "density": 0.5875,
    "shot_pressure": 0.46808510638297873
  },
  "bots": {
    "weak": {
      "bot_name": "weak",
      "runs": 60,
      "clear_rate": 0.3,
      "eac": 42.77777777777778,
      "eac_all": 59.03333333333333,
      "avg_popped": 101.61666666666666
    },
    "medium": {
      "bot_name": "medium",
      "runs": 60,
      "clear_rate": 0.38333333333333336,
      "eac": 41.52173913043478,
      "eac_all": 56.61666666666667,
      "avg_popped": 99.76666666666667
    },
    "strong": {
      "bot_name": "strong",
      "runs": 60,
      "clear_rate": 0.7833333333333333,
      "eac": 37.97872340425532,
      "eac_all": 44.05,
      "avg_popped": 90.01666666666667
    }
  },
  "spec": {
    "target_features": {
      "color_entropy": 1.6945201442416398,
      "max_chain_depth": 5,
      "floating_potential": 0.9507390256386589,
      "density": 0.5830487050238051
    },
    "weights": {
      "color_entropy": 1.0,
      "max_chain_depth": 0.5,
      "floating_potential": 1.0,
      "density": 2.0
    },
    "rows": 8,
    "cols": 10,
    "num_colors": 7,
    "shots_remaining": 22,
    "target_density": 0.5830487050238051,
    "num_seeds": 8,
    "level_index": 51,
    "symmetric": false,
    "symmetry_axis": "none"
  },
  "rationale": {
    "summary": "엔드게임 7색 — 큰 콤보 훈련",
    "band": "L052: 엔드게임 (7색)",
    "axis": "비대칭 자유 배치 — 패턴 의존을 막고 즉흥 판단을 요구.",
    "intent": "한 발에 5개 이상이 깨지는 클러스터를 의도적으로 배치해, 플레이어가 큰 콤보의 시각·청각 보상을 경험하도록 만든다.",
    "key_feature": "max_chain_depth",
    "achieved": "max_chain_depth +1.00 이탈 (목표 5.00 → 도달 6.00)",
    "expected_play": "기술 격차가 큰 레벨 — 키스톤 패턴 인식이 결과를 가른다. 봇 W30% / S78%, 평균 44발.",
    "skill_trained": "큰 클러스터 식별과 한 발 콤보.",
    "notes": []
  }
}