{
  "level_id": "L053",
  "board": {
    "rows": 8,
    "cols": 10,
    "num_colors": 7,
    "shots_remaining": 22,
    "seed": 1053,
    "cells": [
      [
        1,
        0,
        1,
        1,
        5,
        7,
        1,
        0,
        5,
        0
      ],
      [
        7,
        1,
        5,
        0,
        1,
        5,
        2,
        1,
        0,
        0
      ],
      [
        5,
        1,
        1,
        7,
        5,
        5,
        1,
        5,
        1,
        0
      ],
      [
        7,
        5,
        5,
        1,
        5,
        1,
        5,
        0,
        1,
        5
      ],
      [
        1,
        0,
        0,
        1,
        5,
        1,
        5,
        1,
        0,
        1
      ],
      [
        0,
        0,
        0,
        0,
        0,
        1,
        2,
        0,
        0,
        1
      ],
      [
        0,
        0,
        0,
        0,
        0,
        1,
        5,
        1,
        0,
        0
      ],
      [
        0,
        0,
        0,
        0,
        0,
        5,
        1,
        5,
        5,
        0
      ]
    ]
  },
  "features": {
    "color_entropy": 1.5177767263042719,
    "max_chain_depth": 8.0,
    "avg_cluster_size": 1.8846153846153846,
    "floating_potential": 0.9931972789115646,
    "density": 0.6125,
    "shot_pressure": 0.4489795918367347
  },
  "bots": {
    "weak": {
      "bot_name": "weak",
      "runs": 60,
      "clear_rate": 0.18333333333333332,
      "eac": 56.18181818181818,
      "eac_all": 64.2,
      "avg_popped": 108.45
    },
    "medium": {
      "bot_name": "medium",
      "runs": 60,
      "clear_rate": 0.25,
      "eac": 43.13333333333333,
      "eac_all": 60.28333333333333,
      "avg_popped": 105.15
    },
    "strong": {
      "bot_name": "strong",
      "runs": 60,
      "clear_rate": 0.8,
      "eac": 42.416666666666664,
      "eac_all": 47.13333333333333,
      "avg_popped": 95.06666666666666
    }
  },
  "spec": {
    "target_features": {
      "color_entropy": 1.2264741347869268,
      "max_chain_depth": 5,
      "floating_potential": 1.0360431232731888,
      "density": 0.6002130664792775
    },
    "weights": {
      "color_entropy": 1.0,
      "max_chain_depth": 0.5,
      "floating_potential": 1.0,
      "density": 2.0
    },
    "rows": 8,
    "cols": 10,
    "num_colors": 7,
    "shots_remaining": 22,
    "target_density": 0.6002130664792775,
    "num_seeds": 8,
    "level_index": 53,
    "symmetric": false,
    "symmetry_axis": "none"
  },
  "rationale": {
    "summary": "엔드게임 7색 — 색 분리 훈련",
    "band": "L054: 엔드게임 (7색)",
    "axis": "비대칭 자유 배치 — 패턴 의존을 막고 즉흥 판단을 요구.",
    "intent": "색 엔트로피 1.23로 색 분포를 균등화. 7색 중 매칭 후보를 빠르게 골라내는 시야 훈련.",
    "key_feature": "color_entropy",
    "achieved": "color_entropy +0.29 이탈 (목표 1.23 → 도달 1.52)",
    "expected_play": "기술 격차가 큰 레벨 — 키스톤 패턴 인식이 결과를 가른다. 봇 W18% / S80%, 평균 47발.",
    "skill_trained": "7색 분리와 빠른 색 탐색.",
    "notes": []
  }
}