{
  "level_id": "L054",
  "board": {
    "rows": 8,
    "cols": 10,
    "num_colors": 7,
    "shots_remaining": 22,
    "seed": 1054,
    "cells": [
      [
        0,
        3,
        2,
        3,
        2,
        2,
        3,
        2,
        3,
        0
      ],
      [
        2,
        2,
        2,
        3,
        2,
        2,
        3,
        2,
        2,
        2
      ],
      [
        2,
        2,
        2,
        3,
        2,
        2,
        3,
        2,
        2,
        2
      ],
      [
        0,
        0,
        2,
        3,
        0,
        0,
        3,
        2,
        0,
        0
      ],
      [
        0,
        0,
        7,
        7,
        0,
        0,
        7,
        7,
        0,
        0
      ],
      [
        2,
        2,
        0,
        7,
        0,
        0,
        7,
        0,
        0,
        0
      ],
      [
        0,
        0,
        0,
        2,
        0,
        0,
        2,
        0,
        0,
        0
      ],
      [
        0,
        0,
        2,
        3,
        2,
        2,
        3,
        2,
        0,
        0
      ]
    ]
  },
  "features": {
    "color_entropy": 1.2987949406953985,
    "max_chain_depth": 9.0,
    "avg_cluster_size": 3.2,
    "floating_potential": 1.120879120879121,
    "density": 0.6,
    "shot_pressure": 0.4583333333333333
  },
  "bots": {
    "weak": {
      "bot_name": "weak",
      "runs": 60,
      "clear_rate": 0.35,
      "eac": 47.666666666666664,
      "eac_all": 59.583333333333336,
      "avg_popped": 103.6
    },
    "medium": {
      "bot_name": "medium",
      "runs": 60,
      "clear_rate": 0.25,
      "eac": 36.666666666666664,
      "eac_all": 58.666666666666664,
      "avg_popped": 102.36666666666666
    },
    "strong": {
      "bot_name": "strong",
      "runs": 60,
      "clear_rate": 0.7166666666666667,
      "eac": 38.27906976744186,
      "eac_all": 46.13333333333333,
      "avg_popped": 92.41666666666667
    }
  },
  "spec": {
    "target_features": {
      "color_entropy": 1.2485038261308952,
      "max_chain_depth": 9,
      "floating_potential": 1.1601432454036087,
      "density": 0.5734963488240103
    },
    "weights": {
      "color_entropy": 1.0,
      "max_chain_depth": 0.5,
      "floating_potential": 1.0,
      "density": 2.0
    },
    "rows": 8,
    "cols": 10,
    "num_colors": 7,
    "shots_remaining": 22,
    "target_density": 0.5734963488240103,
    "num_seeds": 8,
    "level_index": 54,
    "symmetric": false,
    "symmetry_axis": "horizontal"
  },
  "rationale": {
    "summary": "엔드게임 7색 — 색 분리 훈련",
    "band": "L055: 엔드게임 (7색)",
    "axis": "좌우 대칭 패턴 — 시각적 일관성, 양쪽 동시 학습 가능.",
    "intent": "색 엔트로피 1.25로 색 분포를 균등화. 7색 중 매칭 후보를 빠르게 골라내는 시야 훈련.",
    "key_feature": "color_entropy",
    "achieved": "color_entropy 일치 (목표 1.25 → 도달 1.30)",
    "expected_play": "기술 격차가 큰 레벨 — 키스톤 패턴 인식이 결과를 가른다. 봇 W35% / S72%, 평균 46발.",
    "skill_trained": "7색 분리와 빠른 색 탐색.",
    "notes": []
  }
}