{
  "level_id": "L055",
  "board": {
    "rows": 8,
    "cols": 10,
    "num_colors": 7,
    "shots_remaining": 22,
    "seed": 1055,
    "cells": [
      [
        3,
        3,
        4,
        3,
        4,
        4,
        3,
        4,
        3,
        3
      ],
      [
        4,
        4,
        2,
        2,
        3,
        3,
        2,
        2,
        4,
        4
      ],
      [
        3,
        3,
        3,
        4,
        0,
        0,
        4,
        3,
        3,
        3
      ],
      [
        0,
        0,
        4,
        4,
        0,
        0,
        4,
        4,
        0,
        0
      ],
      [
        0,
        0,
        0,
        0,
        0,
        0,
        0,
        0,
        0,
        0
      ],
      [
        0,
        0,
        0,
        0,
        0,
        0,
        0,
        0,
        0,
        0
      ],
      [
        0,
        0,
        0,
        0,
        0,
        0,
        0,
        0,
        0,
        0
      ],
      [
        0,
        0,
        0,
        0,
        0,
        0,
        0,
        0,
        0,
        0
      ]
    ]
  },
  "features": {
    "color_entropy": 1.4185644431995963,
    "max_chain_depth": 4.0,
    "avg_cluster_size": 2.2857142857142856,
    "floating_potential": 0.7653061224489796,
    "density": 0.4,
    "shot_pressure": 0.6875
  },
  "bots": {
    "weak": {
      "bot_name": "weak",
      "runs": 60,
      "clear_rate": 0.26666666666666666,
      "eac": 49.25,
      "eac_all": 61.53333333333333,
      "avg_popped": 89.25
    },
    "medium": {
      "bot_name": "medium",
      "runs": 60,
      "clear_rate": 0.4166666666666667,
      "eac": 44.92,
      "eac_all": 57.21666666666667,
      "avg_popped": 85.75
    },
    "strong": {
      "bot_name": "strong",
      "runs": 60,
      "clear_rate": 0.85,
      "eac": 34.80392156862745,
      "eac_all": 39.483333333333334,
      "avg_popped": 70.86666666666666
    }
  },
  "spec": {
    "target_features": {
      "color_entropy": 1.4163729188085161,
      "max_chain_depth": 4,
      "floating_potential": 0.8776467664866452,
      "density": 0.3995689152103226
    },
    "weights": {
      "color_entropy": 1.0,
      "max_chain_depth": 0.5,
      "floating_potential": 1.0,
      "density": 2.0
    },
    "rows": 8,
    "cols": 10,
    "num_colors": 7,
    "shots_remaining": 22,
    "target_density": 0.3995689152103226,
    "num_seeds": 4,
    "level_index": 55,
    "symmetric": false,
    "symmetry_axis": "horizontal"
  },
  "rationale": {
    "summary": "엔드게임 7색 — 큰 콤보 훈련",
    "band": "L056: 엔드게임 (7색)",
    "axis": "좌우 대칭 패턴 — 시각적 일관성, 양쪽 동시 학습 가능.",
    "intent": "한 발에 4개 이상이 깨지는 클러스터를 의도적으로 배치해, 플레이어가 큰 콤보의 시각·청각 보상을 경험하도록 만든다.",
    "key_feature": "max_chain_depth",
    "achieved": "max_chain_depth 일치 (목표 4.00 → 도달 4.00)",
    "expected_play": "기술 격차가 큰 레벨 — 키스톤 패턴 인식이 결과를 가른다. 봇 W27% / S85%, 평균 39발.",
    "skill_trained": "큰 클러스터 식별과 한 발 콤보.",
    "notes": []
  }
}