{
  "level_id": "L056",
  "board": {
    "rows": 8,
    "cols": 10,
    "num_colors": 7,
    "shots_remaining": 22,
    "seed": 1056,
    "cells": [
      [
        1,
        1,
        1,
        6,
        1,
        4,
        0,
        4,
        0,
        1
      ],
      [
        0,
        0,
        6,
        4,
        4,
        1,
        4,
        4,
        4,
        1
      ],
      [
        1,
        1,
        1,
        6,
        4,
        0,
        4,
        1,
        1,
        0
      ],
      [
        1,
        4,
        3,
        1,
        0,
        1,
        1,
        1,
        1,
        4
      ],
      [
        1,
        0,
        1,
        0,
        0,
        0,
        1,
        4,
        0,
        0
      ],
      [
        1,
        4,
        1,
        1,
        0,
        4,
        3,
        0,
        0,
        0
      ],
      [
        0,
        0,
        0,
        0,
        4,
        4,
        1,
        4,
        0,
        0
      ],
      [
        0,
        0,
        0,
        0,
        0,
        0,
        0,
        0,
        0,
        0
      ]
    ]
  },
  "features": {
    "color_entropy": 1.4622875634268424,
    "max_chain_depth": 11.0,
    "avg_cluster_size": 2.35,
    "floating_potential": 1.1542857142857144,
    "density": 0.5875,
    "shot_pressure": 0.46808510638297873
  },
  "bots": {
    "weak": {
      "bot_name": "weak",
      "runs": 60,
      "clear_rate": 0.31666666666666665,
      "eac": 32.36842105263158,
      "eac_all": 55.35,
      "avg_popped": 98.48333333333333
    },
    "medium": {
      "bot_name": "medium",
      "runs": 60,
      "clear_rate": 0.5166666666666667,
      "eac": 30.06451612903226,
      "eac_all": 47.43333333333333,
      "avg_popped": 91.63333333333334
    },
    "strong": {
      "bot_name": "strong",
      "runs": 60,
      "clear_rate": 0.95,
      "eac": 24.80701754385965,
      "eac_all": 26.866666666666667,
      "avg_popped": 73.65
    }
  },
  "spec": {
    "target_features": {
      "color_entropy": 1.4716804487953294,
      "max_chain_depth": 4,
      "floating_potential": 1.1537697850798274,
      "density": 0.5906818364020912
    },
    "weights": {
      "color_entropy": 1.0,
      "max_chain_depth": 0.5,
      "floating_potential": 1.0,
      "density": 2.0
    },
    "rows": 8,
    "cols": 10,
    "num_colors": 7,
    "shots_remaining": 22,
    "target_density": 0.5906818364020912,
    "num_seeds": 6,
    "level_index": 56,
    "symmetric": false,
    "symmetry_axis": "none"
  },
  "rationale": {
    "summary": "엔드게임 7색 — 큰 콤보 훈련",
    "band": "L057: 엔드게임 (7색)",
    "axis": "비대칭 자유 배치 — 패턴 의존을 막고 즉흥 판단을 요구.",
    "intent": "한 발에 4개 이상이 깨지는 클러스터를 의도적으로 배치해, 플레이어가 큰 콤보의 시각·청각 보상을 경험하도록 만든다.",
    "key_feature": "max_chain_depth",
    "achieved": "max_chain_depth +7.00 이탈 (목표 4.00 → 도달 11.00)",
    "expected_play": "기술 격차가 큰 레벨 — 키스톤 패턴 인식이 결과를 가른다. 봇 W32% / S95%, 평균 27발.",
    "skill_trained": "큰 클러스터 식별과 한 발 콤보.",
    "notes": []
  }
}