{
  "level_id": "L057",
  "board": {
    "rows": 8,
    "cols": 10,
    "num_colors": 6,
    "shots_remaining": 20,
    "seed": 1057,
    "cells": [
      [
        6,
        6,
        2,
        2,
        5,
        5,
        2,
        2,
        6,
        6
      ],
      [
        2,
        5,
        5,
        5,
        2,
        2,
        5,
        5,
        5,
        2
      ],
      [
        6,
        0,
        0,
        6,
        2,
        2,
        6,
        0,
        0,
        6
      ],
      [
        0,
        0,
        0,
        0,
        2,
        2,
        0,
        0,
        3,
        0
      ],
      [
        0,
        0,
        0,
        0,
        5,
        5,
        0,
        0,
        0,
        1
      ],
      [
        0,
        0,
        0,
        0,
        0,
        0,
        0,
        0,
        6,
        0
      ],
      [
        0,
        0,
        0,
        0,
        0,
        0,
        0,
        2,
        5,
        2
      ],
      [
        0,
        0,
        0,
        0,
        0,
        0,
        0,
        0,
        0,
        0
      ]
    ]
  },
  "features": {
    "color_entropy": 1.8397571756979363,
    "max_chain_depth": 11.0,
    "avg_cluster_size": 1.894736842105263,
    "floating_potential": 0.4930555555555556,
    "density": 0.45,
    "shot_pressure": 0.5555555555555556
  },
  "bots": {
    "weak": {
      "bot_name": "weak",
      "runs": 60,
      "clear_rate": 0.6,
      "eac": 31.944444444444443,
      "eac_all": 43.166666666666664,
      "avg_popped": 77.1
    },
    "medium": {
      "bot_name": "medium",
      "runs": 60,
      "clear_rate": 0.5833333333333334,
      "eac": 25.65714285714286,
      "eac_all": 39.96666666666667,
      "avg_popped": 73.71666666666667
    },
    "strong": {
      "bot_name": "strong",
      "runs": 60,
      "clear_rate": 0.9666666666666667,
      "eac": 18.5,
      "eac_all": 19.883333333333333,
      "avg_popped": 55.766666666666666
    }
  },
  "spec": {
    "target_features": {
      "color_entropy": 1.8100868743411949,
      "max_chain_depth": 11,
      "floating_potential": 0.4849648584187516,
      "density": 0.45621204885941313
    },
    "weights": {
      "color_entropy": 1.0,
      "max_chain_depth": 0.5,
      "floating_potential": 1.0,
      "density": 2.0
    },
    "rows": 8,
    "cols": 10,
    "num_colors": 6,
    "shots_remaining": 20,
    "target_density": 0.45621204885941313,
    "num_seeds": 8,
    "level_index": 57,
    "symmetric": false,
    "symmetry_axis": "horizontal"
  },
  "rationale": {
    "summary": "엔드게임 6색 — 키스톤 부유 훈련",
    "band": "L058: 엔드게임 (6색)",
    "axis": "좌우 대칭 패턴 — 시각적 일관성, 양쪽 동시 학습 가능.",
    "intent": "부유 잠재력 0.5 — 천장과 약하게 연결된 키스톤 버블을 한 둘 떨어뜨리면 그 아래 부유 그룹이 함께 풀리도록 설계.",
    "key_feature": "floating_potential",
    "achieved": "floating_potential 일치 (목표 0.48 → 도달 0.49)",
    "expected_play": "기술 격차가 큰 레벨 — 키스톤 패턴 인식이 결과를 가른다. 봇 W60% / S97%, 평균 20발.",
    "skill_trained": "키스톤 버블 인식 — 부수면 풍성한 부유.",
    "notes": []
  }
}