{
  "level_id": "L058",
  "board": {
    "rows": 8,
    "cols": 10,
    "num_colors": 6,
    "shots_remaining": 20,
    "seed": 1058,
    "cells": [
      [
        6,
        3,
        0,
        5,
        0,
        0,
        5,
        0,
        3,
        6
      ],
      [
        6,
        6,
        5,
        0,
        0,
        0,
        0,
        5,
        6,
        6
      ],
      [
        6,
        6,
        5,
        6,
        6,
        6,
        6,
        5,
        6,
        6
      ],
      [
        6,
        6,
        3,
        0,
        0,
        0,
        0,
        3,
        6,
        6
      ],
      [
        0,
        5,
        0,
        0,
        0,
        0,
        0,
        0,
        5,
        0
      ],
      [
        0,
        6,
        0,
        0,
        0,
        0,
        0,
        0,
        6,
        0
      ],
      [
        0,
        0,
        0,
        0,
        0,
        0,
        0,
        0,
        0,
        0
      ],
      [
        0,
        0,
        0,
        0,
        0,
        0,
        0,
        0,
        0,
        0
      ]
    ]
  },
  "features": {
    "color_entropy": 1.2987949406953985,
    "max_chain_depth": 10.0,
    "avg_cluster_size": 2.2857142857142856,
    "floating_potential": 0.68,
    "density": 0.4,
    "shot_pressure": 0.625
  },
  "bots": {
    "weak": {
      "bot_name": "weak",
      "runs": 60,
      "clear_rate": 0.4166666666666667,
      "eac": 42.44,
      "eac_all": 52.68333333333333,
      "avg_popped": 81.68333333333334
    },
    "medium": {
      "bot_name": "medium",
      "runs": 60,
      "clear_rate": 0.35,
      "eac": 36.19047619047619,
      "eac_all": 51.666666666666664,
      "avg_popped": 80.53333333333333
    },
    "strong": {
      "bot_name": "strong",
      "runs": 60,
      "clear_rate": 0.7333333333333333,
      "eac": 41.31818181818182,
      "eac_all": 46.3,
      "avg_popped": 76.73333333333333
    }
  },
  "spec": {
    "target_features": {
      "color_entropy": 1.2312298822076937,
      "max_chain_depth": 10,
      "floating_potential": 0.6369217500916297,
      "density": 0.355183668383969
    },
    "weights": {
      "color_entropy": 1.0,
      "max_chain_depth": 0.5,
      "floating_potential": 1.0,
      "density": 2.0
    },
    "rows": 8,
    "cols": 10,
    "num_colors": 6,
    "shots_remaining": 20,
    "target_density": 0.355183668383969,
    "num_seeds": 6,
    "level_index": 58,
    "symmetric": false,
    "symmetry_axis": "horizontal"
  },
  "rationale": {
    "summary": "엔드게임 6색 — 색 분리 훈련",
    "band": "L059: 엔드게임 (6색)",
    "axis": "좌우 대칭 패턴 — 시각적 일관성, 양쪽 동시 학습 가능.",
    "intent": "색 엔트로피 1.23로 색 분포를 균등화. 6색 중 매칭 후보를 빠르게 골라내는 시야 훈련.",
    "key_feature": "color_entropy",
    "achieved": "color_entropy 일치 (목표 1.23 → 도달 1.30)",
    "expected_play": "기술 격차가 큰 레벨 — 키스톤 패턴 인식이 결과를 가른다. 봇 W42% / S73%, 평균 46발.",
    "skill_trained": "6색 분리와 빠른 색 탐색.",
    "notes": []
  }
}