{
  "level_id": "L059",
  "board": {
    "rows": 8,
    "cols": 10,
    "num_colors": 7,
    "shots_remaining": 22,
    "seed": 1059,
    "cells": [
      [
        2,
        2,
        5,
        5,
        2,
        2,
        5,
        5,
        2,
        2
      ],
      [
        0,
        2,
        2,
        2,
        5,
        5,
        2,
        2,
        2,
        0
      ],
      [
        0,
        0,
        2,
        0,
        0,
        0,
        0,
        2,
        0,
        2
      ],
      [
        0,
        1,
        5,
        6,
        6,
        6,
        6,
        5,
        1,
        0
      ],
      [
        1,
        2,
        2,
        0,
        5,
        5,
        0,
        2,
        2,
        1
      ],
      [
        0,
        0,
        2,
        0,
        5,
        5,
        0,
        2,
        0,
        0
      ],
      [
        0,
        0,
        2,
        0,
        0,
        0,
        0,
        2,
        0,
        0
      ],
      [
        0,
        0,
        0,
        0,
        0,
        0,
        2,
        0,
        0,
        0
      ]
    ]
  },
  "features": {
    "color_entropy": 1.6171895725927152,
    "max_chain_depth": 9.0,
    "avg_cluster_size": 3.3846153846153846,
    "floating_potential": 1.4489795918367347,
    "density": 0.55,
    "shot_pressure": 0.5
  },
  "bots": {
    "weak": {
      "bot_name": "weak",
      "runs": 60,
      "clear_rate": 0.43333333333333335,
      "eac": 28.307692307692307,
      "eac_all": 49.666666666666664,
      "avg_popped": 90.05
    },
    "medium": {
      "bot_name": "medium",
      "runs": 60,
      "clear_rate": 0.6166666666666667,
      "eac": 25.027027027027028,
      "eac_all": 40.733333333333334,
      "avg_popped": 82.2
    },
    "strong": {
      "bot_name": "strong",
      "runs": 60,
      "clear_rate": 0.9833333333333333,
      "eac": 17.728813559322035,
      "eac_all": 18.533333333333335,
      "avg_popped": 62.5
    }
  },
  "spec": {
    "target_features": {
      "color_entropy": 1.6153085761635368,
      "max_chain_depth": 5,
      "floating_potential": 1.4671114423885392,
      "density": 0.5248194876261003
    },
    "weights": {
      "color_entropy": 1.0,
      "max_chain_depth": 0.5,
      "floating_potential": 1.0,
      "density": 2.0
    },
    "rows": 8,
    "cols": 10,
    "num_colors": 7,
    "shots_remaining": 22,
    "target_density": 0.5248194876261003,
    "num_seeds": 5,
    "level_index": 59,
    "symmetric": false,
    "symmetry_axis": "horizontal"
  },
  "rationale": {
    "summary": "엔드게임 7색 — 키스톤 부유 훈련",
    "band": "L060: 엔드게임 (7색)",
    "axis": "좌우 대칭 패턴 — 시각적 일관성, 양쪽 동시 학습 가능.",
    "intent": "부유 잠재력 1.5 — 천장과 약하게 연결된 키스톤 버블을 한 둘 떨어뜨리면 그 아래 부유 그룹이 함께 풀리도록 설계.",
    "key_feature": "floating_potential",
    "achieved": "floating_potential 일치 (목표 1.47 → 도달 1.45)",
    "expected_play": "기술 격차가 큰 레벨 — 키스톤 패턴 인식이 결과를 가른다. 봇 W43% / S98%, 평균 19발.",
    "skill_trained": "키스톤 버블 인식 — 부수면 풍성한 부유.",
    "notes": []
  }
}