{
  "level_id": "L060",
  "board": {
    "rows": 8,
    "cols": 10,
    "num_colors": 6,
    "shots_remaining": 20,
    "seed": 1060,
    "cells": [
      [
        2,
        6,
        6,
        6,
        2,
        2,
        6,
        6,
        6,
        2
      ],
      [
        2,
        3,
        6,
        3,
        5,
        5,
        3,
        6,
        3,
        2
      ],
      [
        3,
        1,
        3,
        3,
        1,
        1,
        3,
        3,
        1,
        3
      ],
      [
        6,
        0,
        3,
        0,
        6,
        6,
        0,
        3,
        0,
        6
      ],
      [
        3,
        1,
        0,
        6,
        6,
        6,
        6,
        0,
        1,
        3
      ],
      [
        0,
        0,
        0,
        6,
        0,
        0,
        6,
        0,
        0,
        0
      ],
      [
        0,
        0,
        0,
        0,
        0,
        0,
        0,
        6,
        0,
        0
      ],
      [
        0,
        0,
        0,
        0,
        0,
        0,
        0,
        0,
        0,
        0
      ]
    ]
  },
  "features": {
    "color_entropy": 2.0006922203395847,
    "max_chain_depth": 10.0,
    "avg_cluster_size": 2.35,
    "floating_potential": 1.5583333333333333,
    "density": 0.5875,
    "shot_pressure": 0.425531914893617
  },
  "bots": {
    "weak": {
      "bot_name": "weak",
      "runs": 60,
      "clear_rate": 0.6666666666666666,
      "eac": 32.575,
      "eac_all": 41.71666666666667,
      "avg_popped": 86.91666666666667
    },
    "medium": {
      "bot_name": "medium",
      "runs": 60,
      "clear_rate": 0.6333333333333333,
      "eac": 31.13157894736842,
      "eac_all": 41.71666666666667,
      "avg_popped": 86.75
    },
    "strong": {
      "bot_name": "strong",
      "runs": 60,
      "clear_rate": 0.9333333333333333,
      "eac": 27.071428571428573,
      "eac_all": 29.266666666666666,
      "avg_popped": 75.98333333333333
    }
  },
  "spec": {
    "target_features": {
      "color_entropy": 1.9994176123102405,
      "max_chain_depth": 10,
      "floating_potential": 1.5698845361231974,
      "density": 0.5860684921072803
    },
    "weights": {
      "color_entropy": 1.0,
      "max_chain_depth": 0.5,
      "floating_potential": 1.0,
      "density": 2.0
    },
    "rows": 8,
    "cols": 10,
    "num_colors": 6,
    "shots_remaining": 20,
    "target_density": 0.5860684921072803,
    "num_seeds": 5,
    "level_index": 60,
    "symmetric": false,
    "symmetry_axis": "horizontal"
  },
  "rationale": {
    "summary": "엔드게임 6색 — 색 분리 훈련",
    "band": "L061: 엔드게임 (6색)",
    "axis": "좌우 대칭 패턴 — 시각적 일관성, 양쪽 동시 학습 가능.",
    "intent": "색 엔트로피 2.00로 색 분포를 균등화. 6색 중 매칭 후보를 빠르게 골라내는 시야 훈련.",
    "key_feature": "color_entropy",
    "achieved": "color_entropy 일치 (목표 2.00 → 도달 2.00)",
    "expected_play": "표준 난이도 — 평균적 플레이어가 1-2회 시도로 클리어. 봇 W67% / S93%, 평균 29발.",
    "skill_trained": "6색 분리와 빠른 색 탐색.",
    "notes": []
  }
}