{
  "level_id": "L061",
  "board": {
    "rows": 8,
    "cols": 10,
    "num_colors": 7,
    "shots_remaining": 22,
    "seed": 1061,
    "cells": [
      [
        6,
        0,
        6,
        3,
        3,
        3,
        3,
        6,
        0,
        6
      ],
      [
        3,
        0,
        0,
        6,
        0,
        0,
        6,
        0,
        0,
        3
      ],
      [
        0,
        3,
        6,
        7,
        7,
        7,
        7,
        6,
        3,
        0
      ],
      [
        0,
        3,
        3,
        3,
        0,
        0,
        3,
        3,
        3,
        0
      ],
      [
        3,
        3,
        3,
        0,
        0,
        0,
        0,
        3,
        3,
        3
      ],
      [
        0,
        0,
        0,
        0,
        0,
        0,
        0,
        0,
        0,
        0
      ],
      [
        0,
        0,
        0,
        0,
        0,
        0,
        0,
        0,
        0,
        0
      ],
      [
        0,
        0,
        0,
        0,
        0,
        0,
        0,
        0,
        0,
        0
      ]
    ]
  },
  "features": {
    "color_entropy": 1.2987949406953985,
    "max_chain_depth": 9.0,
    "avg_cluster_size": 2.909090909090909,
    "floating_potential": 1.4047619047619047,
    "density": 0.4,
    "shot_pressure": 0.6875
  },
  "bots": {
    "weak": {
      "bot_name": "weak",
      "runs": 60,
      "clear_rate": 0.4166666666666667,
      "eac": 41.96,
      "eac_all": 55.983333333333334,
      "avg_popped": 85.28333333333333
    },
    "medium": {
      "bot_name": "medium",
      "runs": 60,
      "clear_rate": 0.45,
      "eac": 25.074074074074073,
      "eac_all": 47.583333333333336,
      "avg_popped": 75.86666666666666
    },
    "strong": {
      "bot_name": "strong",
      "runs": 60,
      "clear_rate": 0.9,
      "eac": 17.87037037037037,
      "eac_all": 22.683333333333334,
      "avg_popped": 54.21666666666667
    }
  },
  "spec": {
    "target_features": {
      "color_entropy": 1.2266267633628085,
      "max_chain_depth": 9,
      "floating_potential": 1.5287824526673308,
      "density": 0.3566485113996105
    },
    "weights": {
      "color_entropy": 1.0,
      "max_chain_depth": 0.5,
      "floating_potential": 1.0,
      "density": 2.0
    },
    "rows": 8,
    "cols": 10,
    "num_colors": 7,
    "shots_remaining": 22,
    "target_density": 0.3566485113996105,
    "num_seeds": 5,
    "level_index": 61,
    "symmetric": false,
    "symmetry_axis": "horizontal"
  },
  "rationale": {
    "summary": "엔드게임 7색 — 색 분리 훈련",
    "band": "L062: 엔드게임 (7색)",
    "axis": "좌우 대칭 패턴 — 시각적 일관성, 양쪽 동시 학습 가능.",
    "intent": "색 엔트로피 1.23로 색 분포를 균등화. 7색 중 매칭 후보를 빠르게 골라내는 시야 훈련.",
    "key_feature": "color_entropy",
    "achieved": "color_entropy 일치 (목표 1.23 → 도달 1.30)",
    "expected_play": "기술 격차가 큰 레벨 — 키스톤 패턴 인식이 결과를 가른다. 봇 W42% / S90%, 평균 23발.",
    "skill_trained": "7색 분리와 빠른 색 탐색.",
    "notes": []
  }
}