{
  "level_id": "L062",
  "board": {
    "rows": 8,
    "cols": 10,
    "num_colors": 6,
    "shots_remaining": 20,
    "seed": 1062,
    "cells": [
      [
        1,
        5,
        5,
        0,
        1,
        5,
        6,
        3,
        1,
        1
      ],
      [
        1,
        5,
        1,
        0,
        1,
        5,
        1,
        5,
        1,
        1
      ],
      [
        0,
        1,
        5,
        0,
        0,
        1,
        5,
        1,
        3,
        0
      ],
      [
        1,
        6,
        1,
        1,
        5,
        6,
        0,
        5,
        1,
        0
      ],
      [
        3,
        5,
        0,
        0,
        0,
        6,
        5,
        0,
        0,
        0
      ],
      [
        0,
        0,
        0,
        0,
        0,
        0,
        0,
        0,
        0,
        0
      ],
      [
        0,
        0,
        0,
        0,
        0,
        0,
        0,
        0,
        0,
        0
      ],
      [
        0,
        0,
        0,
        0,
        0,
        0,
        0,
        0,
        0,
        0
      ]
    ]
  },
  "features": {
    "color_entropy": 1.6904442844402814,
    "max_chain_depth": 6.0,
    "avg_cluster_size": 1.8,
    "floating_potential": 0.7017543859649122,
    "density": 0.45,
    "shot_pressure": 0.5555555555555556
  },
  "bots": {
    "weak": {
      "bot_name": "weak",
      "runs": 60,
      "clear_rate": 0.36666666666666664,
      "eac": 36.81818181818182,
      "eac_all": 51.5,
      "avg_popped": 84.01666666666667
    },
    "medium": {
      "bot_name": "medium",
      "runs": 60,
      "clear_rate": 0.5666666666666667,
      "eac": 37.3235294117647,
      "eac_all": 47.15,
      "avg_popped": 81.0
    },
    "strong": {
      "bot_name": "strong",
      "runs": 60,
      "clear_rate": 0.8833333333333333,
      "eac": 36.075471698113205,
      "eac_all": 38.86666666666667,
      "avg_popped": 74.23333333333333
    }
  },
  "spec": {
    "target_features": {
      "color_entropy": 1.640874096750087,
      "max_chain_depth": 4,
      "floating_potential": 0.6919792169555787,
      "density": 0.4191785734562844
    },
    "weights": {
      "color_entropy": 1.0,
      "max_chain_depth": 0.5,
      "floating_potential": 1.0,
      "density": 2.0
    },
    "rows": 8,
    "cols": 10,
    "num_colors": 6,
    "shots_remaining": 20,
    "target_density": 0.4191785734562844,
    "num_seeds": 6,
    "level_index": 62,
    "symmetric": false,
    "symmetry_axis": "none"
  },
  "rationale": {
    "summary": "엔드게임 6색 — 큰 콤보 훈련",
    "band": "L063: 엔드게임 (6색)",
    "axis": "비대칭 자유 배치 — 패턴 의존을 막고 즉흥 판단을 요구.",
    "intent": "한 발에 4개 이상이 깨지는 클러스터를 의도적으로 배치해, 플레이어가 큰 콤보의 시각·청각 보상을 경험하도록 만든다.",
    "key_feature": "max_chain_depth",
    "achieved": "max_chain_depth +2.00 이탈 (목표 4.00 → 도달 6.00)",
    "expected_play": "기술 격차가 큰 레벨 — 키스톤 패턴 인식이 결과를 가른다. 봇 W37% / S88%, 평균 39발.",
    "skill_trained": "큰 클러스터 식별과 한 발 콤보.",
    "notes": []
  }
}