{
  "level_id": "L063",
  "board": {
    "rows": 8,
    "cols": 10,
    "num_colors": 6,
    "shots_remaining": 20,
    "seed": 1063,
    "cells": [
      [
        5,
        5,
        4,
        4,
        5,
        5,
        4,
        4,
        5,
        5
      ],
      [
        5,
        5,
        5,
        4,
        5,
        5,
        4,
        5,
        5,
        5
      ],
      [
        5,
        5,
        5,
        5,
        5,
        5,
        5,
        5,
        5,
        5
      ],
      [
        4,
        4,
        6,
        5,
        5,
        5,
        5,
        6,
        4,
        4
      ],
      [
        5,
        0,
        6,
        4,
        4,
        4,
        4,
        6,
        0,
        5
      ],
      [
        0,
        0,
        0,
        2,
        0,
        0,
        2,
        0,
        0,
        0
      ],
      [
        0,
        0,
        4,
        5,
        0,
        0,
        5,
        4,
        0,
        0
      ],
      [
        0,
        0,
        5,
        0,
        5,
        5,
        0,
        5,
        0,
        0
      ]
    ]
  },
  "features": {
    "color_entropy": 1.3731999597495852,
    "max_chain_depth": 9.0,
    "avg_cluster_size": 3.411764705882353,
    "floating_potential": 0.7870370370370371,
    "density": 0.725,
    "shot_pressure": 0.3448275862068966
  },
  "bots": {
    "weak": {
      "bot_name": "weak",
      "runs": 60,
      "clear_rate": 0.7,
      "eac": 33.45238095238095,
      "eac_all": 41.416666666666664,
      "avg_popped": 98.01666666666667
    },
    "medium": {
      "bot_name": "medium",
      "runs": 60,
      "clear_rate": 0.5333333333333333,
      "eac": 31.125,
      "eac_all": 44.6,
      "avg_popped": 100.46666666666667
    },
    "strong": {
      "bot_name": "strong",
      "runs": 60,
      "clear_rate": 0.9833333333333333,
      "eac": 22.983050847457626,
      "eac_all": 23.6,
      "avg_popped": 81.46666666666667
    }
  },
  "spec": {
    "target_features": {
      "color_entropy": 1.3576353135768064,
      "max_chain_depth": 9,
      "floating_potential": 0.7333838290817938,
      "density": 0.6355168734168928
    },
    "weights": {
      "color_entropy": 1.0,
      "max_chain_depth": 0.5,
      "floating_potential": 1.0,
      "density": 2.0
    },
    "rows": 8,
    "cols": 10,
    "num_colors": 6,
    "shots_remaining": 20,
    "target_density": 0.6355168734168928,
    "num_seeds": 4,
    "level_index": 63,
    "symmetric": false,
    "symmetry_axis": "horizontal"
  },
  "rationale": {
    "summary": "엔드게임 6색 — 색 분리 훈련",
    "band": "L064: 엔드게임 (6색)",
    "axis": "좌우 대칭 패턴 — 시각적 일관성, 양쪽 동시 학습 가능.",
    "intent": "색 엔트로피 1.36로 색 분포를 균등화. 6색 중 매칭 후보를 빠르게 골라내는 시야 훈련.",
    "key_feature": "color_entropy",
    "achieved": "color_entropy 일치 (목표 1.36 → 도달 1.37)",
    "expected_play": "표준 난이도 — 평균적 플레이어가 1-2회 시도로 클리어. 봇 W70% / S98%, 평균 24발.",
    "skill_trained": "6색 분리와 빠른 색 탐색.",
    "notes": []
  }
}