{
  "level_id": "L065",
  "board": {
    "rows": 8,
    "cols": 10,
    "num_colors": 7,
    "shots_remaining": 22,
    "seed": 1065,
    "cells": [
      [
        2,
        2,
        5,
        2,
        5,
        5,
        2,
        5,
        2,
        2
      ],
      [
        0,
        4,
        2,
        0,
        5,
        5,
        0,
        2,
        4,
        0
      ],
      [
        0,
        0,
        5,
        1,
        2,
        2,
        1,
        5,
        0,
        0
      ],
      [
        5,
        5,
        0,
        2,
        2,
        2,
        2,
        0,
        0,
        0
      ],
      [
        2,
        0,
        0,
        0,
        0,
        0,
        0,
        0,
        0,
        0
      ],
      [
        2,
        0,
        0,
        0,
        0,
        0,
        0,
        0,
        0,
        0
      ],
      [
        0,
        5,
        2,
        5,
        0,
        0,
        0,
        0,
        0,
        0
      ],
      [
        0,
        0,
        0,
        0,
        0,
        0,
        0,
        0,
        0,
        0
      ]
    ]
  },
  "features": {
    "color_entropy": 1.513896594815737,
    "max_chain_depth": 9.0,
    "avg_cluster_size": 1.8333333333333333,
    "floating_potential": 0.8351648351648352,
    "density": 0.4125,
    "shot_pressure": 0.6666666666666666
  },
  "bots": {
    "weak": {
      "bot_name": "weak",
      "runs": 60,
      "clear_rate": 0.25,
      "eac": 48.666666666666664,
      "eac_all": 61.666666666666664,
      "avg_popped": 90.08333333333333
    },
    "medium": {
      "bot_name": "medium",
      "runs": 60,
      "clear_rate": 0.3333333333333333,
      "eac": 31.75,
      "eac_all": 54.583333333333336,
      "avg_popped": 83.9
    },
    "strong": {
      "bot_name": "strong",
      "runs": 60,
      "clear_rate": 0.8166666666666667,
      "eac": 33.795918367346935,
      "eac_all": 39.7,
      "avg_popped": 71.73333333333333
    }
  },
  "spec": {
    "target_features": {
      "color_entropy": 1.5280538566852617,
      "max_chain_depth": 9,
      "floating_potential": 0.8283246146442629,
      "density": 0.45270599713518395
    },
    "weights": {
      "color_entropy": 1.0,
      "max_chain_depth": 0.5,
      "floating_potential": 1.0,
      "density": 2.0
    },
    "rows": 8,
    "cols": 10,
    "num_colors": 7,
    "shots_remaining": 22,
    "target_density": 0.45270599713518395,
    "num_seeds": 8,
    "level_index": 65,
    "symmetric": false,
    "symmetry_axis": "horizontal"
  },
  "rationale": {
    "summary": "엔드게임 7색 — 키스톤 부유 훈련",
    "band": "L066: 엔드게임 (7색)",
    "axis": "좌우 대칭 패턴 — 시각적 일관성, 양쪽 동시 학습 가능.",
    "intent": "부유 잠재력 0.8 — 천장과 약하게 연결된 키스톤 버블을 한 둘 떨어뜨리면 그 아래 부유 그룹이 함께 풀리도록 설계.",
    "key_feature": "floating_potential",
    "achieved": "floating_potential 일치 (목표 0.83 → 도달 0.84)",
    "expected_play": "기술 격차가 큰 레벨 — 키스톤 패턴 인식이 결과를 가른다. 봇 W25% / S82%, 평균 40발.",
    "skill_trained": "키스톤 버블 인식 — 부수면 풍성한 부유.",
    "notes": []
  }
}