{
  "level_id": "L066",
  "board": {
    "rows": 8,
    "cols": 10,
    "num_colors": 7,
    "shots_remaining": 22,
    "seed": 1066,
    "cells": [
      [
        6,
        0,
        1,
        6,
        5,
        5,
        6,
        1,
        0,
        6
      ],
      [
        6,
        6,
        1,
        6,
        0,
        0,
        6,
        1,
        6,
        6
      ],
      [
        6,
        1,
        1,
        1,
        6,
        6,
        1,
        1,
        1,
        6
      ],
      [
        6,
        6,
        0,
        1,
        0,
        0,
        1,
        0,
        6,
        6
      ],
      [
        0,
        0,
        0,
        5,
        5,
        5,
        5,
        0,
        0,
        0
      ],
      [
        0,
        0,
        5,
        0,
        0,
        0,
        0,
        0,
        0,
        0
      ],
      [
        0,
        0,
        5,
        0,
        0,
        0,
        0,
        0,
        0,
        0
      ],
      [
        0,
        0,
        0,
        0,
        0,
        0,
        0,
        0,
        0,
        0
      ]
    ]
  },
  "features": {
    "color_entropy": 1.5090275125326515,
    "max_chain_depth": 7.0,
    "avg_cluster_size": 4.75,
    "floating_potential": 1.5217391304347827,
    "density": 0.475,
    "shot_pressure": 0.5789473684210527
  },
  "bots": {
    "weak": {
      "bot_name": "weak",
      "runs": 60,
      "clear_rate": 0.43333333333333335,
      "eac": 39.26923076923077,
      "eac_all": 54.416666666666664,
      "avg_popped": 89.26666666666667
    },
    "medium": {
      "bot_name": "medium",
      "runs": 60,
      "clear_rate": 0.5,
      "eac": 35.6,
      "eac_all": 50.8,
      "avg_popped": 85.83333333333333
    },
    "strong": {
      "bot_name": "strong",
      "runs": 60,
      "clear_rate": 0.95,
      "eac": 22.140350877192983,
      "eac_all": 24.333333333333332,
      "avg_popped": 62.05
    }
  },
  "spec": {
    "target_features": {
      "color_entropy": 1.3080336958257468,
      "max_chain_depth": 7,
      "floating_potential": 1.5540394289155772,
      "density": 0.607689687304457
    },
    "weights": {
      "color_entropy": 1.0,
      "max_chain_depth": 0.5,
      "floating_potential": 1.0,
      "density": 2.0
    },
    "rows": 8,
    "cols": 10,
    "num_colors": 7,
    "shots_remaining": 22,
    "target_density": 0.607689687304457,
    "num_seeds": 7,
    "level_index": 66,
    "symmetric": false,
    "symmetry_axis": "horizontal"
  },
  "rationale": {
    "summary": "엔드게임 7색 — 키스톤 부유 훈련",
    "band": "L067: 엔드게임 (7색)",
    "axis": "좌우 대칭 패턴 — 시각적 일관성, 양쪽 동시 학습 가능.",
    "intent": "부유 잠재력 1.6 — 천장과 약하게 연결된 키스톤 버블을 한 둘 떨어뜨리면 그 아래 부유 그룹이 함께 풀리도록 설계.",
    "key_feature": "floating_potential",
    "achieved": "floating_potential 일치 (목표 1.55 → 도달 1.52)",
    "expected_play": "기술 격차가 큰 레벨 — 키스톤 패턴 인식이 결과를 가른다. 봇 W43% / S95%, 평균 24발.",
    "skill_trained": "키스톤 버블 인식 — 부수면 풍성한 부유.",
    "notes": []
  }
}