{
  "level_id": "L067",
  "board": {
    "rows": 8,
    "cols": 10,
    "num_colors": 6,
    "shots_remaining": 20,
    "seed": 1067,
    "cells": [
      [
        0,
        5,
        0,
        5,
        3,
        3,
        5,
        0,
        5,
        0
      ],
      [
        6,
        3,
        0,
        6,
        5,
        5,
        6,
        0,
        3,
        6
      ],
      [
        5,
        6,
        6,
        6,
        5,
        5,
        6,
        6,
        6,
        5
      ],
      [
        6,
        6,
        6,
        3,
        2,
        2,
        3,
        6,
        6,
        6
      ],
      [
        0,
        0,
        0,
        3,
        0,
        0,
        3,
        0,
        0,
        0
      ],
      [
        0,
        0,
        0,
        2,
        0,
        0,
        2,
        0,
        0,
        0
      ],
      [
        0,
        0,
        0,
        5,
        6,
        6,
        5,
        0,
        0,
        0
      ],
      [
        0,
        0,
        6,
        3,
        3,
        3,
        3,
        6,
        0,
        0
      ]
    ]
  },
  "features": {
    "color_entropy": 1.8250112108241772,
    "max_chain_depth": 10.0,
    "avg_cluster_size": 2.0869565217391304,
    "floating_potential": 0.9927536231884058,
    "density": 0.6,
    "shot_pressure": 0.4166666666666667
  },
  "bots": {
    "weak": {
      "bot_name": "weak",
      "runs": 60,
      "clear_rate": 0.7,
      "eac": 24.476190476190474,
      "eac_all": 35.13333333333333,
      "avg_popped": 81.75
    },
    "medium": {
      "bot_name": "medium",
      "runs": 60,
      "clear_rate": 0.7,
      "eac": 24.88095238095238,
      "eac_all": 35.416666666666664,
      "avg_popped": 81.85
    },
    "strong": {
      "bot_name": "strong",
      "runs": 60,
      "clear_rate": 1.0,
      "eac": 13.55,
      "eac_all": 13.55,
      "avg_popped": 61.55
    }
  },
  "spec": {
    "target_features": {
      "color_entropy": 1.8453223869280813,
      "max_chain_depth": 10,
      "floating_potential": 0.9915701456092073,
      "density": 0.5980139434368241
    },
    "weights": {
      "color_entropy": 1.0,
      "max_chain_depth": 0.5,
      "floating_potential": 1.0,
      "density": 2.0
    },
    "rows": 8,
    "cols": 10,
    "num_colors": 6,
    "shots_remaining": 20,
    "target_density": 0.5980139434368241,
    "num_seeds": 5,
    "level_index": 67,
    "symmetric": false,
    "symmetry_axis": "horizontal"
  },
  "rationale": {
    "summary": "엔드게임 6색 — 색 분리 훈련",
    "band": "L068: 엔드게임 (6색)",
    "axis": "좌우 대칭 패턴 — 시각적 일관성, 양쪽 동시 학습 가능.",
    "intent": "색 엔트로피 1.85로 색 분포를 균등화. 6색 중 매칭 후보를 빠르게 골라내는 시야 훈련.",
    "key_feature": "color_entropy",
    "achieved": "color_entropy 일치 (목표 1.85 → 도달 1.83)",
    "expected_play": "기술 격차가 큰 레벨 — 키스톤 패턴 인식이 결과를 가른다. 봇 W70% / S100%, 평균 14발.",
    "skill_trained": "6색 분리와 빠른 색 탐색.",
    "notes": []
  }
}