{
  "level_id": "L069",
  "board": {
    "rows": 8,
    "cols": 10,
    "num_colors": 6,
    "shots_remaining": 20,
    "seed": 1069,
    "cells": [
      [
        4,
        1,
        1,
        1,
        4,
        4,
        1,
        1,
        1,
        4
      ],
      [
        0,
        4,
        4,
        3,
        0,
        0,
        3,
        4,
        4,
        0
      ],
      [
        1,
        3,
        1,
        0,
        1,
        1,
        0,
        1,
        3,
        1
      ],
      [
        2,
        0,
        1,
        3,
        0,
        0,
        3,
        1,
        0,
        2
      ],
      [
        0,
        4,
        1,
        1,
        0,
        0,
        1,
        1,
        4,
        0
      ],
      [
        1,
        4,
        1,
        1,
        0,
        0,
        1,
        1,
        0,
        0
      ],
      [
        0,
        0,
        0,
        0,
        0,
        0,
        0,
        0,
        0,
        0
      ],
      [
        0,
        0,
        0,
        0,
        0,
        0,
        0,
        0,
        0,
        0
      ]
    ]
  },
  "features": {
    "color_entropy": 1.5921877132871292,
    "max_chain_depth": 11.0,
    "avg_cluster_size": 1.9090909090909092,
    "floating_potential": 1.3133333333333332,
    "density": 0.525,
    "shot_pressure": 0.47619047619047616
  },
  "bots": {
    "weak": {
      "bot_name": "weak",
      "runs": 60,
      "clear_rate": 0.6,
      "eac": 36.916666666666664,
      "eac_all": 46.15,
      "avg_popped": 86.35
    },
    "medium": {
      "bot_name": "medium",
      "runs": 60,
      "clear_rate": 0.8,
      "eac": 33.979166666666664,
      "eac_all": 39.18333333333333,
      "avg_popped": 80.31666666666666
    },
    "strong": {
      "bot_name": "strong",
      "runs": 60,
      "clear_rate": 0.9166666666666666,
      "eac": 27.30909090909091,
      "eac_all": 30.033333333333335,
      "avg_popped": 71.61666666666666
    }
  },
  "spec": {
    "target_features": {
      "color_entropy": 1.5662174717157165,
      "max_chain_depth": 11,
      "floating_potential": 1.295811133951744,
      "density": 0.5408762187277059
    },
    "weights": {
      "color_entropy": 1.0,
      "max_chain_depth": 0.5,
      "floating_potential": 1.0,
      "density": 2.0
    },
    "rows": 8,
    "cols": 10,
    "num_colors": 6,
    "shots_remaining": 20,
    "target_density": 0.5408762187277059,
    "num_seeds": 8,
    "level_index": 69,
    "symmetric": false,
    "symmetry_axis": "horizontal"
  },
  "rationale": {
    "summary": "엔드게임 6색 — 큰 콤보 훈련",
    "band": "L070: 엔드게임 (6색)",
    "axis": "좌우 대칭 패턴 — 시각적 일관성, 양쪽 동시 학습 가능.",
    "intent": "한 발에 11개 이상이 깨지는 클러스터를 의도적으로 배치해, 플레이어가 큰 콤보의 시각·청각 보상을 경험하도록 만든다.",
    "key_feature": "max_chain_depth",
    "achieved": "max_chain_depth 일치 (목표 11.00 → 도달 11.00)",
    "expected_play": "기술 격차가 큰 레벨 — 키스톤 패턴 인식이 결과를 가른다. 봇 W60% / S92%, 평균 30발.",
    "skill_trained": "큰 클러스터 식별과 한 발 콤보.",
    "notes": []
  }
}