{
  "level_id": "L070",
  "board": {
    "rows": 8,
    "cols": 10,
    "num_colors": 7,
    "shots_remaining": 22,
    "seed": 1070,
    "cells": [
      [
        5,
        3,
        0,
        6,
        0,
        0,
        6,
        0,
        3,
        5
      ],
      [
        3,
        3,
        3,
        0,
        6,
        6,
        0,
        3,
        3,
        3
      ],
      [
        6,
        6,
        4,
        6,
        6,
        6,
        6,
        4,
        6,
        6
      ],
      [
        0,
        0,
        1,
        3,
        5,
        5,
        3,
        1,
        0,
        0
      ],
      [
        0,
        0,
        5,
        0,
        0,
        0,
        0,
        5,
        0,
        0
      ],
      [
        0,
        0,
        6,
        0,
        0,
        0,
        0,
        6,
        0,
        0
      ],
      [
        0,
        0,
        0,
        3,
        0,
        0,
        0,
        0,
        3,
        0
      ],
      [
        0,
        0,
        0,
        0,
        0,
        0,
        0,
        0,
        0,
        0
      ]
    ]
  },
  "features": {
    "color_entropy": 1.9523612813926658,
    "max_chain_depth": 9.0,
    "avg_cluster_size": 1.7142857142857142,
    "floating_potential": 0.4387755102040816,
    "density": 0.45,
    "shot_pressure": 0.6111111111111112
  },
  "bots": {
    "weak": {
      "bot_name": "weak",
      "runs": 60,
      "clear_rate": 0.31666666666666665,
      "eac": 43.68421052631579,
      "eac_all": 58.93333333333333,
      "avg_popped": 91.0
    },
    "medium": {
      "bot_name": "medium",
      "runs": 60,
      "clear_rate": 0.38333333333333336,
      "eac": 39.95652173913044,
      "eac_all": 56.016666666666666,
      "avg_popped": 88.23333333333333
    },
    "strong": {
      "bot_name": "strong",
      "runs": 60,
      "clear_rate": 0.6166666666666667,
      "eac": 44.108108108108105,
      "eac_all": 52.5,
      "avg_popped": 86.13333333333334
    }
  },
  "spec": {
    "target_features": {
      "color_entropy": 1.9551622544837048,
      "max_chain_depth": 9,
      "floating_potential": 0.44245796932779896,
      "density": 0.4389733612079836
    },
    "weights": {
      "color_entropy": 1.0,
      "max_chain_depth": 0.5,
      "floating_potential": 1.0,
      "density": 2.0
    },
    "rows": 8,
    "cols": 10,
    "num_colors": 7,
    "shots_remaining": 22,
    "target_density": 0.4389733612079836,
    "num_seeds": 5,
    "level_index": 70,
    "symmetric": false,
    "symmetry_axis": "horizontal"
  },
  "rationale": {
    "summary": "엔드게임 7색 — 키스톤 부유 훈련",
    "band": "L071: 엔드게임 (7색)",
    "axis": "좌우 대칭 패턴 — 시각적 일관성, 양쪽 동시 학습 가능.",
    "intent": "부유 잠재력 0.4 — 천장과 약하게 연결된 키스톤 버블을 한 둘 떨어뜨리면 그 아래 부유 그룹이 함께 풀리도록 설계.",
    "key_feature": "floating_potential",
    "achieved": "floating_potential 일치 (목표 0.44 → 도달 0.44)",
    "expected_play": "기술 격차가 큰 레벨 — 키스톤 패턴 인식이 결과를 가른다. 봇 W32% / S62%, 평균 52발.",
    "skill_trained": "키스톤 버블 인식 — 부수면 풍성한 부유.",
    "notes": []
  }
}