{
  "level_id": "L071",
  "board": {
    "rows": 8,
    "cols": 10,
    "num_colors": 7,
    "shots_remaining": 22,
    "seed": 1071,
    "cells": [
      [
        7,
        2,
        2,
        2,
        7,
        0,
        7,
        6,
        2,
        2
      ],
      [
        6,
        7,
        2,
        7,
        2,
        2,
        0,
        0,
        3,
        0
      ],
      [
        2,
        2,
        0,
        0,
        0,
        2,
        3,
        2,
        0,
        2
      ],
      [
        2,
        2,
        2,
        0,
        0,
        0,
        7,
        0,
        6,
        2
      ],
      [
        0,
        2,
        0,
        0,
        0,
        2,
        6,
        6,
        2,
        7
      ],
      [
        0,
        0,
        0,
        0,
        0,
        0,
        2,
        2,
        6,
        2
      ],
      [
        0,
        0,
        0,
        0,
        0,
        0,
        0,
        7,
        2,
        0
      ],
      [
        0,
        0,
        0,
        0,
        0,
        0,
        0,
        0,
        6,
        2
      ]
    ]
  },
  "features": {
    "color_entropy": 1.5411772037603948,
    "max_chain_depth": 11.0,
    "avg_cluster_size": 1.68,
    "floating_potential": 1.0178571428571428,
    "density": 0.525,
    "shot_pressure": 0.5238095238095238
  },
  "bots": {
    "weak": {
      "bot_name": "weak",
      "runs": 60,
      "clear_rate": 0.35,
      "eac": 45.23809523809524,
      "eac_all": 58.733333333333334,
      "avg_popped": 97.31666666666666
    },
    "medium": {
      "bot_name": "medium",
      "runs": 60,
      "clear_rate": 0.4,
      "eac": 42.541666666666664,
      "eac_all": 56.61666666666667,
      "avg_popped": 95.05
    },
    "strong": {
      "bot_name": "strong",
      "runs": 60,
      "clear_rate": 0.7833333333333333,
      "eac": 32.702127659574465,
      "eac_all": 39.916666666666664,
      "avg_popped": 80.6
    }
  },
  "spec": {
    "target_features": {
      "color_entropy": 1.5415988412471653,
      "max_chain_depth": 11,
      "floating_potential": 1.0126431477615865,
      "density": 0.5183034918545735
    },
    "weights": {
      "color_entropy": 1.0,
      "max_chain_depth": 0.5,
      "floating_potential": 1.0,
      "density": 2.0
    },
    "rows": 8,
    "cols": 10,
    "num_colors": 7,
    "shots_remaining": 22,
    "target_density": 0.5183034918545735,
    "num_seeds": 7,
    "level_index": 71,
    "symmetric": false,
    "symmetry_axis": "none"
  },
  "rationale": {
    "summary": "엔드게임 7색 — 큰 콤보 훈련",
    "band": "L072: 엔드게임 (7색)",
    "axis": "비대칭 자유 배치 — 패턴 의존을 막고 즉흥 판단을 요구.",
    "intent": "한 발에 11개 이상이 깨지는 클러스터를 의도적으로 배치해, 플레이어가 큰 콤보의 시각·청각 보상을 경험하도록 만든다.",
    "key_feature": "max_chain_depth",
    "achieved": "max_chain_depth 일치 (목표 11.00 → 도달 11.00)",
    "expected_play": "기술 격차가 큰 레벨 — 키스톤 패턴 인식이 결과를 가른다. 봇 W35% / S78%, 평균 40발.",
    "skill_trained": "큰 클러스터 식별과 한 발 콤보.",
    "notes": []
  }
}