{
  "level_id": "L072",
  "board": {
    "rows": 8,
    "cols": 10,
    "num_colors": 7,
    "shots_remaining": 22,
    "seed": 1072,
    "cells": [
      [
        7,
        7,
        7,
        0,
        2,
        2,
        7,
        4,
        2,
        2
      ],
      [
        4,
        0,
        0,
        2,
        7,
        4,
        2,
        2,
        2,
        2
      ],
      [
        0,
        2,
        7,
        2,
        7,
        2,
        7,
        7,
        2,
        2
      ],
      [
        2,
        2,
        0,
        0,
        7,
        7,
        2,
        2,
        2,
        0
      ],
      [
        7,
        0,
        0,
        7,
        7,
        7,
        4,
        0,
        0,
        0
      ],
      [
        7,
        0,
        2,
        0,
        0,
        2,
        0,
        0,
        0,
        0
      ],
      [
        0,
        0,
        0,
        0,
        2,
        2,
        0,
        0,
        0,
        0
      ],
      [
        0,
        0,
        0,
        2,
        0,
        7,
        0,
        0,
        0,
        0
      ]
    ]
  },
  "features": {
    "color_entropy": 1.3246093559171521,
    "max_chain_depth": 12.0,
    "avg_cluster_size": 2.8125,
    "floating_potential": 1.4107142857142858,
    "density": 0.5625,
    "shot_pressure": 0.4888888888888889
  },
  "bots": {
    "weak": {
      "bot_name": "weak",
      "runs": 60,
      "clear_rate": 0.3,
      "eac": 45.55555555555556,
      "eac_all": 59.86666666666667,
      "avg_popped": 101.35
    },
    "medium": {
      "bot_name": "medium",
      "runs": 60,
      "clear_rate": 0.43333333333333335,
      "eac": 35.15384615384615,
      "eac_all": 52.63333333333333,
      "avg_popped": 94.46666666666667
    },
    "strong": {
      "bot_name": "strong",
      "runs": 60,
      "clear_rate": 0.8333333333333334,
      "eac": 35.16,
      "eac_all": 40.3,
      "avg_popped": 84.35
    }
  },
  "spec": {
    "target_features": {
      "color_entropy": 1.3467776948254138,
      "max_chain_depth": 4,
      "floating_potential": 1.4161231443468334,
      "density": 0.5698964404535928
    },
    "weights": {
      "color_entropy": 1.0,
      "max_chain_depth": 0.5,
      "floating_potential": 1.0,
      "density": 2.0
    },
    "rows": 8,
    "cols": 10,
    "num_colors": 7,
    "shots_remaining": 22,
    "target_density": 0.5698964404535928,
    "num_seeds": 7,
    "level_index": 72,
    "symmetric": false,
    "symmetry_axis": "none"
  },
  "rationale": {
    "summary": "엔드게임 7색 — 큰 콤보 훈련",
    "band": "L073: 엔드게임 (7색)",
    "axis": "비대칭 자유 배치 — 패턴 의존을 막고 즉흥 판단을 요구.",
    "intent": "한 발에 4개 이상이 깨지는 클러스터를 의도적으로 배치해, 플레이어가 큰 콤보의 시각·청각 보상을 경험하도록 만든다.",
    "key_feature": "max_chain_depth",
    "achieved": "max_chain_depth +8.00 이탈 (목표 4.00 → 도달 12.00)",
    "expected_play": "기술 격차가 큰 레벨 — 키스톤 패턴 인식이 결과를 가른다. 봇 W30% / S83%, 평균 40발.",
    "skill_trained": "큰 클러스터 식별과 한 발 콤보.",
    "notes": []
  }
}