{
  "level_id": "L073",
  "board": {
    "rows": 8,
    "cols": 10,
    "num_colors": 7,
    "shots_remaining": 22,
    "seed": 1073,
    "cells": [
      [
        5,
        2,
        0,
        5,
        5,
        5,
        5,
        0,
        2,
        5
      ],
      [
        2,
        0,
        3,
        0,
        3,
        3,
        0,
        3,
        0,
        2
      ],
      [
        4,
        5,
        5,
        3,
        5,
        5,
        3,
        5,
        5,
        4
      ],
      [
        5,
        3,
        5,
        2,
        0,
        0,
        2,
        5,
        3,
        5
      ],
      [
        0,
        0,
        4,
        3,
        3,
        3,
        3,
        4,
        0,
        2
      ],
      [
        0,
        5,
        4,
        0,
        2,
        2,
        0,
        4,
        5,
        0
      ],
      [
        0,
        0,
        0,
        5,
        0,
        0,
        5,
        0,
        0,
        0
      ],
      [
        0,
        0,
        0,
        5,
        5,
        5,
        5,
        0,
        0,
        0
      ]
    ]
  },
  "features": {
    "color_entropy": 1.8077635764171944,
    "max_chain_depth": 8.0,
    "avg_cluster_size": 1.8888888888888888,
    "floating_potential": 1.1845238095238095,
    "density": 0.6375,
    "shot_pressure": 0.43137254901960786
  },
  "bots": {
    "weak": {
      "bot_name": "weak",
      "runs": 60,
      "clear_rate": 0.18333333333333332,
      "eac": 50.18181818181818,
      "eac_all": 63.1,
      "avg_popped": 108.96666666666667
    },
    "medium": {
      "bot_name": "medium",
      "runs": 60,
      "clear_rate": 0.2833333333333333,
      "eac": 44.8235294117647,
      "eac_all": 60.0,
      "avg_popped": 106.58333333333333
    },
    "strong": {
      "bot_name": "strong",
      "runs": 60,
      "clear_rate": 0.5833333333333334,
      "eac": 47.285714285714285,
      "eac_all": 55.083333333333336,
      "avg_popped": 103.63333333333334
    }
  },
  "spec": {
    "target_features": {
      "color_entropy": 1.8029683670167649,
      "max_chain_depth": 8,
      "floating_potential": 1.1825279645337283,
      "density": 0.6251255625280439
    },
    "weights": {
      "color_entropy": 1.0,
      "max_chain_depth": 0.5,
      "floating_potential": 1.0,
      "density": 2.0
    },
    "rows": 8,
    "cols": 10,
    "num_colors": 7,
    "shots_remaining": 22,
    "target_density": 0.6251255625280439,
    "num_seeds": 8,
    "level_index": 73,
    "symmetric": false,
    "symmetry_axis": "horizontal"
  },
  "rationale": {
    "summary": "엔드게임 7색 — 색 분리 훈련",
    "band": "L074: 엔드게임 (7색)",
    "axis": "좌우 대칭 패턴 — 시각적 일관성, 양쪽 동시 학습 가능.",
    "intent": "색 엔트로피 1.80로 색 분포를 균등화. 7색 중 매칭 후보를 빠르게 골라내는 시야 훈련.",
    "key_feature": "color_entropy",
    "achieved": "color_entropy 일치 (목표 1.80 → 도달 1.81)",
    "expected_play": "기술 격차가 큰 레벨 — 키스톤 패턴 인식이 결과를 가른다. 봇 W18% / S58%, 평균 55발.",
    "skill_trained": "7색 분리와 빠른 색 탐색.",
    "notes": []
  }
}