{
  "level_id": "L074",
  "board": {
    "rows": 8,
    "cols": 10,
    "num_colors": 7,
    "shots_remaining": 22,
    "seed": 1074,
    "cells": [
      [
        7,
        7,
        7,
        7,
        6,
        6,
        7,
        7,
        7,
        7
      ],
      [
        7,
        7,
        7,
        6,
        7,
        7,
        6,
        7,
        7,
        7
      ],
      [
        7,
        6,
        6,
        3,
        6,
        6,
        3,
        6,
        6,
        7
      ],
      [
        6,
        6,
        0,
        5,
        0,
        0,
        5,
        0,
        6,
        6
      ],
      [
        6,
        0,
        3,
        0,
        7,
        7,
        0,
        3,
        0,
        6
      ],
      [
        0,
        0,
        0,
        0,
        0,
        0,
        0,
        0,
        0,
        0
      ],
      [
        0,
        0,
        0,
        0,
        0,
        0,
        0,
        0,
        0,
        0
      ],
      [
        0,
        0,
        0,
        0,
        0,
        0,
        0,
        0,
        0,
        0
      ]
    ]
  },
  "features": {
    "color_entropy": 1.572351663308588,
    "max_chain_depth": 7.0,
    "avg_cluster_size": 3.5,
    "floating_potential": 0.6746031746031746,
    "density": 0.525,
    "shot_pressure": 0.5238095238095238
  },
  "bots": {
    "weak": {
      "bot_name": "weak",
      "runs": 60,
      "clear_rate": 0.7833333333333333,
      "eac": 20.425531914893618,
      "eac_all": 30.3,
      "avg_popped": 70.98333333333333
    },
    "medium": {
      "bot_name": "medium",
      "runs": 60,
      "clear_rate": 0.7166666666666667,
      "eac": 19.837209302325583,
      "eac_all": 32.916666666666664,
      "avg_popped": 73.16666666666667
    },
    "strong": {
      "bot_name": "strong",
      "runs": 60,
      "clear_rate": 1.0,
      "eac": 13.85,
      "eac_all": 13.85,
      "avg_popped": 55.85
    }
  },
  "spec": {
    "target_features": {
      "color_entropy": 1.532973955857357,
      "max_chain_depth": 7,
      "floating_potential": 0.7278504538312505,
      "density": 0.463854038165876
    },
    "weights": {
      "color_entropy": 1.0,
      "max_chain_depth": 0.5,
      "floating_potential": 1.0,
      "density": 2.0
    },
    "rows": 8,
    "cols": 10,
    "num_colors": 7,
    "shots_remaining": 22,
    "target_density": 0.463854038165876,
    "num_seeds": 7,
    "level_index": 74,
    "symmetric": false,
    "symmetry_axis": "horizontal"
  },
  "rationale": {
    "summary": "엔드게임 7색 — 키스톤 부유 훈련",
    "band": "L075: 엔드게임 (7색)",
    "axis": "좌우 대칭 패턴 — 시각적 일관성, 양쪽 동시 학습 가능.",
    "intent": "부유 잠재력 0.7 — 천장과 약하게 연결된 키스톤 버블을 한 둘 떨어뜨리면 그 아래 부유 그룹이 함께 풀리도록 설계.",
    "key_feature": "floating_potential",
    "achieved": "floating_potential 일치 (목표 0.73 → 도달 0.67)",
    "expected_play": "기초 — 즉각 클리어 가능, 온보딩 적합. 봇 W78% / S100%, 평균 14발.",
    "skill_trained": "키스톤 버블 인식 — 부수면 풍성한 부유.",
    "notes": []
  }
}