{
  "level_id": "L075",
  "board": {
    "rows": 8,
    "cols": 10,
    "num_colors": 6,
    "shots_remaining": 20,
    "seed": 1075,
    "cells": [
      [
        5,
        5,
        0,
        3,
        0,
        0,
        3,
        0,
        5,
        5
      ],
      [
        5,
        5,
        0,
        1,
        5,
        5,
        1,
        0,
        5,
        5
      ],
      [
        3,
        1,
        3,
        0,
        5,
        5,
        0,
        3,
        1,
        3
      ],
      [
        5,
        5,
        3,
        3,
        5,
        5,
        3,
        3,
        5,
        5
      ],
      [
        5,
        0,
        3,
        0,
        0,
        0,
        0,
        3,
        0,
        5
      ],
      [
        0,
        1,
        5,
        0,
        0,
        0,
        5,
        5,
        1,
        0
      ],
      [
        0,
        0,
        0,
        4,
        0,
        0,
        4,
        0,
        0,
        5
      ],
      [
        0,
        0,
        0,
        0,
        0,
        0,
        0,
        0,
        0,
        0
      ]
    ]
  },
  "features": {
    "color_entropy": 1.5828765043125574,
    "max_chain_depth": 10.0,
    "avg_cluster_size": 2.0,
    "floating_potential": 0.95,
    "density": 0.55,
    "shot_pressure": 0.45454545454545453
  },
  "bots": {
    "weak": {
      "bot_name": "weak",
      "runs": 60,
      "clear_rate": 0.4666666666666667,
      "eac": 40.0,
      "eac_all": 50.666666666666664,
      "avg_popped": 91.73333333333333
    },
    "medium": {
      "bot_name": "medium",
      "runs": 60,
      "clear_rate": 0.65,
      "eac": 34.69230769230769,
      "eac_all": 43.55,
      "avg_popped": 86.03333333333333
    },
    "strong": {
      "bot_name": "strong",
      "runs": 60,
      "clear_rate": 0.9166666666666666,
      "eac": 28.945454545454545,
      "eac_all": 31.533333333333335,
      "avg_popped": 75.11666666666666
    }
  },
  "spec": {
    "target_features": {
      "color_entropy": 1.551934475837408,
      "max_chain_depth": 10,
      "floating_potential": 0.9403084714445844,
      "density": 0.5376847713744232
    },
    "weights": {
      "color_entropy": 1.0,
      "max_chain_depth": 0.5,
      "floating_potential": 1.0,
      "density": 2.0
    },
    "rows": 8,
    "cols": 10,
    "num_colors": 6,
    "shots_remaining": 20,
    "target_density": 0.5376847713744232,
    "num_seeds": 8,
    "level_index": 75,
    "symmetric": false,
    "symmetry_axis": "horizontal"
  },
  "rationale": {
    "summary": "엔드게임 6색 — 큰 콤보 훈련",
    "band": "L076: 엔드게임 (6색)",
    "axis": "좌우 대칭 패턴 — 시각적 일관성, 양쪽 동시 학습 가능.",
    "intent": "한 발에 10개 이상이 깨지는 클러스터를 의도적으로 배치해, 플레이어가 큰 콤보의 시각·청각 보상을 경험하도록 만든다.",
    "key_feature": "max_chain_depth",
    "achieved": "max_chain_depth 일치 (목표 10.00 → 도달 10.00)",
    "expected_play": "기술 격차가 큰 레벨 — 키스톤 패턴 인식이 결과를 가른다. 봇 W47% / S92%, 평균 32발.",
    "skill_trained": "큰 클러스터 식별과 한 발 콤보.",
    "notes": []
  }
}