{
  "level_id": "L076",
  "board": {
    "rows": 8,
    "cols": 10,
    "num_colors": 7,
    "shots_remaining": 22,
    "seed": 1076,
    "cells": [
      [
        6,
        0,
        0,
        7,
        0,
        0,
        7,
        0,
        0,
        6
      ],
      [
        6,
        6,
        3,
        6,
        6,
        6,
        6,
        3,
        6,
        6
      ],
      [
        6,
        6,
        7,
        6,
        0,
        0,
        6,
        7,
        6,
        6
      ],
      [
        6,
        0,
        7,
        3,
        7,
        7,
        3,
        7,
        0,
        6
      ],
      [
        0,
        0,
        0,
        0,
        6,
        6,
        0,
        0,
        0,
        0
      ],
      [
        0,
        0,
        0,
        0,
        0,
        0,
        0,
        0,
        0,
        0
      ],
      [
        0,
        0,
        0,
        0,
        0,
        0,
        0,
        0,
        0,
        0
      ],
      [
        0,
        0,
        0,
        0,
        0,
        0,
        0,
        0,
        0,
        0
      ]
    ]
  },
  "features": {
    "color_entropy": 1.2987949406953985,
    "max_chain_depth": 7.0,
    "avg_cluster_size": 2.4615384615384617,
    "floating_potential": 0.9047619047619048,
    "density": 0.4,
    "shot_pressure": 0.6875
  },
  "bots": {
    "weak": {
      "bot_name": "weak",
      "runs": 60,
      "clear_rate": 0.4166666666666667,
      "eac": 44.28,
      "eac_all": 56.95,
      "avg_popped": 85.31666666666666
    },
    "medium": {
      "bot_name": "medium",
      "runs": 60,
      "clear_rate": 0.48333333333333334,
      "eac": 38.86206896551724,
      "eac_all": 52.88333333333333,
      "avg_popped": 81.78333333333333
    },
    "strong": {
      "bot_name": "strong",
      "runs": 60,
      "clear_rate": 0.8,
      "eac": 35.25,
      "eac_all": 41.4,
      "avg_popped": 72.31666666666666
    }
  },
  "spec": {
    "target_features": {
      "color_entropy": 1.3055620255818774,
      "max_chain_depth": 7,
      "floating_potential": 0.9076215345798243,
      "density": 0.4265562315549414
    },
    "weights": {
      "color_entropy": 1.0,
      "max_chain_depth": 0.5,
      "floating_potential": 1.0,
      "density": 2.0
    },
    "rows": 8,
    "cols": 10,
    "num_colors": 7,
    "shots_remaining": 22,
    "target_density": 0.4265562315549414,
    "num_seeds": 4,
    "level_index": 76,
    "symmetric": false,
    "symmetry_axis": "horizontal"
  },
  "rationale": {
    "summary": "엔드게임 7색 — 색 분리 훈련",
    "band": "L077: 엔드게임 (7색)",
    "axis": "좌우 대칭 패턴 — 시각적 일관성, 양쪽 동시 학습 가능.",
    "intent": "색 엔트로피 1.31로 색 분포를 균등화. 7색 중 매칭 후보를 빠르게 골라내는 시야 훈련.",
    "key_feature": "color_entropy",
    "achieved": "color_entropy 일치 (목표 1.31 → 도달 1.30)",
    "expected_play": "기술 격차가 큰 레벨 — 키스톤 패턴 인식이 결과를 가른다. 봇 W42% / S80%, 평균 41발.",
    "skill_trained": "7색 분리와 빠른 색 탐색.",
    "notes": []
  }
}