{
  "level_id": "L077",
  "board": {
    "rows": 8,
    "cols": 10,
    "num_colors": 6,
    "shots_remaining": 20,
    "seed": 1077,
    "cells": [
      [
        3,
        3,
        2,
        0,
        0,
        0,
        0,
        2,
        3,
        3
      ],
      [
        3,
        3,
        6,
        6,
        3,
        3,
        6,
        6,
        3,
        3
      ],
      [
        3,
        3,
        2,
        2,
        3,
        3,
        2,
        2,
        3,
        3
      ],
      [
        3,
        3,
        6,
        0,
        4,
        4,
        0,
        6,
        3,
        3
      ],
      [
        6,
        2,
        2,
        0,
        2,
        2,
        0,
        2,
        2,
        6
      ],
      [
        3,
        3,
        6,
        0,
        0,
        0,
        0,
        6,
        3,
        3
      ],
      [
        0,
        4,
        2,
        0,
        0,
        0,
        0,
        2,
        4,
        0
      ],
      [
        0,
        3,
        3,
        0,
        0,
        0,
        0,
        3,
        3,
        0
      ]
    ]
  },
  "features": {
    "color_entropy": 1.7157801421416579,
    "max_chain_depth": 5.0,
    "avg_cluster_size": 2.074074074074074,
    "floating_potential": 0.8583333333333333,
    "density": 0.7,
    "shot_pressure": 0.35714285714285715
  },
  "bots": {
    "weak": {
      "bot_name": "weak",
      "runs": 60,
      "clear_rate": 0.3333333333333333,
      "eac": 40.65,
      "eac_all": 53.55,
      "avg_popped": 106.66666666666667
    },
    "medium": {
      "bot_name": "medium",
      "runs": 60,
      "clear_rate": 0.48333333333333334,
      "eac": 41.51724137931034,
      "eac_all": 51.06666666666667,
      "avg_popped": 104.06666666666666
    },
    "strong": {
      "bot_name": "strong",
      "runs": 60,
      "clear_rate": 0.7833333333333333,
      "eac": 37.42553191489362,
      "eac_all": 42.31666666666667,
      "avg_popped": 97.23333333333333
    }
  },
  "spec": {
    "target_features": {
      "color_entropy": 1.613480216531591,
      "max_chain_depth": 4,
      "floating_potential": 0.836114951734882,
      "density": 0.5981957388121113
    },
    "weights": {
      "color_entropy": 1.0,
      "max_chain_depth": 0.5,
      "floating_potential": 1.0,
      "density": 2.0
    },
    "rows": 8,
    "cols": 10,
    "num_colors": 6,
    "shots_remaining": 20,
    "target_density": 0.5981957388121113,
    "num_seeds": 6,
    "level_index": 77,
    "symmetric": false,
    "symmetry_axis": "horizontal"
  },
  "rationale": {
    "summary": "엔드게임 6색 — 큰 콤보 훈련",
    "band": "L078: 엔드게임 (6색)",
    "axis": "좌우 대칭 패턴 — 시각적 일관성, 양쪽 동시 학습 가능.",
    "intent": "한 발에 4개 이상이 깨지는 클러스터를 의도적으로 배치해, 플레이어가 큰 콤보의 시각·청각 보상을 경험하도록 만든다.",
    "key_feature": "max_chain_depth",
    "achieved": "max_chain_depth +1.00 이탈 (목표 4.00 → 도달 5.00)",
    "expected_play": "기술 격차가 큰 레벨 — 키스톤 패턴 인식이 결과를 가른다. 봇 W33% / S78%, 평균 42발.",
    "skill_trained": "큰 클러스터 식별과 한 발 콤보.",
    "notes": []
  }
}