{
  "level_id": "L078",
  "board": {
    "rows": 8,
    "cols": 10,
    "num_colors": 7,
    "shots_remaining": 22,
    "seed": 1078,
    "cells": [
      [
        1,
        1,
        6,
        0,
        0,
        0,
        0,
        6,
        1,
        1
      ],
      [
        1,
        1,
        6,
        6,
        1,
        1,
        6,
        6,
        1,
        1
      ],
      [
        1,
        0,
        5,
        1,
        1,
        1,
        1,
        5,
        0,
        1
      ],
      [
        0,
        1,
        5,
        3,
        6,
        6,
        3,
        5,
        1,
        0
      ],
      [
        0,
        6,
        6,
        1,
        0,
        0,
        1,
        6,
        6,
        0
      ],
      [
        0,
        6,
        0,
        0,
        1,
        1,
        0,
        0,
        6,
        0
      ],
      [
        0,
        0,
        1,
        0,
        0,
        0,
        1,
        1,
        0,
        1
      ],
      [
        0,
        0,
        0,
        0,
        0,
        0,
        0,
        0,
        0,
        0
      ]
    ]
  },
  "features": {
    "color_entropy": 1.4906401825684292,
    "max_chain_depth": 7.0,
    "avg_cluster_size": 2.7058823529411766,
    "floating_potential": 0.9809523809523809,
    "density": 0.575,
    "shot_pressure": 0.4782608695652174
  },
  "bots": {
    "weak": {
      "bot_name": "weak",
      "runs": 60,
      "clear_rate": 0.55,
      "eac": 39.696969696969695,
      "eac_all": 51.53333333333333,
      "avg_popped": 94.9
    },
    "medium": {
      "bot_name": "medium",
      "runs": 60,
      "clear_rate": 0.43333333333333335,
      "eac": 36.26923076923077,
      "eac_all": 53.11666666666667,
      "avg_popped": 95.81666666666666
    },
    "strong": {
      "bot_name": "strong",
      "runs": 60,
      "clear_rate": 0.9666666666666667,
      "eac": 27.0,
      "eac_all": 28.3,
      "avg_popped": 74.05
    }
  },
  "spec": {
    "target_features": {
      "color_entropy": 1.4313262835750853,
      "max_chain_depth": 5,
      "floating_potential": 1.0164647666395836,
      "density": 0.6216552056017712
    },
    "weights": {
      "color_entropy": 1.0,
      "max_chain_depth": 0.5,
      "floating_potential": 1.0,
      "density": 2.0
    },
    "rows": 8,
    "cols": 10,
    "num_colors": 7,
    "shots_remaining": 22,
    "target_density": 0.6216552056017712,
    "num_seeds": 5,
    "level_index": 78,
    "symmetric": false,
    "symmetry_axis": "horizontal"
  },
  "rationale": {
    "summary": "엔드게임 7색 — 큰 콤보 훈련",
    "band": "L079: 엔드게임 (7색)",
    "axis": "좌우 대칭 패턴 — 시각적 일관성, 양쪽 동시 학습 가능.",
    "intent": "한 발에 5개 이상이 깨지는 클러스터를 의도적으로 배치해, 플레이어가 큰 콤보의 시각·청각 보상을 경험하도록 만든다.",
    "key_feature": "max_chain_depth",
    "achieved": "max_chain_depth +2.00 이탈 (목표 5.00 → 도달 7.00)",
    "expected_play": "기술 격차가 큰 레벨 — 키스톤 패턴 인식이 결과를 가른다. 봇 W55% / S97%, 평균 28발.",
    "skill_trained": "큰 클러스터 식별과 한 발 콤보.",
    "notes": []
  }
}