{
  "level_id": "L080",
  "board": {
    "rows": 8,
    "cols": 10,
    "num_colors": 7,
    "shots_remaining": 22,
    "seed": 1080,
    "cells": [
      [
        4,
        4,
        0,
        0,
        6,
        6,
        0,
        0,
        4,
        4
      ],
      [
        4,
        4,
        3,
        2,
        0,
        0,
        2,
        3,
        4,
        4
      ],
      [
        0,
        4,
        3,
        2,
        2,
        2,
        2,
        3,
        4,
        0
      ],
      [
        2,
        2,
        3,
        0,
        0,
        0,
        0,
        3,
        2,
        2
      ],
      [
        3,
        2,
        0,
        3,
        6,
        6,
        3,
        0,
        2,
        3
      ],
      [
        3,
        0,
        0,
        0,
        0,
        0,
        0,
        0,
        0,
        3
      ],
      [
        0,
        0,
        0,
        0,
        0,
        0,
        0,
        0,
        0,
        0
      ],
      [
        0,
        0,
        0,
        0,
        0,
        0,
        0,
        0,
        0,
        0
      ]
    ]
  },
  "features": {
    "color_entropy": 1.8990227511756546,
    "max_chain_depth": 8.0,
    "avg_cluster_size": 3.1666666666666665,
    "floating_potential": 1.3828571428571428,
    "density": 0.475,
    "shot_pressure": 0.5789473684210527
  },
  "bots": {
    "weak": {
      "bot_name": "weak",
      "runs": 60,
      "clear_rate": 0.6333333333333333,
      "eac": 22.210526315789473,
      "eac_all": 38.266666666666666,
      "avg_popped": 74.16666666666667
    },
    "medium": {
      "bot_name": "medium",
      "runs": 60,
      "clear_rate": 0.6,
      "eac": 25.416666666666668,
      "eac_all": 41.65,
      "avg_popped": 77.38333333333334
    },
    "strong": {
      "bot_name": "strong",
      "runs": 60,
      "clear_rate": 0.9666666666666667,
      "eac": 16.06896551724138,
      "eac_all": 17.733333333333334,
      "avg_popped": 55.583333333333336
    }
  },
  "spec": {
    "target_features": {
      "color_entropy": 1.868472870920897,
      "max_chain_depth": 8,
      "floating_potential": 1.441011682268032,
      "density": 0.4593085963051675
    },
    "weights": {
      "color_entropy": 1.0,
      "max_chain_depth": 0.5,
      "floating_potential": 1.0,
      "density": 2.0
    },
    "rows": 8,
    "cols": 10,
    "num_colors": 7,
    "shots_remaining": 22,
    "target_density": 0.4593085963051675,
    "num_seeds": 5,
    "level_index": 80,
    "symmetric": false,
    "symmetry_axis": "horizontal"
  },
  "rationale": {
    "summary": "엔드게임 7색 — 키스톤 부유 훈련",
    "band": "L081: 엔드게임 (7색)",
    "axis": "좌우 대칭 패턴 — 시각적 일관성, 양쪽 동시 학습 가능.",
    "intent": "부유 잠재력 1.4 — 천장과 약하게 연결된 키스톤 버블을 한 둘 떨어뜨리면 그 아래 부유 그룹이 함께 풀리도록 설계.",
    "key_feature": "floating_potential",
    "achieved": "floating_potential 일치 (목표 1.44 → 도달 1.38)",
    "expected_play": "기술 격차가 큰 레벨 — 키스톤 패턴 인식이 결과를 가른다. 봇 W63% / S97%, 평균 18발.",
    "skill_trained": "키스톤 버블 인식 — 부수면 풍성한 부유.",
    "notes": []
  }
}