{
  "level_id": "L081",
  "board": {
    "rows": 8,
    "cols": 10,
    "num_colors": 6,
    "shots_remaining": 20,
    "seed": 1081,
    "cells": [
      [
        5,
        0,
        5,
        0,
        2,
        2,
        0,
        5,
        0,
        5
      ],
      [
        0,
        1,
        6,
        1,
        6,
        6,
        1,
        6,
        1,
        0
      ],
      [
        6,
        2,
        5,
        2,
        0,
        0,
        2,
        5,
        2,
        6
      ],
      [
        1,
        0,
        5,
        0,
        5,
        5,
        0,
        5,
        0,
        1
      ],
      [
        5,
        0,
        0,
        5,
        0,
        0,
        5,
        0,
        5,
        5
      ],
      [
        0,
        0,
        0,
        0,
        0,
        0,
        0,
        0,
        0,
        0
      ],
      [
        0,
        0,
        0,
        0,
        0,
        0,
        0,
        0,
        0,
        0
      ],
      [
        0,
        0,
        0,
        0,
        0,
        0,
        0,
        0,
        0,
        0
      ]
    ]
  },
  "features": {
    "color_entropy": 1.8585552118703144,
    "max_chain_depth": 8.0,
    "avg_cluster_size": 1.375,
    "floating_potential": 0.7133333333333334,
    "density": 0.4125,
    "shot_pressure": 0.6060606060606061
  },
  "bots": {
    "weak": {
      "bot_name": "weak",
      "runs": 60,
      "clear_rate": 0.75,
      "eac": 27.4,
      "eac_all": 35.55,
      "avg_popped": 67.2
    },
    "medium": {
      "bot_name": "medium",
      "runs": 60,
      "clear_rate": 0.7,
      "eac": 27.333333333333332,
      "eac_all": 37.13333333333333,
      "avg_popped": 68.68333333333334
    },
    "strong": {
      "bot_name": "strong",
      "runs": 60,
      "clear_rate": 0.95,
      "eac": 18.140350877192983,
      "eac_all": 20.233333333333334,
      "avg_popped": 53.083333333333336
    }
  },
  "spec": {
    "target_features": {
      "color_entropy": 1.8501870650385972,
      "max_chain_depth": 8,
      "floating_potential": 0.7047847653661672,
      "density": 0.4022969945403126
    },
    "weights": {
      "color_entropy": 1.0,
      "max_chain_depth": 0.5,
      "floating_potential": 1.0,
      "density": 2.0
    },
    "rows": 8,
    "cols": 10,
    "num_colors": 6,
    "shots_remaining": 20,
    "target_density": 0.4022969945403126,
    "num_seeds": 8,
    "level_index": 81,
    "symmetric": false,
    "symmetry_axis": "horizontal"
  },
  "rationale": {
    "summary": "엔드게임 6색 — 색 분리 훈련",
    "band": "L082: 엔드게임 (6색)",
    "axis": "좌우 대칭 패턴 — 시각적 일관성, 양쪽 동시 학습 가능.",
    "intent": "색 엔트로피 1.85로 색 분포를 균등화. 6색 중 매칭 후보를 빠르게 골라내는 시야 훈련.",
    "key_feature": "color_entropy",
    "achieved": "color_entropy 일치 (목표 1.85 → 도달 1.86)",
    "expected_play": "기초 — 즉각 클리어 가능, 온보딩 적합. 봇 W75% / S95%, 평균 20발.",
    "skill_trained": "6색 분리와 빠른 색 탐색.",
    "notes": []
  }
}