{
  "level_id": "L082",
  "board": {
    "rows": 8,
    "cols": 10,
    "num_colors": 7,
    "shots_remaining": 22,
    "seed": 1082,
    "cells": [
      [
        7,
        0,
        7,
        1,
        0,
        2,
        4,
        1,
        1,
        7
      ],
      [
        7,
        7,
        7,
        2,
        2,
        7,
        0,
        1,
        1,
        0
      ],
      [
        7,
        0,
        7,
        2,
        0,
        2,
        4,
        7,
        1,
        7
      ],
      [
        7,
        7,
        2,
        7,
        0,
        0,
        4,
        0,
        0,
        7
      ],
      [
        0,
        0,
        2,
        0,
        1,
        0,
        1,
        4,
        0,
        7
      ],
      [
        0,
        0,
        0,
        0,
        0,
        0,
        7,
        0,
        0,
        0
      ],
      [
        0,
        0,
        0,
        0,
        0,
        7,
        5,
        0,
        0,
        0
      ],
      [
        0,
        0,
        0,
        0,
        0,
        0,
        1,
        0,
        0,
        0
      ]
    ]
  },
  "features": {
    "color_entropy": 1.9202878728790262,
    "max_chain_depth": 10.0,
    "avg_cluster_size": 2.2941176470588234,
    "floating_potential": 1.1938775510204083,
    "density": 0.4875,
    "shot_pressure": 0.5641025641025641
  },
  "bots": {
    "weak": {
      "bot_name": "weak",
      "runs": 60,
      "clear_rate": 0.43333333333333335,
      "eac": 41.61538461538461,
      "eac_all": 55.43333333333333,
      "avg_popped": 90.95
    },
    "medium": {
      "bot_name": "medium",
      "runs": 60,
      "clear_rate": 0.5,
      "eac": 40.6,
      "eac_all": 53.3,
      "avg_popped": 89.31666666666666
    },
    "strong": {
      "bot_name": "strong",
      "runs": 60,
      "clear_rate": 0.7833333333333333,
      "eac": 35.702127659574465,
      "eac_all": 42.266666666666666,
      "avg_popped": 80.08333333333333
    }
  },
  "spec": {
    "target_features": {
      "color_entropy": 1.9098343369147035,
      "max_chain_depth": 6,
      "floating_potential": 1.2023274785684754,
      "density": 0.48114574347955275
    },
    "weights": {
      "color_entropy": 1.0,
      "max_chain_depth": 0.5,
      "floating_potential": 1.0,
      "density": 2.0
    },
    "rows": 8,
    "cols": 10,
    "num_colors": 7,
    "shots_remaining": 22,
    "target_density": 0.48114574347955275,
    "num_seeds": 8,
    "level_index": 82,
    "symmetric": false,
    "symmetry_axis": "none"
  },
  "rationale": {
    "summary": "엔드게임 7색 — 색 분리 훈련",
    "band": "L083: 엔드게임 (7색)",
    "axis": "비대칭 자유 배치 — 패턴 의존을 막고 즉흥 판단을 요구.",
    "intent": "색 엔트로피 1.91로 색 분포를 균등화. 7색 중 매칭 후보를 빠르게 골라내는 시야 훈련.",
    "key_feature": "color_entropy",
    "achieved": "color_entropy 일치 (목표 1.91 → 도달 1.92)",
    "expected_play": "기술 격차가 큰 레벨 — 키스톤 패턴 인식이 결과를 가른다. 봇 W43% / S78%, 평균 42발.",
    "skill_trained": "7색 분리와 빠른 색 탐색.",
    "notes": []
  }
}