{
  "level_id": "L083",
  "board": {
    "rows": 8,
    "cols": 10,
    "num_colors": 7,
    "shots_remaining": 22,
    "seed": 1083,
    "cells": [
      [
        7,
        7,
        6,
        3,
        0,
        0,
        3,
        6,
        7,
        7
      ],
      [
        7,
        3,
        3,
        3,
        0,
        0,
        3,
        3,
        3,
        7
      ],
      [
        7,
        7,
        3,
        3,
        0,
        0,
        3,
        3,
        7,
        7
      ],
      [
        7,
        7,
        0,
        0,
        0,
        0,
        0,
        0,
        7,
        7
      ],
      [
        0,
        3,
        0,
        0,
        0,
        0,
        0,
        0,
        3,
        0
      ],
      [
        7,
        0,
        0,
        0,
        0,
        0,
        0,
        7,
        0,
        0
      ],
      [
        0,
        0,
        0,
        0,
        0,
        0,
        0,
        0,
        0,
        0
      ],
      [
        0,
        0,
        0,
        0,
        0,
        0,
        0,
        0,
        0,
        0
      ]
    ]
  },
  "features": {
    "color_entropy": 1.271782221599798,
    "max_chain_depth": 10.0,
    "avg_cluster_size": 3.2,
    "floating_potential": 0.8376623376623377,
    "density": 0.4,
    "shot_pressure": 0.6875
  },
  "bots": {
    "weak": {
      "bot_name": "weak",
      "runs": 60,
      "clear_rate": 0.35,
      "eac": 45.0,
      "eac_all": 58.65,
      "avg_popped": 86.38333333333334
    },
    "medium": {
      "bot_name": "medium",
      "runs": 60,
      "clear_rate": 0.3,
      "eac": 45.55555555555556,
      "eac_all": 59.86666666666667,
      "avg_popped": 87.71666666666667
    },
    "strong": {
      "bot_name": "strong",
      "runs": 60,
      "clear_rate": 0.7333333333333333,
      "eac": 39.36363636363637,
      "eac_all": 46.46666666666667,
      "avg_popped": 77.0
    }
  },
  "spec": {
    "target_features": {
      "color_entropy": 1.3095877283452035,
      "max_chain_depth": 10,
      "floating_potential": 0.8279358289972822,
      "density": 0.42541493581954226
    },
    "weights": {
      "color_entropy": 1.0,
      "max_chain_depth": 0.5,
      "floating_potential": 1.0,
      "density": 2.0
    },
    "rows": 8,
    "cols": 10,
    "num_colors": 7,
    "shots_remaining": 22,
    "target_density": 0.42541493581954226,
    "num_seeds": 5,
    "level_index": 83,
    "symmetric": false,
    "symmetry_axis": "horizontal"
  },
  "rationale": {
    "summary": "엔드게임 7색 — 색 분리 훈련",
    "band": "L084: 엔드게임 (7색)",
    "axis": "좌우 대칭 패턴 — 시각적 일관성, 양쪽 동시 학습 가능.",
    "intent": "색 엔트로피 1.31로 색 분포를 균등화. 7색 중 매칭 후보를 빠르게 골라내는 시야 훈련.",
    "key_feature": "color_entropy",
    "achieved": "color_entropy 일치 (목표 1.31 → 도달 1.27)",
    "expected_play": "기술 격차가 큰 레벨 — 키스톤 패턴 인식이 결과를 가른다. 봇 W35% / S73%, 평균 46발.",
    "skill_trained": "7색 분리와 빠른 색 탐색.",
    "notes": []
  }
}