{
  "level_id": "L084",
  "board": {
    "rows": 8,
    "cols": 10,
    "num_colors": 6,
    "shots_remaining": 20,
    "seed": 1084,
    "cells": [
      [
        6,
        2,
        6,
        2,
        2,
        2,
        2,
        6,
        2,
        6
      ],
      [
        5,
        2,
        5,
        6,
        0,
        0,
        6,
        5,
        2,
        5
      ],
      [
        6,
        2,
        2,
        0,
        5,
        5,
        0,
        2,
        2,
        6
      ],
      [
        6,
        6,
        0,
        0,
        0,
        0,
        0,
        0,
        6,
        6
      ],
      [
        0,
        0,
        0,
        0,
        0,
        0,
        0,
        0,
        0,
        0
      ],
      [
        0,
        0,
        0,
        0,
        0,
        0,
        0,
        0,
        0,
        0
      ],
      [
        0,
        0,
        0,
        0,
        0,
        0,
        0,
        0,
        0,
        0
      ],
      [
        0,
        0,
        0,
        0,
        0,
        0,
        0,
        0,
        0,
        0
      ]
    ]
  },
  "features": {
    "color_entropy": 1.5219280948873621,
    "max_chain_depth": 5.0,
    "avg_cluster_size": 2.0,
    "floating_potential": 1.011111111111111,
    "density": 0.375,
    "shot_pressure": 0.6666666666666666
  },
  "bots": {
    "weak": {
      "bot_name": "weak",
      "runs": 60,
      "clear_rate": 0.4666666666666667,
      "eac": 37.67857142857143,
      "eac_all": 49.583333333333336,
      "avg_popped": 76.66666666666667
    },
    "medium": {
      "bot_name": "medium",
      "runs": 60,
      "clear_rate": 0.6333333333333333,
      "eac": 34.94736842105263,
      "eac_all": 44.13333333333333,
      "avg_popped": 72.06666666666666
    },
    "strong": {
      "bot_name": "strong",
      "runs": 60,
      "clear_rate": 0.9166666666666666,
      "eac": 24.854545454545455,
      "eac_all": 27.783333333333335,
      "avg_popped": 57.3
    }
  },
  "spec": {
    "target_features": {
      "color_entropy": 1.2609512873631195,
      "max_chain_depth": 5,
      "floating_potential": 1.0557056186867666,
      "density": 0.41890869948754117
    },
    "weights": {
      "color_entropy": 1.0,
      "max_chain_depth": 0.5,
      "floating_potential": 1.0,
      "density": 2.0
    },
    "rows": 8,
    "cols": 10,
    "num_colors": 6,
    "shots_remaining": 20,
    "target_density": 0.41890869948754117,
    "num_seeds": 8,
    "level_index": 84,
    "symmetric": false,
    "symmetry_axis": "horizontal"
  },
  "rationale": {
    "summary": "엔드게임 6색 — 색 분리 훈련",
    "band": "L085: 엔드게임 (6색)",
    "axis": "좌우 대칭 패턴 — 시각적 일관성, 양쪽 동시 학습 가능.",
    "intent": "색 엔트로피 1.26로 색 분포를 균등화. 6색 중 매칭 후보를 빠르게 골라내는 시야 훈련.",
    "key_feature": "color_entropy",
    "achieved": "color_entropy +0.26 이탈 (목표 1.26 → 도달 1.52)",
    "expected_play": "기술 격차가 큰 레벨 — 키스톤 패턴 인식이 결과를 가른다. 봇 W47% / S92%, 평균 28발.",
    "skill_trained": "6색 분리와 빠른 색 탐색.",
    "notes": []
  }
}