{
  "level_id": "L085",
  "board": {
    "rows": 8,
    "cols": 10,
    "num_colors": 6,
    "shots_remaining": 20,
    "seed": 1085,
    "cells": [
      [
        1,
        1,
        1,
        3,
        0,
        0,
        3,
        1,
        1,
        1
      ],
      [
        1,
        1,
        3,
        3,
        1,
        1,
        3,
        3,
        1,
        1
      ],
      [
        0,
        1,
        3,
        0,
        1,
        1,
        0,
        3,
        1,
        0
      ],
      [
        0,
        2,
        4,
        0,
        0,
        0,
        0,
        4,
        2,
        0
      ],
      [
        0,
        4,
        4,
        1,
        0,
        0,
        1,
        4,
        4,
        0
      ],
      [
        1,
        0,
        0,
        1,
        0,
        0,
        1,
        0,
        0,
        0
      ],
      [
        0,
        0,
        0,
        0,
        0,
        0,
        0,
        0,
        0,
        0
      ],
      [
        0,
        0,
        0,
        0,
        0,
        0,
        0,
        0,
        0,
        0
      ]
    ]
  },
  "features": {
    "color_entropy": 1.5946306390700065,
    "max_chain_depth": 7.0,
    "avg_cluster_size": 3.0833333333333335,
    "floating_potential": 1.0952380952380953,
    "density": 0.4625,
    "shot_pressure": 0.5405405405405406
  },
  "bots": {
    "weak": {
      "bot_name": "weak",
      "runs": 60,
      "clear_rate": 0.7166666666666667,
      "eac": 24.325581395348838,
      "eac_all": 34.43333333333333,
      "avg_popped": 70.23333333333333
    },
    "medium": {
      "bot_name": "medium",
      "runs": 60,
      "clear_rate": 0.7,
      "eac": 21.38095238095238,
      "eac_all": 32.96666666666667,
      "avg_popped": 68.6
    },
    "strong": {
      "bot_name": "strong",
      "runs": 60,
      "clear_rate": 1.0,
      "eac": 15.383333333333333,
      "eac_all": 15.383333333333333,
      "avg_popped": 52.38333333333333
    }
  },
  "spec": {
    "target_features": {
      "color_entropy": 1.2198505929447696,
      "max_chain_depth": 6,
      "floating_potential": 1.2721335360917103,
      "density": 0.4426757822667695
    },
    "weights": {
      "color_entropy": 1.0,
      "max_chain_depth": 0.5,
      "floating_potential": 1.0,
      "density": 2.0
    },
    "rows": 8,
    "cols": 10,
    "num_colors": 6,
    "shots_remaining": 20,
    "target_density": 0.4426757822667695,
    "num_seeds": 7,
    "level_index": 85,
    "symmetric": false,
    "symmetry_axis": "horizontal"
  },
  "rationale": {
    "summary": "엔드게임 6색 — 색 분리 훈련",
    "band": "L086: 엔드게임 (6색)",
    "axis": "좌우 대칭 패턴 — 시각적 일관성, 양쪽 동시 학습 가능.",
    "intent": "색 엔트로피 1.22로 색 분포를 균등화. 6색 중 매칭 후보를 빠르게 골라내는 시야 훈련.",
    "key_feature": "color_entropy",
    "achieved": "color_entropy +0.37 이탈 (목표 1.22 → 도달 1.59)",
    "expected_play": "기초 — 즉각 클리어 가능, 온보딩 적합. 봇 W72% / S100%, 평균 15발.",
    "skill_trained": "6색 분리와 빠른 색 탐색.",
    "notes": []
  }
}