{
  "level_id": "L086",
  "board": {
    "rows": 8,
    "cols": 10,
    "num_colors": 6,
    "shots_remaining": 20,
    "seed": 1086,
    "cells": [
      [
        4,
        5,
        4,
        5,
        5,
        0,
        4,
        0,
        4,
        5
      ],
      [
        4,
        0,
        4,
        5,
        6,
        4,
        4,
        0,
        6,
        0
      ],
      [
        4,
        4,
        4,
        6,
        4,
        5,
        4,
        4,
        5,
        4
      ],
      [
        2,
        5,
        5,
        4,
        0,
        5,
        0,
        0,
        0,
        0
      ],
      [
        4,
        4,
        5,
        4,
        4,
        0,
        4,
        0,
        0,
        0
      ],
      [
        4,
        4,
        5,
        4,
        0,
        0,
        0,
        0,
        0,
        0
      ],
      [
        4,
        4,
        0,
        0,
        0,
        0,
        0,
        0,
        0,
        0
      ],
      [
        4,
        0,
        0,
        0,
        0,
        0,
        0,
        0,
        0,
        0
      ]
    ]
  },
  "features": {
    "color_entropy": 1.3296042879757957,
    "max_chain_depth": 8.0,
    "avg_cluster_size": 2.5294117647058822,
    "floating_potential": 1.0,
    "density": 0.5375,
    "shot_pressure": 0.46511627906976744
  },
  "bots": {
    "weak": {
      "bot_name": "weak",
      "runs": 60,
      "clear_rate": 0.4,
      "eac": 41.25,
      "eac_all": 52.5,
      "avg_popped": 92.15
    },
    "medium": {
      "bot_name": "medium",
      "runs": 60,
      "clear_rate": 0.4666666666666667,
      "eac": 41.107142857142854,
      "eac_all": 51.18333333333333,
      "avg_popped": 91.76666666666667
    },
    "strong": {
      "bot_name": "strong",
      "runs": 60,
      "clear_rate": 0.75,
      "eac": 37.93333333333333,
      "eac_all": 43.45,
      "avg_popped": 84.96666666666667
    }
  },
  "spec": {
    "target_features": {
      "color_entropy": 1.258898051979407,
      "max_chain_depth": 8,
      "floating_potential": 0.9988600590331783,
      "density": 0.5668252331269765
    },
    "weights": {
      "color_entropy": 1.0,
      "max_chain_depth": 0.5,
      "floating_potential": 1.0,
      "density": 2.0
    },
    "rows": 8,
    "cols": 10,
    "num_colors": 6,
    "shots_remaining": 20,
    "target_density": 0.5668252331269765,
    "num_seeds": 4,
    "level_index": 86,
    "symmetric": false,
    "symmetry_axis": "none"
  },
  "rationale": {
    "summary": "엔드게임 6색 — 색 분리 훈련",
    "band": "L087: 엔드게임 (6색)",
    "axis": "비대칭 자유 배치 — 패턴 의존을 막고 즉흥 판단을 요구.",
    "intent": "색 엔트로피 1.26로 색 분포를 균등화. 6색 중 매칭 후보를 빠르게 골라내는 시야 훈련.",
    "key_feature": "color_entropy",
    "achieved": "color_entropy 일치 (목표 1.26 → 도달 1.33)",
    "expected_play": "기술 격차가 큰 레벨 — 키스톤 패턴 인식이 결과를 가른다. 봇 W40% / S75%, 평균 43발.",
    "skill_trained": "6색 분리와 빠른 색 탐색.",
    "notes": []
  }
}