{
  "level_id": "L087",
  "board": {
    "rows": 8,
    "cols": 10,
    "num_colors": 7,
    "shots_remaining": 22,
    "seed": 1087,
    "cells": [
      [
        0,
        7,
        2,
        2,
        2,
        5,
        0,
        7,
        2,
        2
      ],
      [
        3,
        2,
        0,
        2,
        2,
        3,
        0,
        3,
        2,
        2
      ],
      [
        0,
        2,
        2,
        2,
        3,
        3,
        2,
        7,
        2,
        2
      ],
      [
        0,
        5,
        3,
        5,
        0,
        2,
        3,
        0,
        0,
        2
      ],
      [
        0,
        7,
        2,
        3,
        2,
        0,
        5,
        0,
        2,
        2
      ],
      [
        0,
        2,
        2,
        3,
        0,
        0,
        0,
        0,
        0,
        0
      ],
      [
        0,
        0,
        2,
        0,
        0,
        0,
        0,
        0,
        0,
        0
      ],
      [
        0,
        0,
        0,
        0,
        0,
        0,
        0,
        0,
        0,
        0
      ]
    ]
  },
  "features": {
    "color_entropy": 1.5678952856990238,
    "max_chain_depth": 10.0,
    "avg_cluster_size": 2.3333333333333335,
    "floating_potential": 0.9166666666666666,
    "density": 0.525,
    "shot_pressure": 0.5238095238095238
  },
  "bots": {
    "weak": {
      "bot_name": "weak",
      "runs": 60,
      "clear_rate": 0.36666666666666664,
      "eac": 40.40909090909091,
      "eac_all": 56.61666666666667,
      "avg_popped": 95.01666666666667
    },
    "medium": {
      "bot_name": "medium",
      "runs": 60,
      "clear_rate": 0.38333333333333336,
      "eac": 42.43478260869565,
      "eac_all": 56.96666666666667,
      "avg_popped": 95.31666666666666
    },
    "strong": {
      "bot_name": "strong",
      "runs": 60,
      "clear_rate": 0.8166666666666667,
      "eac": 38.16326530612245,
      "eac_all": 43.266666666666666,
      "avg_popped": 84.1
    }
  },
  "spec": {
    "target_features": {
      "color_entropy": 1.5667065373349494,
      "max_chain_depth": 10,
      "floating_potential": 0.9132257149247058,
      "density": 0.5176567646258959
    },
    "weights": {
      "color_entropy": 1.0,
      "max_chain_depth": 0.5,
      "floating_potential": 1.0,
      "density": 2.0
    },
    "rows": 8,
    "cols": 10,
    "num_colors": 7,
    "shots_remaining": 22,
    "target_density": 0.5176567646258959,
    "num_seeds": 7,
    "level_index": 87,
    "symmetric": false,
    "symmetry_axis": "none"
  },
  "rationale": {
    "summary": "엔드게임 7색 — 큰 콤보 훈련",
    "band": "L088: 엔드게임 (7색)",
    "axis": "비대칭 자유 배치 — 패턴 의존을 막고 즉흥 판단을 요구.",
    "intent": "한 발에 10개 이상이 깨지는 클러스터를 의도적으로 배치해, 플레이어가 큰 콤보의 시각·청각 보상을 경험하도록 만든다.",
    "key_feature": "max_chain_depth",
    "achieved": "max_chain_depth 일치 (목표 10.00 → 도달 10.00)",
    "expected_play": "기술 격차가 큰 레벨 — 키스톤 패턴 인식이 결과를 가른다. 봇 W37% / S82%, 평균 43발.",
    "skill_trained": "큰 클러스터 식별과 한 발 콤보.",
    "notes": []
  }
}