{
  "level_id": "L089",
  "board": {
    "rows": 8,
    "cols": 10,
    "num_colors": 7,
    "shots_remaining": 22,
    "seed": 1089,
    "cells": [
      [
        1,
        1,
        1,
        0,
        1,
        1,
        6,
        6,
        6,
        1
      ],
      [
        1,
        0,
        6,
        6,
        0,
        4,
        6,
        1,
        1,
        1
      ],
      [
        1,
        0,
        0,
        6,
        1,
        6,
        4,
        6,
        1,
        1
      ],
      [
        0,
        0,
        0,
        6,
        6,
        0,
        0,
        0,
        1,
        0
      ],
      [
        0,
        0,
        0,
        0,
        0,
        0,
        0,
        0,
        0,
        0
      ],
      [
        0,
        0,
        0,
        0,
        0,
        0,
        0,
        0,
        0,
        0
      ],
      [
        0,
        0,
        0,
        0,
        0,
        0,
        0,
        0,
        0,
        0
      ],
      [
        0,
        0,
        0,
        0,
        0,
        0,
        0,
        0,
        0,
        0
      ]
    ]
  },
  "features": {
    "color_entropy": 1.2838868242312453,
    "max_chain_depth": 8.0,
    "avg_cluster_size": 4.0,
    "floating_potential": 1.3839285714285714,
    "density": 0.35,
    "shot_pressure": 0.7857142857142857
  },
  "bots": {
    "weak": {
      "bot_name": "weak",
      "runs": 60,
      "clear_rate": 0.5666666666666667,
      "eac": 32.11764705882353,
      "eac_all": 46.8,
      "avg_popped": 71.85
    },
    "medium": {
      "bot_name": "medium",
      "runs": 60,
      "clear_rate": 0.6166666666666667,
      "eac": 24.945945945945947,
      "eac_all": 40.68333333333333,
      "avg_popped": 66.56666666666666
    },
    "strong": {
      "bot_name": "strong",
      "runs": 60,
      "clear_rate": 0.9666666666666667,
      "eac": 17.551724137931036,
      "eac_all": 19.166666666666668,
      "avg_popped": 46.95
    }
  },
  "spec": {
    "target_features": {
      "color_entropy": 1.301912388108633,
      "max_chain_depth": 4,
      "floating_potential": 1.5471341582237605,
      "density": 0.3523481180501987
    },
    "weights": {
      "color_entropy": 1.0,
      "max_chain_depth": 0.5,
      "floating_potential": 1.0,
      "density": 2.0
    },
    "rows": 8,
    "cols": 10,
    "num_colors": 7,
    "shots_remaining": 22,
    "target_density": 0.3523481180501987,
    "num_seeds": 4,
    "level_index": 89,
    "symmetric": false,
    "symmetry_axis": "none"
  },
  "rationale": {
    "summary": "엔드게임 7색 — 큰 콤보 훈련",
    "band": "L090: 엔드게임 (7색)",
    "axis": "비대칭 자유 배치 — 패턴 의존을 막고 즉흥 판단을 요구.",
    "intent": "한 발에 4개 이상이 깨지는 클러스터를 의도적으로 배치해, 플레이어가 큰 콤보의 시각·청각 보상을 경험하도록 만든다.",
    "key_feature": "max_chain_depth",
    "achieved": "max_chain_depth +4.00 이탈 (목표 4.00 → 도달 8.00)",
    "expected_play": "기술 격차가 큰 레벨 — 키스톤 패턴 인식이 결과를 가른다. 봇 W57% / S97%, 평균 19발.",
    "skill_trained": "큰 클러스터 식별과 한 발 콤보.",
    "notes": []
  }
}