{
  "level_id": "L090",
  "board": {
    "rows": 8,
    "cols": 10,
    "num_colors": 6,
    "shots_remaining": 20,
    "seed": 1090,
    "cells": [
      [
        4,
        0,
        3,
        4,
        3,
        4,
        0,
        3,
        4,
        4
      ],
      [
        0,
        0,
        3,
        1,
        4,
        4,
        3,
        4,
        4,
        3
      ],
      [
        0,
        0,
        3,
        1,
        3,
        3,
        3,
        5,
        3,
        4
      ],
      [
        0,
        5,
        4,
        4,
        3,
        4,
        4,
        0,
        3,
        3
      ],
      [
        0,
        4,
        1,
        3,
        1,
        4,
        0,
        0,
        4,
        4
      ],
      [
        0,
        0,
        4,
        0,
        0,
        3,
        0,
        0,
        0,
        0
      ],
      [
        0,
        4,
        4,
        0,
        0,
        0,
        4,
        0,
        0,
        0
      ],
      [
        3,
        4,
        0,
        0,
        0,
        0,
        0,
        0,
        0,
        0
      ]
    ]
  },
  "features": {
    "color_entropy": 1.5338055801751203,
    "max_chain_depth": 8.0,
    "avg_cluster_size": 2.0,
    "floating_potential": 0.6933333333333334,
    "density": 0.575,
    "shot_pressure": 0.43478260869565216
  },
  "bots": {
    "weak": {
      "bot_name": "weak",
      "runs": 60,
      "clear_rate": 0.3,
      "eac": 47.05555555555556,
      "eac_all": 56.11666666666667,
      "avg_popped": 98.75
    },
    "medium": {
      "bot_name": "medium",
      "runs": 60,
      "clear_rate": 0.5166666666666667,
      "eac": 41.29032258064516,
      "eac_all": 50.333333333333336,
      "avg_popped": 93.5
    },
    "strong": {
      "bot_name": "strong",
      "runs": 60,
      "clear_rate": 0.7166666666666667,
      "eac": 36.13953488372093,
      "eac_all": 42.9,
      "avg_popped": 87.45
    }
  },
  "spec": {
    "target_features": {
      "color_entropy": 1.5335733224476935,
      "max_chain_depth": 8,
      "floating_potential": 0.6949743998917421,
      "density": 0.5849511519077693
    },
    "weights": {
      "color_entropy": 1.0,
      "max_chain_depth": 0.5,
      "floating_potential": 1.0,
      "density": 2.0
    },
    "rows": 8,
    "cols": 10,
    "num_colors": 6,
    "shots_remaining": 20,
    "target_density": 0.5849511519077693,
    "num_seeds": 6,
    "level_index": 90,
    "symmetric": false,
    "symmetry_axis": "none"
  },
  "rationale": {
    "summary": "엔드게임 6색 — 키스톤 부유 훈련",
    "band": "L091: 엔드게임 (6색)",
    "axis": "비대칭 자유 배치 — 패턴 의존을 막고 즉흥 판단을 요구.",
    "intent": "부유 잠재력 0.7 — 천장과 약하게 연결된 키스톤 버블을 한 둘 떨어뜨리면 그 아래 부유 그룹이 함께 풀리도록 설계.",
    "key_feature": "floating_potential",
    "achieved": "floating_potential 일치 (목표 0.69 → 도달 0.69)",
    "expected_play": "기술 격차가 큰 레벨 — 키스톤 패턴 인식이 결과를 가른다. 봇 W30% / S72%, 평균 43발.",
    "skill_trained": "키스톤 버블 인식 — 부수면 풍성한 부유.",
    "notes": []
  }
}