{
  "level_id": "L091",
  "board": {
    "rows": 8,
    "cols": 10,
    "num_colors": 6,
    "shots_remaining": 20,
    "seed": 1091,
    "cells": [
      [
        6,
        1,
        6,
        6,
        0,
        0,
        6,
        6,
        1,
        6
      ],
      [
        1,
        6,
        4,
        1,
        1,
        1,
        1,
        4,
        6,
        1
      ],
      [
        6,
        1,
        1,
        6,
        0,
        0,
        6,
        1,
        1,
        6
      ],
      [
        1,
        4,
        6,
        6,
        6,
        6,
        6,
        6,
        4,
        1
      ],
      [
        1,
        0,
        0,
        0,
        6,
        6,
        0,
        0,
        0,
        1
      ],
      [
        1,
        0,
        0,
        0,
        0,
        0,
        0,
        0,
        0,
        1
      ],
      [
        6,
        6,
        0,
        0,
        0,
        0,
        0,
        0,
        6,
        6
      ],
      [
        0,
        0,
        0,
        0,
        0,
        0,
        0,
        0,
        0,
        0
      ]
    ]
  },
  "features": {
    "color_entropy": 1.3257847812033308,
    "max_chain_depth": 11.0,
    "avg_cluster_size": 2.7058823529411766,
    "floating_potential": 1.5144927536231885,
    "density": 0.575,
    "shot_pressure": 0.43478260869565216
  },
  "bots": {
    "weak": {
      "bot_name": "weak",
      "runs": 60,
      "clear_rate": 0.4,
      "eac": 42.625,
      "eac_all": 53.05,
      "avg_popped": 95.98333333333333
    },
    "medium": {
      "bot_name": "medium",
      "runs": 60,
      "clear_rate": 0.6,
      "eac": 35.111111111111114,
      "eac_all": 45.06666666666667,
      "avg_popped": 88.75
    },
    "strong": {
      "bot_name": "strong",
      "runs": 60,
      "clear_rate": 0.8833333333333333,
      "eac": 32.339622641509436,
      "eac_all": 35.56666666666667,
      "avg_popped": 81.15
    }
  },
  "spec": {
    "target_features": {
      "color_entropy": 1.310664844169074,
      "max_chain_depth": 6,
      "floating_potential": 1.4975675367599557,
      "density": 0.5902330952964027
    },
    "weights": {
      "color_entropy": 1.0,
      "max_chain_depth": 0.5,
      "floating_potential": 1.0,
      "density": 2.0
    },
    "rows": 8,
    "cols": 10,
    "num_colors": 6,
    "shots_remaining": 20,
    "target_density": 0.5902330952964027,
    "num_seeds": 6,
    "level_index": 91,
    "symmetric": false,
    "symmetry_axis": "horizontal"
  },
  "rationale": {
    "summary": "엔드게임 6색 — 키스톤 부유 훈련",
    "band": "L092: 엔드게임 (6색)",
    "axis": "좌우 대칭 패턴 — 시각적 일관성, 양쪽 동시 학습 가능.",
    "intent": "부유 잠재력 1.5 — 천장과 약하게 연결된 키스톤 버블을 한 둘 떨어뜨리면 그 아래 부유 그룹이 함께 풀리도록 설계.",
    "key_feature": "floating_potential",
    "achieved": "floating_potential 일치 (목표 1.50 → 도달 1.51)",
    "expected_play": "기술 격차가 큰 레벨 — 키스톤 패턴 인식이 결과를 가른다. 봇 W40% / S88%, 평균 36발.",
    "skill_trained": "키스톤 버블 인식 — 부수면 풍성한 부유.",
    "notes": []
  }
}