{
  "level_id": "L093",
  "board": {
    "rows": 8,
    "cols": 10,
    "num_colors": 7,
    "shots_remaining": 22,
    "seed": 1093,
    "cells": [
      [
        2,
        2,
        6,
        7,
        7,
        7,
        7,
        6,
        2,
        2
      ],
      [
        7,
        0,
        6,
        0,
        4,
        4,
        0,
        6,
        0,
        7
      ],
      [
        6,
        4,
        4,
        6,
        2,
        2,
        6,
        4,
        4,
        6
      ],
      [
        7,
        6,
        6,
        0,
        2,
        2,
        0,
        6,
        6,
        7
      ],
      [
        0,
        0,
        6,
        0,
        2,
        2,
        0,
        6,
        0,
        0
      ],
      [
        0,
        0,
        6,
        0,
        0,
        0,
        0,
        6,
        0,
        0
      ],
      [
        0,
        0,
        0,
        0,
        0,
        0,
        0,
        0,
        0,
        0
      ],
      [
        0,
        0,
        0,
        0,
        0,
        0,
        0,
        0,
        0,
        0
      ]
    ]
  },
  "features": {
    "color_entropy": 1.9037016960573483,
    "max_chain_depth": 9.0,
    "avg_cluster_size": 2.5,
    "floating_potential": 1.5,
    "density": 0.5,
    "shot_pressure": 0.55
  },
  "bots": {
    "weak": {
      "bot_name": "weak",
      "runs": 60,
      "clear_rate": 0.5166666666666667,
      "eac": 30.387096774193548,
      "eac_all": 47.6,
      "avg_popped": 84.85
    },
    "medium": {
      "bot_name": "medium",
      "runs": 60,
      "clear_rate": 0.5,
      "eac": 27.6,
      "eac_all": 46.8,
      "avg_popped": 83.93333333333334
    },
    "strong": {
      "bot_name": "strong",
      "runs": 60,
      "clear_rate": 1.0,
      "eac": 23.133333333333333,
      "eac_all": 23.133333333333333,
      "avg_popped": 63.13333333333333
    }
  },
  "spec": {
    "target_features": {
      "color_entropy": 1.9015441085921334,
      "max_chain_depth": 9,
      "floating_potential": 1.524163644702698,
      "density": 0.4705090916110829
    },
    "weights": {
      "color_entropy": 1.0,
      "max_chain_depth": 0.5,
      "floating_potential": 1.0,
      "density": 2.0
    },
    "rows": 8,
    "cols": 10,
    "num_colors": 7,
    "shots_remaining": 22,
    "target_density": 0.4705090916110829,
    "num_seeds": 4,
    "level_index": 93,
    "symmetric": false,
    "symmetry_axis": "horizontal"
  },
  "rationale": {
    "summary": "엔드게임 7색 — 키스톤 부유 훈련",
    "band": "L094: 엔드게임 (7색)",
    "axis": "좌우 대칭 패턴 — 시각적 일관성, 양쪽 동시 학습 가능.",
    "intent": "부유 잠재력 1.5 — 천장과 약하게 연결된 키스톤 버블을 한 둘 떨어뜨리면 그 아래 부유 그룹이 함께 풀리도록 설계.",
    "key_feature": "floating_potential",
    "achieved": "floating_potential 일치 (목표 1.52 → 도달 1.50)",
    "expected_play": "기술 격차가 큰 레벨 — 키스톤 패턴 인식이 결과를 가른다. 봇 W52% / S100%, 평균 23발.",
    "skill_trained": "키스톤 버블 인식 — 부수면 풍성한 부유.",
    "notes": []
  }
}