{
  "level_id": "L094",
  "board": {
    "rows": 8,
    "cols": 10,
    "num_colors": 6,
    "shots_remaining": 20,
    "seed": 1094,
    "cells": [
      [
        1,
        1,
        1,
        0,
        0,
        0,
        0,
        1,
        1,
        1
      ],
      [
        0,
        0,
        3,
        4,
        1,
        1,
        4,
        3,
        0,
        0
      ],
      [
        0,
        0,
        1,
        1,
        4,
        4,
        1,
        1,
        0,
        0
      ],
      [
        1,
        0,
        3,
        0,
        4,
        4,
        0,
        3,
        0,
        0
      ],
      [
        0,
        1,
        1,
        0,
        0,
        0,
        0,
        1,
        1,
        0
      ],
      [
        0,
        0,
        4,
        1,
        3,
        3,
        1,
        4,
        0,
        0
      ],
      [
        0,
        0,
        1,
        0,
        1,
        1,
        0,
        1,
        0,
        0
      ],
      [
        0,
        0,
        0,
        0,
        0,
        0,
        0,
        0,
        0,
        0
      ]
    ]
  },
  "features": {
    "color_entropy": 1.3296776901252136,
    "max_chain_depth": 11.0,
    "avg_cluster_size": 2.176470588235294,
    "floating_potential": 1.1047619047619048,
    "density": 0.4625,
    "shot_pressure": 0.5405405405405406
  },
  "bots": {
    "weak": {
      "bot_name": "weak",
      "runs": 60,
      "clear_rate": 0.7333333333333333,
      "eac": 27.477272727272727,
      "eac_all": 36.15,
      "avg_popped": 71.88333333333334
    },
    "medium": {
      "bot_name": "medium",
      "runs": 60,
      "clear_rate": 0.7333333333333333,
      "eac": 21.272727272727273,
      "eac_all": 31.6,
      "avg_popped": 67.26666666666667
    },
    "strong": {
      "bot_name": "strong",
      "runs": 60,
      "clear_rate": 1.0,
      "eac": 14.333333333333334,
      "eac_all": 14.333333333333334,
      "avg_popped": 51.333333333333336
    }
  },
  "spec": {
    "target_features": {
      "color_entropy": 1.2315568431371073,
      "max_chain_depth": 11,
      "floating_potential": 1.0258884518104514,
      "density": 0.49754576567731634
    },
    "weights": {
      "color_entropy": 1.0,
      "max_chain_depth": 0.5,
      "floating_potential": 1.0,
      "density": 2.0
    },
    "rows": 8,
    "cols": 10,
    "num_colors": 6,
    "shots_remaining": 20,
    "target_density": 0.49754576567731634,
    "num_seeds": 5,
    "level_index": 94,
    "symmetric": false,
    "symmetry_axis": "horizontal"
  },
  "rationale": {
    "summary": "엔드게임 6색 — 색 분리 훈련",
    "band": "L095: 엔드게임 (6색)",
    "axis": "좌우 대칭 패턴 — 시각적 일관성, 양쪽 동시 학습 가능.",
    "intent": "색 엔트로피 1.23로 색 분포를 균등화. 6색 중 매칭 후보를 빠르게 골라내는 시야 훈련.",
    "key_feature": "color_entropy",
    "achieved": "color_entropy 일치 (목표 1.23 → 도달 1.33)",
    "expected_play": "기초 — 즉각 클리어 가능, 온보딩 적합. 봇 W73% / S100%, 평균 14발.",
    "skill_trained": "6색 분리와 빠른 색 탐색.",
    "notes": []
  }
}