{
  "level_id": "L095",
  "board": {
    "rows": 8,
    "cols": 10,
    "num_colors": 6,
    "shots_remaining": 20,
    "seed": 1095,
    "cells": [
      [
        4,
        6,
        3,
        2,
        6,
        6,
        2,
        3,
        6,
        4
      ],
      [
        0,
        3,
        6,
        4,
        4,
        4,
        4,
        6,
        3,
        0
      ],
      [
        4,
        2,
        6,
        0,
        0,
        0,
        0,
        6,
        2,
        4
      ],
      [
        4,
        6,
        0,
        0,
        0,
        0,
        0,
        0,
        6,
        4
      ],
      [
        4,
        0,
        6,
        0,
        0,
        0,
        0,
        0,
        0,
        4
      ],
      [
        0,
        0,
        0,
        0,
        0,
        0,
        0,
        0,
        0,
        0
      ],
      [
        0,
        0,
        0,
        0,
        0,
        0,
        0,
        0,
        0,
        0
      ],
      [
        0,
        0,
        0,
        0,
        0,
        0,
        0,
        0,
        0,
        0
      ]
    ]
  },
  "features": {
    "color_entropy": 1.8227996067202898,
    "max_chain_depth": 5.0,
    "avg_cluster_size": 1.8235294117647058,
    "floating_potential": 0.9411764705882353,
    "density": 0.3875,
    "shot_pressure": 0.6451612903225806
  },
  "bots": {
    "weak": {
      "bot_name": "weak",
      "runs": 60,
      "clear_rate": 0.36666666666666664,
      "eac": 42.59090909090909,
      "eac_all": 53.61666666666667,
      "avg_popped": 81.15
    },
    "medium": {
      "bot_name": "medium",
      "runs": 60,
      "clear_rate": 0.43333333333333335,
      "eac": 40.15384615384615,
      "eac_all": 51.4,
      "avg_popped": 79.36666666666666
    },
    "strong": {
      "bot_name": "strong",
      "runs": 60,
      "clear_rate": 0.8,
      "eac": 40.875,
      "eac_all": 44.7,
      "avg_popped": 74.81666666666666
    }
  },
  "spec": {
    "target_features": {
      "color_entropy": 1.584779557063309,
      "max_chain_depth": 5,
      "floating_potential": 1.5323121812083236,
      "density": 0.35211253088700556
    },
    "weights": {
      "color_entropy": 1.0,
      "max_chain_depth": 0.5,
      "floating_potential": 1.0,
      "density": 2.0
    },
    "rows": 8,
    "cols": 10,
    "num_colors": 6,
    "shots_remaining": 20,
    "target_density": 0.35211253088700556,
    "num_seeds": 8,
    "level_index": 95,
    "symmetric": false,
    "symmetry_axis": "horizontal"
  },
  "rationale": {
    "summary": "엔드게임 6색 — 키스톤 부유 훈련",
    "band": "L096: 엔드게임 (6색)",
    "axis": "좌우 대칭 패턴 — 시각적 일관성, 양쪽 동시 학습 가능.",
    "intent": "부유 잠재력 1.5 — 천장과 약하게 연결된 키스톤 버블을 한 둘 떨어뜨리면 그 아래 부유 그룹이 함께 풀리도록 설계.",
    "key_feature": "floating_potential",
    "achieved": "floating_potential -0.59 이탈 (목표 1.53 → 도달 0.94)",
    "expected_play": "기술 격차가 큰 레벨 — 키스톤 패턴 인식이 결과를 가른다. 봇 W37% / S80%, 평균 45발.",
    "skill_trained": "키스톤 버블 인식 — 부수면 풍성한 부유.",
    "notes": []
  }
}