{
  "level_id": "L097",
  "board": {
    "rows": 8,
    "cols": 10,
    "num_colors": 7,
    "shots_remaining": 22,
    "seed": 1097,
    "cells": [
      [
        4,
        5,
        5,
        7,
        0,
        0,
        7,
        5,
        5,
        4
      ],
      [
        4,
        4,
        0,
        5,
        7,
        7,
        5,
        0,
        4,
        4
      ],
      [
        4,
        4,
        0,
        5,
        7,
        7,
        5,
        0,
        4,
        4
      ],
      [
        4,
        5,
        5,
        7,
        5,
        5,
        7,
        5,
        5,
        4
      ],
      [
        0,
        5,
        0,
        0,
        4,
        4,
        0,
        0,
        5,
        0
      ],
      [
        6,
        0,
        0,
        0,
        7,
        7,
        0,
        0,
        0,
        0
      ],
      [
        0,
        0,
        0,
        0,
        4,
        4,
        0,
        0,
        0,
        0
      ],
      [
        0,
        0,
        0,
        0,
        6,
        6,
        0,
        0,
        0,
        0
      ]
    ]
  },
  "features": {
    "color_entropy": 1.8035382418621837,
    "max_chain_depth": 11.0,
    "avg_cluster_size": 3.2142857142857144,
    "floating_potential": 1.4658385093167703,
    "density": 0.5625,
    "shot_pressure": 0.4888888888888889
  },
  "bots": {
    "weak": {
      "bot_name": "weak",
      "runs": 60,
      "clear_rate": 0.45,
      "eac": 39.77777777777778,
      "eac_all": 54.2,
      "avg_popped": 96.13333333333334
    },
    "medium": {
      "bot_name": "medium",
      "runs": 60,
      "clear_rate": 0.45,
      "eac": 34.851851851851855,
      "eac_all": 51.983333333333334,
      "avg_popped": 93.78333333333333
    },
    "strong": {
      "bot_name": "strong",
      "runs": 60,
      "clear_rate": 0.9833333333333333,
      "eac": 23.06779661016949,
      "eac_all": 23.783333333333335,
      "avg_popped": 68.71666666666667
    }
  },
  "spec": {
    "target_features": {
      "color_entropy": 1.82001869865469,
      "max_chain_depth": 11,
      "floating_potential": 1.4848582491532651,
      "density": 0.5455743616285353
    },
    "weights": {
      "color_entropy": 1.0,
      "max_chain_depth": 0.5,
      "floating_potential": 1.0,
      "density": 2.0
    },
    "rows": 8,
    "cols": 10,
    "num_colors": 7,
    "shots_remaining": 22,
    "target_density": 0.5455743616285353,
    "num_seeds": 5,
    "level_index": 97,
    "symmetric": false,
    "symmetry_axis": "horizontal"
  },
  "rationale": {
    "summary": "엔드게임 7색 — 키스톤 부유 훈련",
    "band": "L098: 엔드게임 (7색)",
    "axis": "좌우 대칭 패턴 — 시각적 일관성, 양쪽 동시 학습 가능.",
    "intent": "부유 잠재력 1.5 — 천장과 약하게 연결된 키스톤 버블을 한 둘 떨어뜨리면 그 아래 부유 그룹이 함께 풀리도록 설계.",
    "key_feature": "floating_potential",
    "achieved": "floating_potential 일치 (목표 1.48 → 도달 1.47)",
    "expected_play": "기술 격차가 큰 레벨 — 키스톤 패턴 인식이 결과를 가른다. 봇 W45% / S98%, 평균 24발.",
    "skill_trained": "키스톤 버블 인식 — 부수면 풍성한 부유.",
    "notes": []
  }
}