{
  "level_id": "L098",
  "board": {
    "rows": 8,
    "cols": 10,
    "num_colors": 7,
    "shots_remaining": 22,
    "seed": 1098,
    "cells": [
      [
        2,
        2,
        0,
        2,
        4,
        4,
        2,
        0,
        2,
        2
      ],
      [
        5,
        2,
        4,
        0,
        7,
        7,
        0,
        4,
        2,
        5
      ],
      [
        2,
        2,
        7,
        4,
        2,
        2,
        4,
        7,
        2,
        2
      ],
      [
        7,
        5,
        7,
        0,
        2,
        2,
        0,
        7,
        5,
        7
      ],
      [
        0,
        7,
        0,
        0,
        7,
        7,
        0,
        0,
        7,
        0
      ],
      [
        0,
        4,
        2,
        0,
        0,
        0,
        0,
        2,
        4,
        0
      ],
      [
        0,
        0,
        0,
        5,
        0,
        0,
        0,
        0,
        0,
        0
      ],
      [
        0,
        0,
        0,
        0,
        0,
        0,
        0,
        0,
        0,
        0
      ]
    ]
  },
  "features": {
    "color_entropy": 1.8521289289101839,
    "max_chain_depth": 8.0,
    "avg_cluster_size": 1.7916666666666667,
    "floating_potential": 0.7197802197802198,
    "density": 0.5375,
    "shot_pressure": 0.5116279069767442
  },
  "bots": {
    "weak": {
      "bot_name": "weak",
      "runs": 60,
      "clear_rate": 0.5666666666666667,
      "eac": 27.852941176470587,
      "eac_all": 44.38333333333333,
      "avg_popped": 84.66666666666667
    },
    "medium": {
      "bot_name": "medium",
      "runs": 60,
      "clear_rate": 0.55,
      "eac": 26.303030303030305,
      "eac_all": 44.166666666666664,
      "avg_popped": 84.45
    },
    "strong": {
      "bot_name": "strong",
      "runs": 60,
      "clear_rate": 0.9833333333333333,
      "eac": 16.440677966101696,
      "eac_all": 17.266666666666666,
      "avg_popped": 60.1
    }
  },
  "spec": {
    "target_features": {
      "color_entropy": 1.8426273147579042,
      "max_chain_depth": 8,
      "floating_potential": 0.7247313689800376,
      "density": 0.6386390038451534
    },
    "weights": {
      "color_entropy": 1.0,
      "max_chain_depth": 0.5,
      "floating_potential": 1.0,
      "density": 2.0
    },
    "rows": 8,
    "cols": 10,
    "num_colors": 7,
    "shots_remaining": 22,
    "target_density": 0.6386390038451534,
    "num_seeds": 6,
    "level_index": 98,
    "symmetric": false,
    "symmetry_axis": "horizontal"
  },
  "rationale": {
    "summary": "엔드게임 7색 — 색 분리 훈련",
    "band": "L099: 엔드게임 (7색)",
    "axis": "좌우 대칭 패턴 — 시각적 일관성, 양쪽 동시 학습 가능.",
    "intent": "색 엔트로피 1.84로 색 분포를 균등화. 7색 중 매칭 후보를 빠르게 골라내는 시야 훈련.",
    "key_feature": "color_entropy",
    "achieved": "color_entropy 일치 (목표 1.84 → 도달 1.85)",
    "expected_play": "기술 격차가 큰 레벨 — 키스톤 패턴 인식이 결과를 가른다. 봇 W57% / S98%, 평균 17발.",
    "skill_trained": "7색 분리와 빠른 색 탐색.",
    "notes": []
  }
}