{
  "level_id": "L099",
  "board": {
    "rows": 8,
    "cols": 10,
    "num_colors": 6,
    "shots_remaining": 20,
    "seed": 1099,
    "cells": [
      [
        6,
        6,
        6,
        6,
        6,
        5,
        6,
        5,
        6,
        6
      ],
      [
        5,
        1,
        6,
        6,
        5,
        6,
        6,
        0,
        6,
        6
      ],
      [
        6,
        6,
        6,
        6,
        6,
        5,
        5,
        1,
        6,
        5
      ],
      [
        5,
        5,
        1,
        6,
        6,
        6,
        5,
        6,
        0,
        0
      ],
      [
        6,
        6,
        6,
        5,
        1,
        5,
        5,
        2,
        0,
        0
      ],
      [
        0,
        0,
        2,
        0,
        6,
        1,
        6,
        5,
        6,
        0
      ],
      [
        0,
        0,
        6,
        0,
        1,
        0,
        0,
        0,
        0,
        0
      ],
      [
        0,
        5,
        0,
        0,
        1,
        0,
        0,
        0,
        0,
        0
      ]
    ]
  },
  "features": {
    "color_entropy": 1.5298155496969479,
    "max_chain_depth": 11.0,
    "avg_cluster_size": 2.2916666666666665,
    "floating_potential": 0.4583333333333333,
    "density": 0.6875,
    "shot_pressure": 0.36363636363636365
  },
  "bots": {
    "weak": {
      "bot_name": "weak",
      "runs": 60,
      "clear_rate": 0.65,
      "eac": 29.28205128205128,
      "eac_all": 40.03333333333333,
      "avg_popped": 93.21666666666667
    },
    "medium": {
      "bot_name": "medium",
      "runs": 60,
      "clear_rate": 0.7333333333333333,
      "eac": 21.545454545454547,
      "eac_all": 31.8,
      "avg_popped": 85.46666666666667
    },
    "strong": {
      "bot_name": "strong",
      "runs": 60,
      "clear_rate": 0.9666666666666667,
      "eac": 24.103448275862068,
      "eac_all": 25.3,
      "avg_popped": 80.16666666666667
    }
  },
  "spec": {
    "target_features": {
      "color_entropy": 1.518517764985466,
      "max_chain_depth": 11,
      "floating_potential": 0.4784174098817519,
      "density": 0.6381430339898672
    },
    "weights": {
      "color_entropy": 1.0,
      "max_chain_depth": 0.5,
      "floating_potential": 1.0,
      "density": 2.0
    },
    "rows": 8,
    "cols": 10,
    "num_colors": 6,
    "shots_remaining": 20,
    "target_density": 0.6381430339898672,
    "num_seeds": 6,
    "level_index": 99,
    "symmetric": false,
    "symmetry_axis": "none"
  },
  "rationale": {
    "summary": "엔드게임 6색 — 키스톤 부유 훈련",
    "band": "L100: 엔드게임 (6색)",
    "axis": "비대칭 자유 배치 — 패턴 의존을 막고 즉흥 판단을 요구.",
    "intent": "부유 잠재력 0.5 — 천장과 약하게 연결된 키스톤 버블을 한 둘 떨어뜨리면 그 아래 부유 그룹이 함께 풀리도록 설계.",
    "key_feature": "floating_potential",
    "achieved": "floating_potential 일치 (목표 0.48 → 도달 0.46)",
    "expected_play": "기술 격차가 큰 레벨 — 키스톤 패턴 인식이 결과를 가른다. 봇 W65% / S97%, 평균 25발.",
    "skill_trained": "키스톤 버블 인식 — 부수면 풍성한 부유.",
    "notes": []
  }
}