{
  "level_id": "L000",
  "board": {
    "rows": 8,
    "cols": 10,
    "num_colors": 4,
    "shots_remaining": 14,
    "seed": 1000,
    "cells": [
      [
        2,
        0,
        2,
        0,
        0,
        1,
        2,
        2,
        2,
        2
      ],
      [
        0,
        4,
        0,
        0,
        3,
        4,
        2,
        2,
        2,
        0
      ],
      [
        0,
        0,
        0,
        0,
        2,
        1,
        1,
        1,
        2,
        0
      ],
      [
        2,
        0,
        0,
        0,
        0,
        1,
        2,
        4,
        0,
        0
      ],
      [
        0,
        1,
        0,
        2,
        4,
        4,
        2,
        1,
        2,
        0
      ],
      [
        0,
        3,
        0,
        1,
        0,
        2,
        0,
        0,
        4,
        2
      ],
      [
        0,
        0,
        4,
        2,
        0,
        0,
        4,
        1,
        3,
        1
      ],
      [
        0,
        2,
        0,
        2,
        3,
        2,
        0,
        0,
        0,
        0
      ]
    ]
  },
  "features": {
    "color_entropy": 1.7474594241169754,
    "max_chain_depth": 10.0,
    "avg_cluster_size": 1.4666666666666666,
    "floating_potential": 0.7058823529411765,
    "density": 0.55,
    "shot_pressure": 0.3181818181818182
  },
  "bots": {
    "weak": {
      "bot_name": "weak",
      "runs": 60,
      "clear_rate": 0.7166666666666667,
      "eac": 20.86046511627907,
      "eac_all": 26.85,
      "avg_popped": 69.88333333333334
    },
    "medium": {
      "bot_name": "medium",
      "runs": 60,
      "clear_rate": 0.8166666666666667,
      "eac": 17.53061224489796,
      "eac_all": 22.016666666666666,
      "avg_popped": 65.46666666666667
    },
    "strong": {
      "bot_name": "strong",
      "runs": 60,
      "clear_rate": 0.9666666666666667,
      "eac": 18.120689655172413,
      "eac_all": 18.916666666666668,
      "avg_popped": 62.766666666666666
    }
  },
  "spec": {
    "target_features": {
      "color_entropy": 1.6830734776050638,
      "max_chain_depth": 10,
      "floating_potential": 0.6438975310536146,
      "density": 0.5064157213925188
    },
    "weights": {
      "color_entropy": 1.0,
      "max_chain_depth": 0.5,
      "floating_potential": 1.0,
      "density": 2.0
    },
    "rows": 8,
    "cols": 10,
    "num_colors": 4,
    "shots_remaining": 14,
    "target_density": 0.5064157213925188,
    "num_seeds": 6
  }
}