{
  "level_id": "L006",
  "board": {
    "rows": 8,
    "cols": 10,
    "num_colors": 4,
    "shots_remaining": 14,
    "seed": 1006,
    "cells": [
      [
        4,
        1,
        1,
        4,
        3,
        0,
        0,
        4,
        0,
        1
      ],
      [
        3,
        0,
        0,
        0,
        1,
        1,
        2,
        0,
        0,
        4
      ],
      [
        0,
        4,
        0,
        0,
        4,
        1,
        3,
        0,
        0,
        0
      ],
      [
        0,
        1,
        0,
        0,
        0,
        0,
        4,
        1,
        4,
        1
      ],
      [
        0,
        2,
        4,
        0,
        0,
        0,
        1,
        0,
        0,
        0
      ],
      [
        4,
        1,
        0,
        0,
        0,
        0,
        0,
        0,
        0,
        0
      ],
      [
        1,
        1,
        0,
        0,
        0,
        0,
        0,
        0,
        1,
        4
      ],
      [
        0,
        1,
        1,
        4,
        0,
        1,
        0,
        0,
        0,
        3
      ]
    ]
  },
  "features": {
    "color_entropy": 1.6290996366618336,
    "max_chain_depth": 11.0,
    "avg_cluster_size": 1.25,
    "floating_potential": 0.7619047619047619,
    "density": 0.4375,
    "shot_pressure": 0.4
  },
  "bots": {
    "weak": {
      "bot_name": "weak",
      "runs": 60,
      "clear_rate": 0.38333333333333336,
      "eac": 30.956521739130434,
      "eac_all": 37.766666666666666,
      "avg_popped": 70.15
    },
    "medium": {
      "bot_name": "medium",
      "runs": 60,
      "clear_rate": 0.35,
      "eac": 31.666666666666668,
      "eac_all": 38.38333333333333,
      "avg_popped": 70.81666666666666
    },
    "strong": {
      "bot_name": "strong",
      "runs": 60,
      "clear_rate": 0.8,
      "eac": 30.166666666666668,
      "eac_all": 32.53333333333333,
      "avg_popped": 66.58333333333333
    }
  },
  "spec": {
    "target_features": {
      "color_entropy": 1.4328199244753144,
      "max_chain_depth": 11,
      "floating_potential": 0.7852334945664418,
      "density": 0.3552539627313813
    },
    "weights": {
      "color_entropy": 1.0,
      "max_chain_depth": 0.5,
      "floating_potential": 1.0,
      "density": 2.0
    },
    "rows": 8,
    "cols": 10,
    "num_colors": 4,
    "shots_remaining": 14,
    "target_density": 0.3552539627313813,
    "num_seeds": 5
  }
}