{
  "level_id": "L010",
  "board": {
    "rows": 8,
    "cols": 10,
    "num_colors": 4,
    "shots_remaining": 14,
    "seed": 1010,
    "cells": [
      [
        0,
        3,
        0,
        1,
        0,
        1,
        1,
        1,
        3,
        0
      ],
      [
        1,
        0,
        0,
        3,
        2,
        3,
        2,
        2,
        1,
        1
      ],
      [
        0,
        0,
        0,
        0,
        1,
        3,
        1,
        3,
        1,
        1
      ],
      [
        0,
        3,
        1,
        2,
        3,
        0,
        0,
        3,
        1,
        3
      ],
      [
        0,
        2,
        0,
        0,
        1,
        2,
        0,
        1,
        3,
        4
      ],
      [
        3,
        0,
        0,
        0,
        3,
        1,
        0,
        2,
        1,
        1
      ],
      [
        0,
        0,
        0,
        2,
        1,
        0,
        0,
        3,
        1,
        0
      ],
      [
        0,
        1,
        3,
        0,
        0,
        0,
        0,
        0,
        1,
        1
      ]
    ]
  },
  "features": {
    "color_entropy": 1.583412597987444,
    "max_chain_depth": 6.0,
    "avg_cluster_size": 1.46875,
    "floating_potential": 0.5,
    "density": 0.5875,
    "shot_pressure": 0.2978723404255319
  },
  "bots": {
    "weak": {
      "bot_name": "weak",
      "runs": 60,
      "clear_rate": 0.45,
      "eac": 29.074074074074073,
      "eac_all": 36.18333333333333,
      "avg_popped": 81.38333333333334
    },
    "medium": {
      "bot_name": "medium",
      "runs": 60,
      "clear_rate": 0.5666666666666667,
      "eac": 27.352941176470587,
      "eac_all": 33.7,
      "avg_popped": 79.15
    },
    "strong": {
      "bot_name": "strong",
      "runs": 60,
      "clear_rate": 0.7166666666666667,
      "eac": 26.232558139534884,
      "eac_all": 30.7,
      "avg_popped": 76.68333333333334
    }
  },
  "spec": {
    "target_features": {
      "color_entropy": 1.2023109070490636,
      "max_chain_depth": 5,
      "floating_potential": 0.4645589306043686,
      "density": 0.5176060956598176
    },
    "weights": {
      "color_entropy": 1.0,
      "max_chain_depth": 0.5,
      "floating_potential": 1.0,
      "density": 2.0
    },
    "rows": 8,
    "cols": 10,
    "num_colors": 4,
    "shots_remaining": 14,
    "target_density": 0.5176060956598176,
    "num_seeds": 5
  }
}