{
  "level_id": "L011",
  "board": {
    "rows": 8,
    "cols": 10,
    "num_colors": 4,
    "shots_remaining": 14,
    "seed": 1011,
    "cells": [
      [
        4,
        0,
        0,
        0,
        0,
        0,
        3,
        1,
        0,
        0
      ],
      [
        4,
        2,
        0,
        0,
        3,
        1,
        3,
        4,
        0,
        0
      ],
      [
        2,
        3,
        2,
        2,
        4,
        0,
        1,
        1,
        0,
        0
      ],
      [
        1,
        2,
        4,
        4,
        0,
        0,
        4,
        0,
        0,
        0
      ],
      [
        1,
        0,
        0,
        4,
        2,
        4,
        0,
        2,
        0,
        0
      ],
      [
        3,
        0,
        4,
        3,
        4,
        2,
        4,
        1,
        0,
        0
      ],
      [
        0,
        0,
        0,
        4,
        3,
        2,
        2,
        2,
        2,
        0
      ],
      [
        0,
        0,
        3,
        2,
        0,
        3,
        0,
        0,
        0,
        0
      ]
    ]
  },
  "features": {
    "color_entropy": 1.9544068956584644,
    "max_chain_depth": 10.0,
    "avg_cluster_size": 1.826086956521739,
    "floating_potential": 1.425,
    "density": 0.525,
    "shot_pressure": 0.3333333333333333
  },
  "bots": {
    "weak": {
      "bot_name": "weak",
      "runs": 60,
      "clear_rate": 0.8166666666666667,
      "eac": 20.979591836734695,
      "eac_all": 24.833333333333332,
      "avg_popped": 66.2
    },
    "medium": {
      "bot_name": "medium",
      "runs": 60,
      "clear_rate": 0.7833333333333333,
      "eac": 15.0,
      "eac_all": 20.85,
      "avg_popped": 61.95
    },
    "strong": {
      "bot_name": "strong",
      "runs": 60,
      "clear_rate": 1.0,
      "eac": 15.433333333333334,
      "eac_all": 15.433333333333334,
      "avg_popped": 57.43333333333333
    }
  },
  "spec": {
    "target_features": {
      "color_entropy": 1.952446519709161,
      "max_chain_depth": 10,
      "floating_potential": 1.427653707979084,
      "density": 0.5203006261526563
    },
    "weights": {
      "color_entropy": 1.0,
      "max_chain_depth": 0.5,
      "floating_potential": 1.0,
      "density": 2.0
    },
    "rows": 8,
    "cols": 10,
    "num_colors": 4,
    "shots_remaining": 14,
    "target_density": 0.5203006261526563,
    "num_seeds": 7
  }
}