{
  "level_id": "L013",
  "board": {
    "rows": 8,
    "cols": 10,
    "num_colors": 4,
    "shots_remaining": 14,
    "seed": 1013,
    "cells": [
      [
        0,
        1,
        0,
        2,
        4,
        0,
        2,
        1,
        2,
        3
      ],
      [
        3,
        0,
        0,
        0,
        3,
        0,
        4,
        3,
        2,
        3
      ],
      [
        2,
        0,
        0,
        0,
        0,
        1,
        0,
        0,
        1,
        4
      ],
      [
        4,
        3,
        0,
        4,
        3,
        0,
        0,
        2,
        0,
        2
      ],
      [
        2,
        1,
        3,
        2,
        1,
        2,
        0,
        0,
        3,
        3
      ],
      [
        2,
        3,
        3,
        1,
        3,
        4,
        0,
        3,
        3,
        0
      ],
      [
        0,
        0,
        2,
        4,
        2,
        0,
        2,
        2,
        3,
        4
      ],
      [
        0,
        3,
        0,
        0,
        0,
        4,
        3,
        1,
        2,
        0
      ]
    ]
  },
  "features": {
    "color_entropy": 1.9157983804236047,
    "max_chain_depth": 11.0,
    "avg_cluster_size": 1.3076923076923077,
    "floating_potential": 0.6551724137931034,
    "density": 0.6375,
    "shot_pressure": 0.27450980392156865
  },
  "bots": {
    "weak": {
      "bot_name": "weak",
      "runs": 60,
      "clear_rate": 0.4666666666666667,
      "eac": 36.142857142857146,
      "eac_all": 39.266666666666666,
      "avg_popped": 88.1
    },
    "medium": {
      "bot_name": "medium",
      "runs": 60,
      "clear_rate": 0.4166666666666667,
      "eac": 31.08,
      "eac_all": 37.45,
      "avg_popped": 86.05
    },
    "strong": {
      "bot_name": "strong",
      "runs": 60,
      "clear_rate": 0.8166666666666667,
      "eac": 29.755102040816325,
      "eac_all": 32.0,
      "avg_popped": 82.2
    }
  },
  "spec": {
    "target_features": {
      "color_entropy": 1.913792727019572,
      "max_chain_depth": 11,
      "floating_potential": 0.6498482062567303,
      "density": 0.6465224370224899
    },
    "weights": {
      "color_entropy": 1.0,
      "max_chain_depth": 0.5,
      "floating_potential": 1.0,
      "density": 2.0
    },
    "rows": 8,
    "cols": 10,
    "num_colors": 4,
    "shots_remaining": 14,
    "target_density": 0.6465224370224899,
    "num_seeds": 6
  }
}