{
  "level_id": "L014",
  "board": {
    "rows": 8,
    "cols": 10,
    "num_colors": 4,
    "shots_remaining": 14,
    "seed": 1014,
    "cells": [
      [
        0,
        0,
        0,
        0,
        1,
        0,
        0,
        0,
        0,
        4
      ],
      [
        0,
        0,
        0,
        4,
        2,
        4,
        0,
        0,
        1,
        0
      ],
      [
        0,
        0,
        0,
        4,
        0,
        1,
        4,
        3,
        4,
        1
      ],
      [
        0,
        3,
        2,
        3,
        1,
        1,
        2,
        1,
        0,
        0
      ],
      [
        4,
        0,
        1,
        3,
        0,
        4,
        2,
        4,
        0,
        0
      ],
      [
        1,
        2,
        0,
        0,
        0,
        4,
        1,
        0,
        0,
        0
      ],
      [
        0,
        0,
        0,
        0,
        1,
        2,
        1,
        2,
        0,
        0
      ],
      [
        0,
        0,
        0,
        4,
        3,
        4,
        0,
        4,
        0,
        0
      ]
    ]
  },
  "features": {
    "color_entropy": 1.9017130609444064,
    "max_chain_depth": 5.0,
    "avg_cluster_size": 1.3214285714285714,
    "floating_potential": 0.6136363636363636,
    "density": 0.4625,
    "shot_pressure": 0.3783783783783784
  },
  "bots": {
    "weak": {
      "bot_name": "weak",
      "runs": 60,
      "clear_rate": 0.5833333333333334,
      "eac": 26.714285714285715,
      "eac_all": 33.083333333333336,
      "avg_popped": 68.48333333333333
    },
    "medium": {
      "bot_name": "medium",
      "runs": 60,
      "clear_rate": 0.6333333333333333,
      "eac": 29.68421052631579,
      "eac_all": 34.2,
      "avg_popped": 69.8
    },
    "strong": {
      "bot_name": "strong",
      "runs": 60,
      "clear_rate": 0.9,
      "eac": 26.944444444444443,
      "eac_all": 28.45,
      "avg_popped": 65.03333333333333
    }
  },
  "spec": {
    "target_features": {
      "color_entropy": 1.868420327483471,
      "max_chain_depth": 4,
      "floating_potential": 0.6205023910204658,
      "density": 0.43968215365792085
    },
    "weights": {
      "color_entropy": 1.0,
      "max_chain_depth": 0.5,
      "floating_potential": 1.0,
      "density": 2.0
    },
    "rows": 8,
    "cols": 10,
    "num_colors": 4,
    "shots_remaining": 14,
    "target_density": 0.43968215365792085,
    "num_seeds": 4
  }
}