{
  "level_id": "L016",
  "board": {
    "rows": 8,
    "cols": 10,
    "num_colors": 4,
    "shots_remaining": 14,
    "seed": 1016,
    "cells": [
      [
        3,
        1,
        4,
        3,
        0,
        3,
        2,
        2,
        0,
        0
      ],
      [
        4,
        1,
        1,
        1,
        4,
        3,
        0,
        0,
        0,
        0
      ],
      [
        4,
        0,
        0,
        0,
        4,
        1,
        0,
        0,
        0,
        0
      ],
      [
        3,
        0,
        0,
        2,
        3,
        1,
        3,
        4,
        0,
        0
      ],
      [
        3,
        0,
        0,
        2,
        0,
        2,
        1,
        0,
        2,
        4
      ],
      [
        0,
        0,
        0,
        2,
        0,
        3,
        4,
        3,
        0,
        0
      ],
      [
        0,
        0,
        0,
        4,
        0,
        0,
        2,
        0,
        0,
        0
      ],
      [
        0,
        0,
        0,
        0,
        0,
        0,
        0,
        0,
        0,
        0
      ]
    ]
  },
  "features": {
    "color_entropy": 1.9874601819486435,
    "max_chain_depth": 6.0,
    "avg_cluster_size": 1.5454545454545454,
    "floating_potential": 0.9318181818181818,
    "density": 0.425,
    "shot_pressure": 0.4117647058823529
  },
  "bots": {
    "weak": {
      "bot_name": "weak",
      "runs": 60,
      "clear_rate": 0.6,
      "eac": 25.97222222222222,
      "eac_all": 32.38333333333333,
      "avg_popped": 64.6
    },
    "medium": {
      "bot_name": "medium",
      "runs": 60,
      "clear_rate": 0.7333333333333333,
      "eac": 22.181818181818183,
      "eac_all": 27.466666666666665,
      "avg_popped": 60.46666666666667
    },
    "strong": {
      "bot_name": "strong",
      "runs": 60,
      "clear_rate": 0.9,
      "eac": 20.48148148148148,
      "eac_all": 22.633333333333333,
      "avg_popped": 56.3
    }
  },
  "spec": {
    "target_features": {
      "color_entropy": 1.9843836423878085,
      "max_chain_depth": 6,
      "floating_potential": 0.9441439408645586,
      "density": 0.4068974035424121
    },
    "weights": {
      "color_entropy": 1.0,
      "max_chain_depth": 0.5,
      "floating_potential": 1.0,
      "density": 2.0
    },
    "rows": 8,
    "cols": 10,
    "num_colors": 4,
    "shots_remaining": 14,
    "target_density": 0.4068974035424121,
    "num_seeds": 5
  }
}