{
  "level_id": "L020",
  "board": {
    "rows": 8,
    "cols": 10,
    "num_colors": 4,
    "shots_remaining": 14,
    "seed": 1020,
    "cells": [
      [
        0,
        1,
        0,
        1,
        3,
        0,
        4,
        0,
        1,
        4
      ],
      [
        0,
        0,
        1,
        2,
        1,
        0,
        2,
        0,
        0,
        3
      ],
      [
        0,
        0,
        0,
        3,
        1,
        4,
        0,
        0,
        0,
        1
      ],
      [
        3,
        0,
        1,
        2,
        2,
        1,
        2,
        0,
        0,
        0
      ],
      [
        0,
        3,
        4,
        4,
        1,
        2,
        3,
        0,
        0,
        0
      ],
      [
        1,
        0,
        2,
        1,
        3,
        1,
        4,
        1,
        2,
        1
      ],
      [
        2,
        1,
        3,
        4,
        0,
        0,
        0,
        0,
        0,
        1
      ],
      [
        2,
        2,
        1,
        4,
        0,
        0,
        0,
        0,
        0,
        0
      ]
    ]
  },
  "features": {
    "color_entropy": 1.9115775889747437,
    "max_chain_depth": 5.0,
    "avg_cluster_size": 1.3636363636363635,
    "floating_potential": 0.640625,
    "density": 0.5625,
    "shot_pressure": 0.3111111111111111
  },
  "bots": {
    "weak": {
      "bot_name": "weak",
      "runs": 60,
      "clear_rate": 0.5,
      "eac": 31.833333333333332,
      "eac_all": 36.916666666666664,
      "avg_popped": 79.76666666666667
    },
    "medium": {
      "bot_name": "medium",
      "runs": 60,
      "clear_rate": 0.45,
      "eac": 30.62962962962963,
      "eac_all": 36.88333333333333,
      "avg_popped": 79.6
    },
    "strong": {
      "bot_name": "strong",
      "runs": 60,
      "clear_rate": 0.7833333333333333,
      "eac": 25.95744680851064,
      "eac_all": 29.433333333333334,
      "avg_popped": 73.38333333333334
    }
  },
  "spec": {
    "target_features": {
      "color_entropy": 1.9085549205533452,
      "max_chain_depth": 5,
      "floating_potential": 0.6318009855670281,
      "density": 0.5596228981163512
    },
    "weights": {
      "color_entropy": 1.0,
      "max_chain_depth": 0.5,
      "floating_potential": 1.0,
      "density": 2.0
    },
    "rows": 8,
    "cols": 10,
    "num_colors": 4,
    "shots_remaining": 14,
    "target_density": 0.5596228981163512,
    "num_seeds": 8
  }
}