{
  "level_id": "L026",
  "board": {
    "rows": 8,
    "cols": 10,
    "num_colors": 4,
    "shots_remaining": 14,
    "seed": 1026,
    "cells": [
      [
        0,
        0,
        2,
        1,
        4,
        1,
        4,
        4,
        1,
        0
      ],
      [
        0,
        3,
        4,
        1,
        4,
        4,
        1,
        3,
        2,
        0
      ],
      [
        1,
        2,
        0,
        3,
        4,
        1,
        2,
        2,
        4,
        0
      ],
      [
        2,
        1,
        3,
        4,
        1,
        0,
        3,
        1,
        4,
        0
      ],
      [
        4,
        3,
        0,
        1,
        4,
        2,
        0,
        4,
        1,
        3
      ],
      [
        0,
        1,
        4,
        1,
        3,
        1,
        1,
        0,
        1,
        4
      ],
      [
        0,
        0,
        0,
        3,
        4,
        0,
        0,
        2,
        0,
        3
      ],
      [
        0,
        0,
        0,
        0,
        0,
        0,
        0,
        0,
        4,
        0
      ]
    ]
  },
  "features": {
    "color_entropy": 1.9274970729221466,
    "max_chain_depth": 7.0,
    "avg_cluster_size": 1.4857142857142858,
    "floating_potential": 0.59375,
    "density": 0.65,
    "shot_pressure": 0.2692307692307692
  },
  "bots": {
    "weak": {
      "bot_name": "weak",
      "runs": 60,
      "clear_rate": 0.6666666666666666,
      "eac": 28.35,
      "eac_all": 32.9,
      "avg_popped": 83.4
    },
    "medium": {
      "bot_name": "medium",
      "runs": 60,
      "clear_rate": 0.6166666666666667,
      "eac": 24.405405405405407,
      "eac_all": 31.15,
      "avg_popped": 81.58333333333333
    },
    "strong": {
      "bot_name": "strong",
      "runs": 60,
      "clear_rate": 0.8833333333333333,
      "eac": 23.433962264150942,
      "eac_all": 25.6,
      "avg_popped": 77.11666666666666
    }
  },
  "spec": {
    "target_features": {
      "color_entropy": 1.9263602924945253,
      "max_chain_depth": 7,
      "floating_potential": 0.5831975516694042,
      "density": 0.5904405339247258
    },
    "weights": {
      "color_entropy": 1.0,
      "max_chain_depth": 0.5,
      "floating_potential": 1.0,
      "density": 2.0
    },
    "rows": 8,
    "cols": 10,
    "num_colors": 4,
    "shots_remaining": 14,
    "target_density": 0.5904405339247258,
    "num_seeds": 5
  }
}