{
  "level_id": "L027",
  "board": {
    "rows": 8,
    "cols": 10,
    "num_colors": 4,
    "shots_remaining": 14,
    "seed": 1027,
    "cells": [
      [
        2,
        2,
        4,
        2,
        4,
        2,
        1,
        2,
        2,
        0
      ],
      [
        2,
        2,
        2,
        4,
        0,
        4,
        1,
        4,
        1,
        0
      ],
      [
        2,
        2,
        4,
        4,
        2,
        0,
        2,
        0,
        0,
        2
      ],
      [
        4,
        1,
        0,
        0,
        1,
        4,
        0,
        0,
        3,
        0
      ],
      [
        2,
        2,
        4,
        0,
        0,
        4,
        0,
        0,
        0,
        4
      ],
      [
        4,
        1,
        3,
        2,
        0,
        2,
        0,
        0,
        2,
        0
      ],
      [
        2,
        2,
        2,
        1,
        4,
        0,
        1,
        0,
        0,
        0
      ],
      [
        2,
        2,
        4,
        2,
        4,
        2,
        4,
        0,
        0,
        0
      ]
    ]
  },
  "features": {
    "color_entropy": 1.6204053418665165,
    "max_chain_depth": 9.0,
    "avg_cluster_size": 1.5588235294117647,
    "floating_potential": 0.6458333333333334,
    "density": 0.6625,
    "shot_pressure": 0.2641509433962264
  },
  "bots": {
    "weak": {
      "bot_name": "weak",
      "runs": 60,
      "clear_rate": 0.6666666666666666,
      "eac": 29.9,
      "eac_all": 33.93333333333333,
      "avg_popped": 85.66666666666667
    },
    "medium": {
      "bot_name": "medium",
      "runs": 60,
      "clear_rate": 0.5166666666666667,
      "eac": 23.967741935483872,
      "eac_all": 32.68333333333333,
      "avg_popped": 83.33333333333333
    },
    "strong": {
      "bot_name": "strong",
      "runs": 60,
      "clear_rate": 0.9166666666666666,
      "eac": 24.636363636363637,
      "eac_all": 26.083333333333332,
      "avg_popped": 78.73333333333333
    }
  },
  "spec": {
    "target_features": {
      "color_entropy": 1.4009671198991942,
      "max_chain_depth": 9,
      "floating_potential": 0.6069057412318438,
      "density": 0.5471313281018031
    },
    "weights": {
      "color_entropy": 1.0,
      "max_chain_depth": 0.5,
      "floating_potential": 1.0,
      "density": 2.0
    },
    "rows": 8,
    "cols": 10,
    "num_colors": 4,
    "shots_remaining": 14,
    "target_density": 0.5471313281018031,
    "num_seeds": 8
  }
}