{
  "level_id": "L031",
  "board": {
    "rows": 8,
    "cols": 10,
    "num_colors": 4,
    "shots_remaining": 14,
    "seed": 1031,
    "cells": [
      [
        3,
        0,
        3,
        0,
        0,
        3,
        0,
        2,
        3,
        3
      ],
      [
        0,
        0,
        0,
        0,
        4,
        1,
        3,
        1,
        3,
        3
      ],
      [
        0,
        0,
        0,
        0,
        0,
        0,
        0,
        4,
        3,
        4
      ],
      [
        0,
        1,
        0,
        0,
        0,
        0,
        3,
        1,
        3,
        3
      ],
      [
        0,
        0,
        0,
        0,
        0,
        0,
        0,
        0,
        4,
        3
      ],
      [
        0,
        3,
        0,
        3,
        0,
        0,
        0,
        4,
        4,
        3
      ],
      [
        3,
        2,
        1,
        2,
        2,
        1,
        3,
        1,
        3,
        1
      ],
      [
        0,
        0,
        1,
        3,
        3,
        2,
        0,
        0,
        3,
        3
      ]
    ]
  },
  "features": {
    "color_entropy": 1.7125283481659153,
    "max_chain_depth": 7.0,
    "avg_cluster_size": 1.5357142857142858,
    "floating_potential": 0.49193548387096775,
    "density": 0.5375,
    "shot_pressure": 0.32558139534883723
  },
  "bots": {
    "weak": {
      "bot_name": "weak",
      "runs": 60,
      "clear_rate": 0.7166666666666667,
      "eac": 26.348837209302324,
      "eac_all": 30.783333333333335,
      "avg_popped": 72.81666666666666
    },
    "medium": {
      "bot_name": "medium",
      "runs": 60,
      "clear_rate": 0.7,
      "eac": 20.785714285714285,
      "eac_all": 27.15,
      "avg_popped": 68.93333333333334
    },
    "strong": {
      "bot_name": "strong",
      "runs": 60,
      "clear_rate": 0.9,
      "eac": 21.0,
      "eac_all": 23.1,
      "avg_popped": 65.61666666666666
    }
  },
  "spec": {
    "target_features": {
      "color_entropy": 1.554416168484063,
      "max_chain_depth": 7,
      "floating_potential": 0.45899808267559256,
      "density": 0.45885866870949626
    },
    "weights": {
      "color_entropy": 1.0,
      "max_chain_depth": 0.5,
      "floating_potential": 1.0,
      "density": 2.0
    },
    "rows": 8,
    "cols": 10,
    "num_colors": 4,
    "shots_remaining": 14,
    "target_density": 0.45885866870949626,
    "num_seeds": 6
  }
}