{
  "level_id": "L032",
  "board": {
    "rows": 8,
    "cols": 10,
    "num_colors": 4,
    "shots_remaining": 14,
    "seed": 1032,
    "cells": [
      [
        3,
        0,
        0,
        0,
        1,
        4,
        4,
        4,
        3,
        3
      ],
      [
        3,
        4,
        4,
        4,
        3,
        1,
        4,
        4,
        4,
        4
      ],
      [
        3,
        4,
        4,
        4,
        4,
        0,
        3,
        1,
        3,
        0
      ],
      [
        3,
        1,
        0,
        0,
        0,
        0,
        4,
        3,
        3,
        0
      ],
      [
        4,
        0,
        0,
        0,
        0,
        0,
        0,
        1,
        0,
        4
      ],
      [
        0,
        0,
        0,
        0,
        0,
        0,
        4,
        0,
        0,
        0
      ],
      [
        0,
        0,
        4,
        0,
        0,
        0,
        4,
        3,
        0,
        0
      ],
      [
        0,
        0,
        0,
        0,
        0,
        0,
        4,
        0,
        0,
        0
      ]
    ]
  },
  "features": {
    "color_entropy": 1.3829839249845157,
    "max_chain_depth": 9.0,
    "avg_cluster_size": 2.111111111111111,
    "floating_potential": 1.25,
    "density": 0.475,
    "shot_pressure": 0.3684210526315789
  },
  "bots": {
    "weak": {
      "bot_name": "weak",
      "runs": 60,
      "clear_rate": 0.6166666666666667,
      "eac": 20.594594594594593,
      "eac_all": 28.8,
      "avg_popped": 65.11666666666666
    },
    "medium": {
      "bot_name": "medium",
      "runs": 60,
      "clear_rate": 0.7166666666666667,
      "eac": 22.627906976744185,
      "eac_all": 28.116666666666667,
      "avg_popped": 64.91666666666667
    },
    "strong": {
      "bot_name": "strong",
      "runs": 60,
      "clear_rate": 0.9833333333333333,
      "eac": 16.52542372881356,
      "eac_all": 16.95,
      "avg_popped": 54.93333333333333
    }
  },
  "spec": {
    "target_features": {
      "color_entropy": 1.337026625352887,
      "max_chain_depth": 8,
      "floating_potential": 1.2155499498123912,
      "density": 0.4810287418107695
    },
    "weights": {
      "color_entropy": 1.0,
      "max_chain_depth": 0.5,
      "floating_potential": 1.0,
      "density": 2.0
    },
    "rows": 8,
    "cols": 10,
    "num_colors": 4,
    "shots_remaining": 14,
    "target_density": 0.4810287418107695,
    "num_seeds": 5
  }
}