{
  "level_id": "L040",
  "board": {
    "rows": 8,
    "cols": 10,
    "num_colors": 4,
    "shots_remaining": 14,
    "seed": 1040,
    "cells": [
      [
        4,
        4,
        2,
        4,
        0,
        2,
        0,
        4,
        3,
        3
      ],
      [
        0,
        3,
        3,
        0,
        4,
        3,
        0,
        4,
        0,
        1
      ],
      [
        2,
        4,
        0,
        0,
        1,
        0,
        3,
        4,
        0,
        3
      ],
      [
        4,
        4,
        0,
        1,
        0,
        0,
        0,
        2,
        2,
        4
      ],
      [
        4,
        0,
        2,
        1,
        3,
        0,
        0,
        0,
        3,
        0
      ],
      [
        0,
        0,
        4,
        2,
        4,
        0,
        0,
        0,
        3,
        4
      ],
      [
        0,
        0,
        4,
        0,
        3,
        0,
        0,
        0,
        2,
        3
      ],
      [
        0,
        0,
        0,
        0,
        0,
        0,
        0,
        0,
        3,
        0
      ]
    ]
  },
  "features": {
    "color_entropy": 1.8427784354513959,
    "max_chain_depth": 9.0,
    "avg_cluster_size": 1.64,
    "floating_potential": 1.5546875,
    "density": 0.5125,
    "shot_pressure": 0.34146341463414637
  },
  "bots": {
    "weak": {
      "bot_name": "weak",
      "runs": 60,
      "clear_rate": 0.5666666666666667,
      "eac": 28.823529411764707,
      "eac_all": 34.53333333333333,
      "avg_popped": 73.7
    },
    "medium": {
      "bot_name": "medium",
      "runs": 60,
      "clear_rate": 0.7333333333333333,
      "eac": 26.84090909090909,
      "eac_all": 30.883333333333333,
      "avg_popped": 70.8
    },
    "strong": {
      "bot_name": "strong",
      "runs": 60,
      "clear_rate": 0.8666666666666667,
      "eac": 23.03846153846154,
      "eac_all": 25.566666666666666,
      "avg_popped": 66.01666666666667
    }
  },
  "spec": {
    "target_features": {
      "color_entropy": 1.8415540369967596,
      "max_chain_depth": 9,
      "floating_potential": 1.561258211757809,
      "density": 0.5173477906395991
    },
    "weights": {
      "color_entropy": 1.0,
      "max_chain_depth": 0.5,
      "floating_potential": 1.0,
      "density": 2.0
    },
    "rows": 8,
    "cols": 10,
    "num_colors": 4,
    "shots_remaining": 14,
    "target_density": 0.5173477906395991,
    "num_seeds": 4
  }
}