{
  "level_id": "L044",
  "board": {
    "rows": 8,
    "cols": 10,
    "num_colors": 4,
    "shots_remaining": 14,
    "seed": 1044,
    "cells": [
      [
        1,
        3,
        1,
        1,
        3,
        2,
        1,
        0,
        2,
        0
      ],
      [
        3,
        1,
        1,
        1,
        3,
        1,
        1,
        0,
        1,
        1
      ],
      [
        3,
        1,
        3,
        3,
        2,
        2,
        1,
        3,
        0,
        3
      ],
      [
        4,
        0,
        0,
        1,
        3,
        0,
        1,
        0,
        0,
        0
      ],
      [
        2,
        0,
        0,
        0,
        4,
        0,
        3,
        2,
        1,
        0
      ],
      [
        0,
        1,
        3,
        2,
        3,
        1,
        1,
        0,
        0,
        0
      ],
      [
        0,
        3,
        0,
        0,
        1,
        2,
        3,
        0,
        0,
        0
      ],
      [
        0,
        0,
        0,
        1,
        3,
        1,
        0,
        0,
        0,
        0
      ]
    ]
  },
  "features": {
    "color_entropy": 1.6660563421790615,
    "max_chain_depth": 10.0,
    "avg_cluster_size": 1.5483870967741935,
    "floating_potential": 0.8269230769230769,
    "density": 0.6,
    "shot_pressure": 0.2916666666666667
  },
  "bots": {
    "weak": {
      "bot_name": "weak",
      "runs": 60,
      "clear_rate": 0.4666666666666667,
      "eac": 33.142857142857146,
      "eac_all": 37.86666666666667,
      "avg_popped": 83.85
    },
    "medium": {
      "bot_name": "medium",
      "runs": 60,
      "clear_rate": 0.5333333333333333,
      "eac": 30.3125,
      "eac_all": 35.766666666666666,
      "avg_popped": 81.66666666666667
    },
    "strong": {
      "bot_name": "strong",
      "runs": 60,
      "clear_rate": 0.9,
      "eac": 26.12962962962963,
      "eac_all": 27.716666666666665,
      "avg_popped": 75.33333333333333
    }
  },
  "spec": {
    "target_features": {
      "color_entropy": 1.4461360729531731,
      "max_chain_depth": 10,
      "floating_potential": 0.7478389185083288,
      "density": 0.5623431306051648
    },
    "weights": {
      "color_entropy": 1.0,
      "max_chain_depth": 0.5,
      "floating_potential": 1.0,
      "density": 2.0
    },
    "rows": 8,
    "cols": 10,
    "num_colors": 4,
    "shots_remaining": 14,
    "target_density": 0.5623431306051648,
    "num_seeds": 4
  }
}