{
  "level_id": "L045",
  "board": {
    "rows": 8,
    "cols": 10,
    "num_colors": 4,
    "shots_remaining": 14,
    "seed": 1045,
    "cells": [
      [
        0,
        0,
        0,
        4,
        0,
        0,
        0,
        0,
        4,
        0
      ],
      [
        0,
        0,
        0,
        2,
        0,
        0,
        0,
        4,
        0,
        0
      ],
      [
        0,
        0,
        3,
        3,
        4,
        3,
        0,
        1,
        0,
        0
      ],
      [
        2,
        1,
        0,
        4,
        0,
        2,
        0,
        1,
        2,
        0
      ],
      [
        0,
        0,
        0,
        4,
        0,
        0,
        2,
        0,
        2,
        4
      ],
      [
        0,
        0,
        2,
        4,
        3,
        2,
        4,
        2,
        1,
        0
      ],
      [
        0,
        0,
        2,
        1,
        0,
        4,
        0,
        3,
        0,
        0
      ],
      [
        0,
        4,
        1,
        0,
        0,
        0,
        2,
        0,
        0,
        0
      ]
    ]
  },
  "features": {
    "color_entropy": 1.9163059045468083,
    "max_chain_depth": 12.0,
    "avg_cluster_size": 1.5714285714285714,
    "floating_potential": 1.1341463414634145,
    "density": 0.4125,
    "shot_pressure": 0.42424242424242425
  },
  "bots": {
    "weak": {
      "bot_name": "weak",
      "runs": 60,
      "clear_rate": 0.75,
      "eac": 21.42222222222222,
      "eac_all": 26.566666666666666,
      "avg_popped": 58.55
    },
    "medium": {
      "bot_name": "medium",
      "runs": 60,
      "clear_rate": 0.5833333333333334,
      "eac": 19.571428571428573,
      "eac_all": 28.916666666666668,
      "avg_popped": 60.25
    },
    "strong": {
      "bot_name": "strong",
      "runs": 60,
      "clear_rate": 0.9333333333333333,
      "eac": 19.089285714285715,
      "eac_all": 20.616666666666667,
      "avg_popped": 53.3
    }
  },
  "spec": {
    "target_features": {
      "color_entropy": 1.9240600791791649,
      "max_chain_depth": 10,
      "floating_potential": 1.1340407082551018,
      "density": 0.4071450580621155
    },
    "weights": {
      "color_entropy": 1.0,
      "max_chain_depth": 0.5,
      "floating_potential": 1.0,
      "density": 2.0
    },
    "rows": 8,
    "cols": 10,
    "num_colors": 4,
    "shots_remaining": 14,
    "target_density": 0.4071450580621155,
    "num_seeds": 6
  }
}