{
  "level_id": "L047",
  "board": {
    "rows": 8,
    "cols": 10,
    "num_colors": 4,
    "shots_remaining": 14,
    "seed": 1047,
    "cells": [
      [
        0,
        4,
        0,
        0,
        3,
        0,
        0,
        0,
        0,
        3
      ],
      [
        0,
        3,
        2,
        3,
        0,
        0,
        0,
        0,
        0,
        0
      ],
      [
        0,
        3,
        0,
        4,
        2,
        0,
        4,
        2,
        0,
        0
      ],
      [
        4,
        2,
        3,
        0,
        3,
        4,
        3,
        3,
        4,
        0
      ],
      [
        0,
        0,
        4,
        3,
        2,
        4,
        3,
        4,
        1,
        2
      ],
      [
        0,
        0,
        2,
        1,
        3,
        2,
        1,
        3,
        0,
        3
      ],
      [
        0,
        4,
        3,
        2,
        4,
        2,
        3,
        4,
        4,
        0
      ],
      [
        0,
        3,
        4,
        3,
        3,
        4,
        3,
        3,
        4,
        0
      ]
    ]
  },
  "features": {
    "color_entropy": 1.7595995031869034,
    "max_chain_depth": 5.0,
    "avg_cluster_size": 1.4285714285714286,
    "floating_potential": 0.675,
    "density": 0.625,
    "shot_pressure": 0.28
  },
  "bots": {
    "weak": {
      "bot_name": "weak",
      "runs": 60,
      "clear_rate": 0.6,
      "eac": 30.36111111111111,
      "eac_all": 35.016666666666666,
      "avg_popped": 83.33333333333333
    },
    "medium": {
      "bot_name": "medium",
      "runs": 60,
      "clear_rate": 0.7,
      "eac": 25.333333333333332,
      "eac_all": 30.333333333333332,
      "avg_popped": 79.1
    },
    "strong": {
      "bot_name": "strong",
      "runs": 60,
      "clear_rate": 0.9166666666666666,
      "eac": 19.618181818181817,
      "eac_all": 21.483333333333334,
      "avg_popped": 71.1
    }
  },
  "spec": {
    "target_features": {
      "color_entropy": 1.739316783576479,
      "max_chain_depth": 5,
      "floating_potential": 0.6564271608639152,
      "density": 0.5704284923263626
    },
    "weights": {
      "color_entropy": 1.0,
      "max_chain_depth": 0.5,
      "floating_potential": 1.0,
      "density": 2.0
    },
    "rows": 8,
    "cols": 10,
    "num_colors": 4,
    "shots_remaining": 14,
    "target_density": 0.5704284923263626,
    "num_seeds": 4
  }
}