{
  "level_id": "L048",
  "board": {
    "rows": 8,
    "cols": 10,
    "num_colors": 4,
    "shots_remaining": 14,
    "seed": 1048,
    "cells": [
      [
        0,
        3,
        4,
        2,
        4,
        4,
        1,
        0,
        0,
        0
      ],
      [
        0,
        4,
        4,
        3,
        4,
        2,
        3,
        4,
        0,
        0
      ],
      [
        0,
        4,
        0,
        2,
        0,
        4,
        4,
        2,
        0,
        0
      ],
      [
        0,
        4,
        0,
        2,
        0,
        0,
        3,
        4,
        4,
        4
      ],
      [
        0,
        4,
        4,
        2,
        0,
        0,
        2,
        2,
        4,
        4
      ],
      [
        0,
        0,
        0,
        3,
        4,
        0,
        0,
        2,
        4,
        2
      ],
      [
        0,
        0,
        0,
        4,
        0,
        2,
        4,
        2,
        3,
        2
      ],
      [
        0,
        0,
        0,
        0,
        0,
        0,
        2,
        0,
        3,
        0
      ]
    ]
  },
  "features": {
    "color_entropy": 1.5716600510638832,
    "max_chain_depth": 9.0,
    "avg_cluster_size": 2.0952380952380953,
    "floating_potential": 1.5,
    "density": 0.55,
    "shot_pressure": 0.3181818181818182
  },
  "bots": {
    "weak": {
      "bot_name": "weak",
      "runs": 60,
      "clear_rate": 0.5,
      "eac": 28.7,
      "eac_all": 35.35,
      "avg_popped": 77.53333333333333
    },
    "medium": {
      "bot_name": "medium",
      "runs": 60,
      "clear_rate": 0.6666666666666666,
      "eac": 24.45,
      "eac_all": 30.3,
      "avg_popped": 73.03333333333333
    },
    "strong": {
      "bot_name": "strong",
      "runs": 60,
      "clear_rate": 0.8666666666666667,
      "eac": 25.096153846153847,
      "eac_all": 27.35,
      "avg_popped": 70.71666666666667
    }
  },
  "spec": {
    "target_features": {
      "color_entropy": 1.5661872335521345,
      "max_chain_depth": 9,
      "floating_potential": 1.4986675076520637,
      "density": 0.548129101678104
    },
    "weights": {
      "color_entropy": 1.0,
      "max_chain_depth": 0.5,
      "floating_potential": 1.0,
      "density": 2.0
    },
    "rows": 8,
    "cols": 10,
    "num_colors": 4,
    "shots_remaining": 14,
    "target_density": 0.548129101678104,
    "num_seeds": 4
  }
}