{
  "level_id": "L049",
  "board": {
    "rows": 8,
    "cols": 10,
    "num_colors": 4,
    "shots_remaining": 14,
    "seed": 1049,
    "cells": [
      [
        0,
        4,
        4,
        1,
        0,
        0,
        1,
        0,
        0,
        0
      ],
      [
        2,
        0,
        3,
        0,
        0,
        4,
        1,
        4,
        0,
        0
      ],
      [
        4,
        1,
        1,
        4,
        0,
        0,
        0,
        0,
        1,
        0
      ],
      [
        0,
        4,
        1,
        2,
        0,
        0,
        0,
        0,
        1,
        0
      ],
      [
        0,
        0,
        1,
        4,
        1,
        2,
        1,
        0,
        0,
        0
      ],
      [
        0,
        0,
        1,
        4,
        4,
        1,
        1,
        0,
        0,
        2
      ],
      [
        0,
        4,
        1,
        0,
        4,
        1,
        0,
        0,
        0,
        0
      ],
      [
        0,
        0,
        1,
        4,
        4,
        1,
        0,
        0,
        0,
        0
      ]
    ]
  },
  "features": {
    "color_entropy": 1.5240042052298124,
    "max_chain_depth": 11.0,
    "avg_cluster_size": 1.9473684210526316,
    "floating_potential": 1.3175675675675675,
    "density": 0.4625,
    "shot_pressure": 0.3783783783783784
  },
  "bots": {
    "weak": {
      "bot_name": "weak",
      "runs": 60,
      "clear_rate": 0.5666666666666667,
      "eac": 23.88235294117647,
      "eac_all": 31.733333333333334,
      "avg_popped": 66.75
    },
    "medium": {
      "bot_name": "medium",
      "runs": 60,
      "clear_rate": 0.75,
      "eac": 21.733333333333334,
      "eac_all": 26.8,
      "avg_popped": 62.833333333333336
    },
    "strong": {
      "bot_name": "strong",
      "runs": 60,
      "clear_rate": 0.9333333333333333,
      "eac": 19.196428571428573,
      "eac_all": 20.716666666666665,
      "avg_popped": 57.4
    }
  },
  "spec": {
    "target_features": {
      "color_entropy": 1.368992367671975,
      "max_chain_depth": 11,
      "floating_potential": 1.2796241824522552,
      "density": 0.39576908747211015
    },
    "weights": {
      "color_entropy": 1.0,
      "max_chain_depth": 0.5,
      "floating_potential": 1.0,
      "density": 2.0
    },
    "rows": 8,
    "cols": 10,
    "num_colors": 4,
    "shots_remaining": 14,
    "target_density": 0.39576908747211015,
    "num_seeds": 6
  }
}