{
  "level_id": "L050",
  "board": {
    "rows": 8,
    "cols": 10,
    "num_colors": 4,
    "shots_remaining": 14,
    "seed": 1050,
    "cells": [
      [
        2,
        0,
        2,
        0,
        0,
        2,
        0,
        0,
        2,
        3
      ],
      [
        4,
        0,
        2,
        4,
        3,
        4,
        0,
        0,
        4,
        0
      ],
      [
        0,
        2,
        0,
        4,
        2,
        0,
        2,
        0,
        4,
        3
      ],
      [
        2,
        2,
        4,
        0,
        2,
        0,
        0,
        0,
        2,
        0
      ],
      [
        4,
        3,
        4,
        0,
        0,
        4,
        0,
        0,
        0,
        2
      ],
      [
        0,
        2,
        0,
        0,
        0,
        0,
        0,
        4,
        0,
        0
      ],
      [
        0,
        0,
        0,
        0,
        0,
        0,
        0,
        0,
        0,
        2
      ],
      [
        0,
        0,
        0,
        0,
        0,
        0,
        0,
        2,
        0,
        0
      ]
    ]
  },
  "features": {
    "color_entropy": 1.40407541345106,
    "max_chain_depth": 9.0,
    "avg_cluster_size": 1.4090909090909092,
    "floating_potential": 1.3243243243243243,
    "density": 0.3875,
    "shot_pressure": 0.45161290322580644
  },
  "bots": {
    "weak": {
      "bot_name": "weak",
      "runs": 60,
      "clear_rate": 0.35,
      "eac": 33.42857142857143,
      "eac_all": 39.0,
      "avg_popped": 67.15
    },
    "medium": {
      "bot_name": "medium",
      "runs": 60,
      "clear_rate": 0.48333333333333334,
      "eac": 30.310344827586206,
      "eac_all": 36.35,
      "avg_popped": 65.26666666666667
    },
    "strong": {
      "bot_name": "strong",
      "runs": 60,
      "clear_rate": 0.75,
      "eac": 30.066666666666666,
      "eac_all": 33.05,
      "avg_popped": 63.06666666666667
    }
  },
  "spec": {
    "target_features": {
      "color_entropy": 1.3789183725740453,
      "max_chain_depth": 7,
      "floating_potential": 1.3380432736454462,
      "density": 0.3530665164328064
    },
    "weights": {
      "color_entropy": 1.0,
      "max_chain_depth": 0.5,
      "floating_potential": 1.0,
      "density": 2.0
    },
    "rows": 8,
    "cols": 10,
    "num_colors": 4,
    "shots_remaining": 14,
    "target_density": 0.3530665164328064,
    "num_seeds": 5
  }
}