{
  "level_id": "L051",
  "board": {
    "rows": 8,
    "cols": 10,
    "num_colors": 4,
    "shots_remaining": 14,
    "seed": 1051,
    "cells": [
      [
        3,
        0,
        0,
        3,
        3,
        0,
        3,
        0,
        2,
        4
      ],
      [
        0,
        0,
        4,
        2,
        0,
        0,
        0,
        1,
        3,
        3
      ],
      [
        0,
        0,
        3,
        1,
        0,
        0,
        0,
        0,
        4,
        4
      ],
      [
        0,
        0,
        0,
        3,
        4,
        0,
        3,
        4,
        0,
        3
      ],
      [
        3,
        1,
        3,
        0,
        1,
        0,
        2,
        4,
        3,
        3
      ],
      [
        4,
        0,
        4,
        1,
        0,
        2,
        3,
        4,
        3,
        1
      ],
      [
        0,
        2,
        0,
        0,
        3,
        2,
        3,
        3,
        1,
        2
      ],
      [
        0,
        1,
        3,
        3,
        3,
        4,
        4,
        1,
        4,
        0
      ]
    ]
  },
  "features": {
    "color_entropy": 1.8607778632805392,
    "max_chain_depth": 6.0,
    "avg_cluster_size": 1.59375,
    "floating_potential": 0.7321428571428571,
    "density": 0.6375,
    "shot_pressure": 0.27450980392156865
  },
  "bots": {
    "weak": {
      "bot_name": "weak",
      "runs": 60,
      "clear_rate": 0.4666666666666667,
      "eac": 31.607142857142858,
      "eac_all": 37.15,
      "avg_popped": 86.15
    },
    "medium": {
      "bot_name": "medium",
      "runs": 60,
      "clear_rate": 0.6166666666666667,
      "eac": 26.45945945945946,
      "eac_all": 32.416666666666664,
      "avg_popped": 81.98333333333333
    },
    "strong": {
      "bot_name": "strong",
      "runs": 60,
      "clear_rate": 0.9166666666666666,
      "eac": 24.745454545454546,
      "eac_all": 26.183333333333334,
      "avg_popped": 76.76666666666667
    }
  },
  "spec": {
    "target_features": {
      "color_entropy": 1.85870726340812,
      "max_chain_depth": 4,
      "floating_potential": 0.7307131395722173,
      "density": 0.6327783266017861
    },
    "weights": {
      "color_entropy": 1.0,
      "max_chain_depth": 0.5,
      "floating_potential": 1.0,
      "density": 2.0
    },
    "rows": 8,
    "cols": 10,
    "num_colors": 4,
    "shots_remaining": 14,
    "target_density": 0.6327783266017861,
    "num_seeds": 6
  }
}