{
  "level_id": "L052",
  "board": {
    "rows": 8,
    "cols": 10,
    "num_colors": 4,
    "shots_remaining": 14,
    "seed": 1052,
    "cells": [
      [
        0,
        1,
        2,
        1,
        1,
        3,
        0,
        0,
        2,
        0
      ],
      [
        0,
        1,
        0,
        0,
        0,
        1,
        0,
        1,
        0,
        0
      ],
      [
        0,
        0,
        1,
        1,
        0,
        4,
        4,
        2,
        0,
        0
      ],
      [
        1,
        2,
        4,
        0,
        0,
        0,
        4,
        3,
        0,
        0
      ],
      [
        1,
        4,
        1,
        0,
        0,
        2,
        1,
        0,
        3,
        0
      ],
      [
        0,
        4,
        2,
        0,
        2,
        0,
        1,
        0,
        1,
        0
      ],
      [
        1,
        1,
        0,
        1,
        1,
        0,
        0,
        0,
        0,
        4
      ],
      [
        1,
        1,
        0,
        0,
        0,
        0,
        0,
        0,
        0,
        0
      ]
    ]
  },
  "features": {
    "color_entropy": 1.6825231410690262,
    "max_chain_depth": 7.0,
    "avg_cluster_size": 1.6818181818181819,
    "floating_potential": 1.2702702702702702,
    "density": 0.4625,
    "shot_pressure": 0.3783783783783784
  },
  "bots": {
    "weak": {
      "bot_name": "weak",
      "runs": 60,
      "clear_rate": 0.5666666666666667,
      "eac": 29.558823529411764,
      "eac_all": 34.95,
      "avg_popped": 70.55
    },
    "medium": {
      "bot_name": "medium",
      "runs": 60,
      "clear_rate": 0.6166666666666667,
      "eac": 23.243243243243242,
      "eac_all": 30.433333333333334,
      "avg_popped": 65.98333333333333
    },
    "strong": {
      "bot_name": "strong",
      "runs": 60,
      "clear_rate": 0.8666666666666667,
      "eac": 25.326923076923077,
      "eac_all": 27.55,
      "avg_popped": 63.983333333333334
    }
  },
  "spec": {
    "target_features": {
      "color_entropy": 1.6968117589513203,
      "max_chain_depth": 4,
      "floating_potential": 1.2912020417753016,
      "density": 0.44744942544284405
    },
    "weights": {
      "color_entropy": 1.0,
      "max_chain_depth": 0.5,
      "floating_potential": 1.0,
      "density": 2.0
    },
    "rows": 8,
    "cols": 10,
    "num_colors": 4,
    "shots_remaining": 14,
    "target_density": 0.44744942544284405,
    "num_seeds": 6
  }
}