{
  "level_id": "L055",
  "board": {
    "rows": 8,
    "cols": 10,
    "num_colors": 4,
    "shots_remaining": 14,
    "seed": 1055,
    "cells": [
      [
        0,
        0,
        1,
        2,
        2,
        1,
        0,
        2,
        0,
        0
      ],
      [
        2,
        4,
        2,
        2,
        3,
        0,
        0,
        0,
        1,
        0
      ],
      [
        0,
        1,
        0,
        0,
        4,
        0,
        0,
        0,
        0,
        2
      ],
      [
        0,
        1,
        0,
        2,
        1,
        2,
        1,
        2,
        1,
        0
      ],
      [
        0,
        4,
        1,
        0,
        0,
        0,
        0,
        4,
        3,
        2
      ],
      [
        0,
        2,
        0,
        0,
        0,
        0,
        0,
        2,
        1,
        2
      ],
      [
        0,
        0,
        0,
        0,
        0,
        0,
        0,
        0,
        0,
        1
      ],
      [
        0,
        0,
        0,
        0,
        0,
        0,
        4,
        0,
        2,
        0
      ]
    ]
  },
  "features": {
    "color_entropy": 1.7029775371289122,
    "max_chain_depth": 7.0,
    "avg_cluster_size": 1.2692307692307692,
    "floating_potential": 0.6071428571428571,
    "density": 0.4125,
    "shot_pressure": 0.42424242424242425
  },
  "bots": {
    "weak": {
      "bot_name": "weak",
      "runs": 60,
      "clear_rate": 0.45,
      "eac": 26.962962962962962,
      "eac_all": 35.233333333333334,
      "avg_popped": 66.01666666666667
    },
    "medium": {
      "bot_name": "medium",
      "runs": 60,
      "clear_rate": 0.5166666666666667,
      "eac": 25.451612903225808,
      "eac_all": 33.45,
      "avg_popped": 64.56666666666666
    },
    "strong": {
      "bot_name": "strong",
      "runs": 60,
      "clear_rate": 0.9333333333333333,
      "eac": 23.410714285714285,
      "eac_all": 24.65,
      "avg_popped": 57.333333333333336
    }
  },
  "spec": {
    "target_features": {
      "color_entropy": 1.6665843035840804,
      "max_chain_depth": 7,
      "floating_potential": 0.5879363922431176,
      "density": 0.3628858998077478
    },
    "weights": {
      "color_entropy": 1.0,
      "max_chain_depth": 0.5,
      "floating_potential": 1.0,
      "density": 2.0
    },
    "rows": 8,
    "cols": 10,
    "num_colors": 4,
    "shots_remaining": 14,
    "target_density": 0.3628858998077478,
    "num_seeds": 7
  }
}