{
  "level_id": "L058",
  "board": {
    "rows": 8,
    "cols": 10,
    "num_colors": 4,
    "shots_remaining": 14,
    "seed": 1058,
    "cells": [
      [
        0,
        4,
        0,
        1,
        4,
        4,
        3,
        4,
        3,
        0
      ],
      [
        0,
        0,
        4,
        1,
        0,
        4,
        4,
        1,
        2,
        0
      ],
      [
        0,
        0,
        0,
        4,
        3,
        4,
        0,
        1,
        4,
        4
      ],
      [
        0,
        1,
        3,
        4,
        1,
        0,
        1,
        3,
        4,
        0
      ],
      [
        0,
        4,
        4,
        1,
        1,
        0,
        0,
        0,
        3,
        4
      ],
      [
        1,
        0,
        2,
        4,
        0,
        0,
        0,
        0,
        1,
        4
      ],
      [
        4,
        0,
        4,
        0,
        4,
        0,
        3,
        1,
        1,
        0
      ],
      [
        4,
        0,
        0,
        0,
        0,
        0,
        0,
        0,
        0,
        0
      ]
    ]
  },
  "features": {
    "color_entropy": 1.644324882267798,
    "max_chain_depth": 7.0,
    "avg_cluster_size": 2.0,
    "floating_potential": 1.213235294117647,
    "density": 0.55,
    "shot_pressure": 0.3181818181818182
  },
  "bots": {
    "weak": {
      "bot_name": "weak",
      "runs": 60,
      "clear_rate": 0.6166666666666667,
      "eac": 26.0,
      "eac_all": 32.13333333333333,
      "avg_popped": 74.73333333333333
    },
    "medium": {
      "bot_name": "medium",
      "runs": 60,
      "clear_rate": 0.7,
      "eac": 20.976190476190474,
      "eac_all": 27.283333333333335,
      "avg_popped": 70.15
    },
    "strong": {
      "bot_name": "strong",
      "runs": 60,
      "clear_rate": 0.9,
      "eac": 18.01851851851852,
      "eac_all": 20.416666666666668,
      "avg_popped": 64.1
    }
  },
  "spec": {
    "target_features": {
      "color_entropy": 1.651206829355551,
      "max_chain_depth": 4,
      "floating_potential": 1.2271244973442221,
      "density": 0.5254188676149446
    },
    "weights": {
      "color_entropy": 1.0,
      "max_chain_depth": 0.5,
      "floating_potential": 1.0,
      "density": 2.0
    },
    "rows": 8,
    "cols": 10,
    "num_colors": 4,
    "shots_remaining": 14,
    "target_density": 0.5254188676149446,
    "num_seeds": 6
  }
}