{
  "level_id": "L060",
  "board": {
    "rows": 8,
    "cols": 10,
    "num_colors": 4,
    "shots_remaining": 14,
    "seed": 1060,
    "cells": [
      [
        0,
        0,
        0,
        0,
        0,
        1,
        0,
        2,
        3,
        0
      ],
      [
        0,
        1,
        2,
        0,
        0,
        3,
        1,
        4,
        4,
        0
      ],
      [
        0,
        0,
        0,
        2,
        0,
        0,
        0,
        2,
        1,
        2
      ],
      [
        0,
        0,
        0,
        2,
        3,
        4,
        1,
        0,
        3,
        1
      ],
      [
        0,
        0,
        0,
        3,
        4,
        3,
        2,
        3,
        3,
        2
      ],
      [
        0,
        0,
        2,
        0,
        4,
        1,
        4,
        3,
        0,
        0
      ],
      [
        0,
        4,
        0,
        0,
        0,
        2,
        0,
        2,
        2,
        1
      ],
      [
        0,
        0,
        0,
        2,
        1,
        0,
        0,
        4,
        4,
        0
      ]
    ]
  },
  "features": {
    "color_entropy": 1.9795858105179467,
    "max_chain_depth": 10.0,
    "avg_cluster_size": 1.3333333333333333,
    "floating_potential": 0.9142857142857143,
    "density": 0.5,
    "shot_pressure": 0.35
  },
  "bots": {
    "weak": {
      "bot_name": "weak",
      "runs": 60,
      "clear_rate": 0.75,
      "eac": 24.755555555555556,
      "eac_all": 29.066666666666666,
      "avg_popped": 68.25
    },
    "medium": {
      "bot_name": "medium",
      "runs": 60,
      "clear_rate": 0.7,
      "eac": 21.19047619047619,
      "eac_all": 27.433333333333334,
      "avg_popped": 66.2
    },
    "strong": {
      "bot_name": "strong",
      "runs": 60,
      "clear_rate": 0.9333333333333333,
      "eac": 21.125,
      "eac_all": 22.516666666666666,
      "avg_popped": 62.233333333333334
    }
  },
  "spec": {
    "target_features": {
      "color_entropy": 1.9940718806577622,
      "max_chain_depth": 10,
      "floating_potential": 0.9096631187013557,
      "density": 0.48959282610803634
    },
    "weights": {
      "color_entropy": 1.0,
      "max_chain_depth": 0.5,
      "floating_potential": 1.0,
      "density": 2.0
    },
    "rows": 8,
    "cols": 10,
    "num_colors": 4,
    "shots_remaining": 14,
    "target_density": 0.48959282610803634,
    "num_seeds": 5
  }
}