{
  "level_id": "L062",
  "board": {
    "rows": 8,
    "cols": 10,
    "num_colors": 4,
    "shots_remaining": 14,
    "seed": 1062,
    "cells": [
      [
        0,
        4,
        2,
        0,
        3,
        0,
        2,
        4,
        0,
        0
      ],
      [
        3,
        1,
        2,
        2,
        0,
        3,
        0,
        0,
        0,
        0
      ],
      [
        0,
        0,
        4,
        0,
        0,
        0,
        3,
        0,
        0,
        0
      ],
      [
        2,
        3,
        1,
        0,
        0,
        3,
        0,
        3,
        4,
        0
      ],
      [
        0,
        2,
        3,
        4,
        2,
        0,
        0,
        0,
        0,
        0
      ],
      [
        2,
        4,
        0,
        2,
        0,
        0,
        0,
        0,
        0,
        0
      ],
      [
        2,
        3,
        2,
        2,
        0,
        0,
        0,
        0,
        0,
        3
      ],
      [
        0,
        3,
        0,
        0,
        0,
        0,
        0,
        2,
        0,
        0
      ]
    ]
  },
  "features": {
    "color_entropy": 1.7603362767133937,
    "max_chain_depth": 9.0,
    "avg_cluster_size": 1.6,
    "floating_potential": 1.6025641025641026,
    "density": 0.4,
    "shot_pressure": 0.4375
  },
  "bots": {
    "weak": {
      "bot_name": "weak",
      "runs": 60,
      "clear_rate": 0.5333333333333333,
      "eac": 28.53125,
      "eac_all": 34.81666666666667,
      "avg_popped": 64.83333333333333
    },
    "medium": {
      "bot_name": "medium",
      "runs": 60,
      "clear_rate": 0.6166666666666667,
      "eac": 28.0,
      "eac_all": 33.36666666666667,
      "avg_popped": 63.7
    },
    "strong": {
      "bot_name": "strong",
      "runs": 60,
      "clear_rate": 0.75,
      "eac": 26.177777777777777,
      "eac_all": 30.133333333333333,
      "avg_popped": 61.233333333333334
    }
  },
  "spec": {
    "target_features": {
      "color_entropy": 1.7462352883542152,
      "max_chain_depth": 9,
      "floating_potential": 1.5806222985506269,
      "density": 0.3613053931431182
    },
    "weights": {
      "color_entropy": 1.0,
      "max_chain_depth": 0.5,
      "floating_potential": 1.0,
      "density": 2.0
    },
    "rows": 8,
    "cols": 10,
    "num_colors": 4,
    "shots_remaining": 14,
    "target_density": 0.3613053931431182,
    "num_seeds": 8
  }
}