{
  "level_id": "L064",
  "board": {
    "rows": 8,
    "cols": 10,
    "num_colors": 4,
    "shots_remaining": 14,
    "seed": 1064,
    "cells": [
      [
        3,
        0,
        2,
        2,
        0,
        0,
        2,
        0,
        0,
        0
      ],
      [
        0,
        2,
        3,
        3,
        0,
        2,
        2,
        0,
        0,
        0
      ],
      [
        3,
        2,
        1,
        1,
        0,
        2,
        0,
        1,
        3,
        0
      ],
      [
        0,
        3,
        0,
        1,
        3,
        3,
        0,
        2,
        3,
        2
      ],
      [
        0,
        1,
        2,
        2,
        0,
        0,
        3,
        0,
        1,
        3
      ],
      [
        0,
        0,
        0,
        2,
        3,
        4,
        4,
        2,
        0,
        0
      ],
      [
        0,
        0,
        1,
        2,
        1,
        2,
        0,
        3,
        0,
        0
      ],
      [
        0,
        2,
        4,
        1,
        2,
        2,
        3,
        2,
        3,
        3
      ]
    ]
  },
  "features": {
    "color_entropy": 1.7574047004525828,
    "max_chain_depth": 6.0,
    "avg_cluster_size": 1.8461538461538463,
    "floating_potential": 1.5833333333333333,
    "density": 0.6,
    "shot_pressure": 0.2916666666666667
  },
  "bots": {
    "weak": {
      "bot_name": "weak",
      "runs": 60,
      "clear_rate": 0.75,
      "eac": 24.466666666666665,
      "eac_all": 28.85,
      "avg_popped": 75.8
    },
    "medium": {
      "bot_name": "medium",
      "runs": 60,
      "clear_rate": 0.5833333333333334,
      "eac": 22.6,
      "eac_all": 30.683333333333334,
      "avg_popped": 76.95
    },
    "strong": {
      "bot_name": "strong",
      "runs": 60,
      "clear_rate": 0.9333333333333333,
      "eac": 18.339285714285715,
      "eac_all": 19.916666666666668,
      "avg_popped": 67.68333333333334
    }
  },
  "spec": {
    "target_features": {
      "color_entropy": 1.6945201442416398,
      "max_chain_depth": 4,
      "floating_potential": 1.5771356016352858,
      "density": 0.5830487050238051
    },
    "weights": {
      "color_entropy": 1.0,
      "max_chain_depth": 0.5,
      "floating_potential": 1.0,
      "density": 2.0
    },
    "rows": 8,
    "cols": 10,
    "num_colors": 4,
    "shots_remaining": 14,
    "target_density": 0.5830487050238051,
    "num_seeds": 6
  }
}