{
  "level_id": "L065",
  "board": {
    "rows": 8,
    "cols": 10,
    "num_colors": 4,
    "shots_remaining": 14,
    "seed": 1065,
    "cells": [
      [
        4,
        2,
        4,
        0,
        0,
        2,
        0,
        0,
        0,
        2
      ],
      [
        2,
        1,
        0,
        4,
        0,
        0,
        0,
        0,
        2,
        2
      ],
      [
        2,
        2,
        4,
        2,
        1,
        1,
        1,
        0,
        0,
        2
      ],
      [
        2,
        2,
        1,
        4,
        0,
        4,
        0,
        0,
        0,
        0
      ],
      [
        4,
        4,
        2,
        4,
        2,
        0,
        0,
        0,
        0,
        0
      ],
      [
        0,
        4,
        1,
        2,
        0,
        0,
        0,
        0,
        0,
        0
      ],
      [
        0,
        0,
        2,
        0,
        2,
        0,
        4,
        0,
        0,
        0
      ],
      [
        0,
        0,
        0,
        0,
        0,
        0,
        0,
        4,
        0,
        0
      ]
    ]
  },
  "features": {
    "color_entropy": 1.4716774936810642,
    "max_chain_depth": 7.0,
    "avg_cluster_size": 1.8421052631578947,
    "floating_potential": 1.1397058823529411,
    "density": 0.4375,
    "shot_pressure": 0.4
  },
  "bots": {
    "weak": {
      "bot_name": "weak",
      "runs": 60,
      "clear_rate": 0.6166666666666667,
      "eac": 27.91891891891892,
      "eac_all": 33.31666666666667,
      "avg_popped": 66.81666666666666
    },
    "medium": {
      "bot_name": "medium",
      "runs": 60,
      "clear_rate": 0.5833333333333334,
      "eac": 26.142857142857142,
      "eac_all": 32.75,
      "avg_popped": 66.01666666666667
    },
    "strong": {
      "bot_name": "strong",
      "runs": 60,
      "clear_rate": 0.9166666666666666,
      "eac": 23.490909090909092,
      "eac_all": 25.033333333333335,
      "avg_popped": 59.71666666666667
    }
  },
  "spec": {
    "target_features": {
      "color_entropy": 1.4033581573479361,
      "max_chain_depth": 5,
      "floating_potential": 1.1753620376000429,
      "density": 0.3990927453316529
    },
    "weights": {
      "color_entropy": 1.0,
      "max_chain_depth": 0.5,
      "floating_potential": 1.0,
      "density": 2.0
    },
    "rows": 8,
    "cols": 10,
    "num_colors": 4,
    "shots_remaining": 14,
    "target_density": 0.3990927453316529,
    "num_seeds": 4
  }
}