{
  "level_id": "L066",
  "board": {
    "rows": 8,
    "cols": 10,
    "num_colors": 4,
    "shots_remaining": 14,
    "seed": 1066,
    "cells": [
      [
        0,
        0,
        0,
        1,
        0,
        0,
        1,
        0,
        0,
        0
      ],
      [
        1,
        4,
        0,
        4,
        1,
        0,
        4,
        0,
        0,
        0
      ],
      [
        0,
        1,
        4,
        1,
        0,
        1,
        2,
        0,
        0,
        1
      ],
      [
        2,
        3,
        0,
        1,
        0,
        0,
        1,
        3,
        2,
        0
      ],
      [
        1,
        0,
        4,
        4,
        2,
        4,
        4,
        4,
        1,
        0
      ],
      [
        0,
        0,
        1,
        3,
        1,
        4,
        0,
        0,
        4,
        0
      ],
      [
        0,
        0,
        4,
        0,
        4,
        1,
        3,
        0,
        0,
        0
      ],
      [
        0,
        1,
        0,
        0,
        1,
        0,
        4,
        1,
        0,
        0
      ]
    ]
  },
  "features": {
    "color_entropy": 1.7128876215181605,
    "max_chain_depth": 10.0,
    "avg_cluster_size": 1.3333333333333333,
    "floating_potential": 0.6776315789473685,
    "density": 0.5,
    "shot_pressure": 0.35
  },
  "bots": {
    "weak": {
      "bot_name": "weak",
      "runs": 60,
      "clear_rate": 0.6333333333333333,
      "eac": 27.07894736842105,
      "eac_all": 32.55,
      "avg_popped": 71.08333333333333
    },
    "medium": {
      "bot_name": "medium",
      "runs": 60,
      "clear_rate": 0.65,
      "eac": 24.871794871794872,
      "eac_all": 30.866666666666667,
      "avg_popped": 69.48333333333333
    },
    "strong": {
      "bot_name": "strong",
      "runs": 60,
      "clear_rate": 0.9,
      "eac": 17.35185185185185,
      "eac_all": 19.816666666666666,
      "avg_popped": 59.36666666666667
    }
  },
  "spec": {
    "target_features": {
      "color_entropy": 1.3017573117828825,
      "max_chain_depth": 10,
      "floating_potential": 0.43971120218039017,
      "density": 0.4092303965092887
    },
    "weights": {
      "color_entropy": 1.0,
      "max_chain_depth": 0.5,
      "floating_potential": 1.0,
      "density": 2.0
    },
    "rows": 8,
    "cols": 10,
    "num_colors": 4,
    "shots_remaining": 14,
    "target_density": 0.4092303965092887,
    "num_seeds": 8
  }
}