{
  "level_id": "L067",
  "board": {
    "rows": 8,
    "cols": 10,
    "num_colors": 4,
    "shots_remaining": 14,
    "seed": 1067,
    "cells": [
      [
        0,
        3,
        3,
        3,
        3,
        0,
        3,
        4,
        0,
        4
      ],
      [
        3,
        3,
        0,
        2,
        1,
        3,
        4,
        2,
        1,
        0
      ],
      [
        4,
        1,
        3,
        4,
        4,
        4,
        1,
        0,
        0,
        0
      ],
      [
        0,
        1,
        3,
        0,
        4,
        3,
        0,
        0,
        0,
        0
      ],
      [
        4,
        2,
        4,
        4,
        0,
        0,
        4,
        0,
        0,
        0
      ],
      [
        1,
        0,
        4,
        4,
        3,
        3,
        0,
        4,
        0,
        0
      ],
      [
        0,
        3,
        0,
        0,
        2,
        0,
        1,
        4,
        0,
        0
      ],
      [
        0,
        0,
        0,
        0,
        0,
        4,
        0,
        0,
        0,
        0
      ]
    ]
  },
  "features": {
    "color_entropy": 1.81038119267244,
    "max_chain_depth": 11.0,
    "avg_cluster_size": 1.75,
    "floating_potential": 1.3017241379310345,
    "density": 0.525,
    "shot_pressure": 0.3333333333333333
  },
  "bots": {
    "weak": {
      "bot_name": "weak",
      "runs": 60,
      "clear_rate": 0.8166666666666667,
      "eac": 20.285714285714285,
      "eac_all": 24.266666666666666,
      "avg_popped": 65.5
    },
    "medium": {
      "bot_name": "medium",
      "runs": 60,
      "clear_rate": 0.9166666666666666,
      "eac": 9.981818181818182,
      "eac_all": 12.65,
      "avg_popped": 54.25
    },
    "strong": {
      "bot_name": "strong",
      "runs": 60,
      "clear_rate": 1.0,
      "eac": 7.133333333333334,
      "eac_all": 7.133333333333334,
      "avg_popped": 49.13333333333333
    }
  },
  "spec": {
    "target_features": {
      "color_entropy": 1.8092616926519178,
      "max_chain_depth": 11,
      "floating_potential": 1.2939853952960414,
      "density": 0.5090107808182972
    },
    "weights": {
      "color_entropy": 1.0,
      "max_chain_depth": 0.5,
      "floating_potential": 1.0,
      "density": 2.0
    },
    "rows": 8,
    "cols": 10,
    "num_colors": 4,
    "shots_remaining": 14,
    "target_density": 0.5090107808182972,
    "num_seeds": 7
  }
}