{
  "level_id": "L079",
  "board": {
    "rows": 8,
    "cols": 10,
    "num_colors": 4,
    "shots_remaining": 14,
    "seed": 1079,
    "cells": [
      [
        2,
        1,
        2,
        0,
        0,
        0,
        3,
        2,
        2,
        2
      ],
      [
        0,
        3,
        0,
        0,
        2,
        0,
        0,
        2,
        1,
        3
      ],
      [
        2,
        3,
        0,
        0,
        4,
        0,
        0,
        1,
        3,
        2
      ],
      [
        2,
        3,
        2,
        1,
        2,
        0,
        0,
        0,
        2,
        2
      ],
      [
        2,
        1,
        3,
        1,
        3,
        3,
        0,
        3,
        2,
        2
      ],
      [
        2,
        2,
        1,
        2,
        0,
        2,
        1,
        0,
        0,
        2
      ],
      [
        3,
        3,
        3,
        4,
        0,
        0,
        0,
        0,
        0,
        0
      ],
      [
        2,
        2,
        2,
        3,
        0,
        0,
        0,
        0,
        0,
        0
      ]
    ]
  },
  "features": {
    "color_entropy": 1.6269675246626658,
    "max_chain_depth": 7.0,
    "avg_cluster_size": 1.8148148148148149,
    "floating_potential": 0.8,
    "density": 0.6125,
    "shot_pressure": 0.2857142857142857
  },
  "bots": {
    "weak": {
      "bot_name": "weak",
      "runs": 60,
      "clear_rate": 0.55,
      "eac": 29.303030303030305,
      "eac_all": 35.016666666666666,
      "avg_popped": 82.08333333333333
    },
    "medium": {
      "bot_name": "medium",
      "runs": 60,
      "clear_rate": 0.6833333333333333,
      "eac": 25.390243902439025,
      "eac_all": 30.65,
      "avg_popped": 78.08333333333333
    },
    "strong": {
      "bot_name": "strong",
      "runs": 60,
      "clear_rate": 0.9166666666666666,
      "eac": 22.581818181818182,
      "eac_all": 24.2,
      "avg_popped": 72.85
    }
  },
  "spec": {
    "target_features": {
      "color_entropy": 1.3576353135768064,
      "max_chain_depth": 7,
      "floating_potential": 0.6895274607018327,
      "density": 0.6355168734168928
    },
    "weights": {
      "color_entropy": 1.0,
      "max_chain_depth": 0.5,
      "floating_potential": 1.0,
      "density": 2.0
    },
    "rows": 8,
    "cols": 10,
    "num_colors": 4,
    "shots_remaining": 14,
    "target_density": 0.6355168734168928,
    "num_seeds": 5
  }
}