{
  "level_id": "L080",
  "board": {
    "rows": 8,
    "cols": 10,
    "num_colors": 4,
    "shots_remaining": 14,
    "seed": 1080,
    "cells": [
      [
        0,
        0,
        2,
        0,
        0,
        2,
        2,
        3,
        2,
        2
      ],
      [
        2,
        0,
        2,
        0,
        0,
        2,
        2,
        1,
        2,
        0
      ],
      [
        0,
        2,
        2,
        0,
        0,
        3,
        0,
        1,
        1,
        1
      ],
      [
        0,
        3,
        0,
        0,
        2,
        0,
        0,
        0,
        2,
        0
      ],
      [
        2,
        1,
        0,
        1,
        0,
        2,
        2,
        0,
        0,
        3
      ],
      [
        0,
        2,
        3,
        2,
        2,
        1,
        0,
        0,
        0,
        0
      ],
      [
        0,
        2,
        2,
        1,
        3,
        1,
        1,
        2,
        0,
        0
      ],
      [
        2,
        2,
        0,
        0,
        2,
        0,
        1,
        0,
        0,
        0
      ]
    ]
  },
  "features": {
    "color_entropy": 1.3384750923531303,
    "max_chain_depth": 7.0,
    "avg_cluster_size": 2.15,
    "floating_potential": 1.4852941176470589,
    "density": 0.5375,
    "shot_pressure": 0.32558139534883723
  },
  "bots": {
    "weak": {
      "bot_name": "weak",
      "runs": 60,
      "clear_rate": 0.6333333333333333,
      "eac": 24.894736842105264,
      "eac_all": 31.166666666666668,
      "avg_popped": 72.61666666666666
    },
    "medium": {
      "bot_name": "medium",
      "runs": 60,
      "clear_rate": 0.7,
      "eac": 22.071428571428573,
      "eac_all": 28.05,
      "avg_popped": 69.88333333333334
    },
    "strong": {
      "bot_name": "strong",
      "runs": 60,
      "clear_rate": 0.9333333333333333,
      "eac": 19.0,
      "eac_all": 20.533333333333335,
      "avg_popped": 63.3
    }
  },
  "spec": {
    "target_features": {
      "color_entropy": 1.2365599052275573,
      "max_chain_depth": 7,
      "floating_potential": 1.4766930420797504,
      "density": 0.5806416107860181
    },
    "weights": {
      "color_entropy": 1.0,
      "max_chain_depth": 0.5,
      "floating_potential": 1.0,
      "density": 2.0
    },
    "rows": 8,
    "cols": 10,
    "num_colors": 4,
    "shots_remaining": 14,
    "target_density": 0.5806416107860181,
    "num_seeds": 7
  }
}