{
  "level_id": "L081",
  "board": {
    "rows": 8,
    "cols": 10,
    "num_colors": 4,
    "shots_remaining": 14,
    "seed": 1081,
    "cells": [
      [
        4,
        0,
        0,
        1,
        1,
        1,
        2,
        0,
        0,
        1
      ],
      [
        1,
        1,
        0,
        0,
        2,
        4,
        0,
        0,
        4,
        0
      ],
      [
        0,
        1,
        0,
        2,
        4,
        0,
        0,
        0,
        0,
        0
      ],
      [
        2,
        0,
        0,
        4,
        1,
        0,
        0,
        1,
        0,
        0
      ],
      [
        0,
        1,
        1,
        3,
        2,
        1,
        1,
        3,
        4,
        2
      ],
      [
        0,
        4,
        4,
        1,
        4,
        1,
        4,
        0,
        0,
        1
      ],
      [
        4,
        4,
        0,
        1,
        0,
        3,
        4,
        1,
        0,
        0
      ],
      [
        4,
        2,
        1,
        1,
        0,
        2,
        0,
        0,
        0,
        0
      ]
    ]
  },
  "features": {
    "color_entropy": 1.7474882450248488,
    "max_chain_depth": 7.0,
    "avg_cluster_size": 1.6071428571428572,
    "floating_potential": 0.8787878787878788,
    "density": 0.5625,
    "shot_pressure": 0.3111111111111111
  },
  "bots": {
    "weak": {
      "bot_name": "weak",
      "runs": 60,
      "clear_rate": 0.45,
      "eac": 26.77777777777778,
      "eac_all": 35.15,
      "avg_popped": 77.85
    },
    "medium": {
      "bot_name": "medium",
      "runs": 60,
      "clear_rate": 0.65,
      "eac": 25.205128205128204,
      "eac_all": 31.083333333333332,
      "avg_popped": 74.63333333333334
    },
    "strong": {
      "bot_name": "strong",
      "runs": 60,
      "clear_rate": 0.8666666666666667,
      "eac": 22.596153846153847,
      "eac_all": 25.183333333333334,
      "avg_popped": 69.53333333333333
    }
  },
  "spec": {
    "target_features": {
      "color_entropy": 1.751943557670017,
      "max_chain_depth": 6,
      "floating_potential": 0.8920807850278929,
      "density": 0.5610129054505806
    },
    "weights": {
      "color_entropy": 1.0,
      "max_chain_depth": 0.5,
      "floating_potential": 1.0,
      "density": 2.0
    },
    "rows": 8,
    "cols": 10,
    "num_colors": 4,
    "shots_remaining": 14,
    "target_density": 0.5610129054505806,
    "num_seeds": 5
  }
}