{
  "level_id": "L082",
  "board": {
    "rows": 8,
    "cols": 10,
    "num_colors": 4,
    "shots_remaining": 14,
    "seed": 1082,
    "cells": [
      [
        0,
        2,
        0,
        0,
        0,
        2,
        2,
        2,
        4,
        0
      ],
      [
        0,
        0,
        0,
        0,
        4,
        1,
        0,
        1,
        2,
        0
      ],
      [
        0,
        0,
        0,
        0,
        1,
        4,
        1,
        1,
        0,
        3
      ],
      [
        0,
        2,
        2,
        0,
        0,
        1,
        2,
        4,
        1,
        2
      ],
      [
        0,
        0,
        1,
        2,
        4,
        2,
        4,
        2,
        4,
        2
      ],
      [
        0,
        0,
        0,
        2,
        0,
        0,
        3,
        2,
        2,
        0
      ],
      [
        0,
        0,
        0,
        0,
        0,
        0,
        0,
        2,
        0,
        1
      ],
      [
        0,
        0,
        0,
        0,
        0,
        0,
        0,
        2,
        1,
        0
      ]
    ]
  },
  "features": {
    "color_entropy": 1.6978475432170992,
    "max_chain_depth": 11.0,
    "avg_cluster_size": 2.0555555555555554,
    "floating_potential": 1.4137931034482758,
    "density": 0.4625,
    "shot_pressure": 0.3783783783783784
  },
  "bots": {
    "weak": {
      "bot_name": "weak",
      "runs": 60,
      "clear_rate": 0.6166666666666667,
      "eac": 25.83783783783784,
      "eac_all": 32.03333333333333,
      "avg_popped": 67.61666666666666
    },
    "medium": {
      "bot_name": "medium",
      "runs": 60,
      "clear_rate": 0.7333333333333333,
      "eac": 26.295454545454547,
      "eac_all": 30.483333333333334,
      "avg_popped": 66.25
    },
    "strong": {
      "bot_name": "strong",
      "runs": 60,
      "clear_rate": 0.9333333333333333,
      "eac": 22.446428571428573,
      "eac_all": 23.75,
      "avg_popped": 60.583333333333336
    }
  },
  "spec": {
    "target_features": {
      "color_entropy": 1.7020931804793396,
      "max_chain_depth": 11,
      "floating_potential": 1.4307587492178282,
      "density": 0.4570811536610657
    },
    "weights": {
      "color_entropy": 1.0,
      "max_chain_depth": 0.5,
      "floating_potential": 1.0,
      "density": 2.0
    },
    "rows": 8,
    "cols": 10,
    "num_colors": 4,
    "shots_remaining": 14,
    "target_density": 0.4570811536610657,
    "num_seeds": 6
  }
}