{
  "level_id": "L084",
  "board": {
    "rows": 8,
    "cols": 10,
    "num_colors": 4,
    "shots_remaining": 14,
    "seed": 1084,
    "cells": [
      [
        4,
        4,
        1,
        4,
        4,
        4,
        3,
        2,
        1,
        0
      ],
      [
        1,
        3,
        4,
        3,
        4,
        1,
        0,
        3,
        4,
        0
      ],
      [
        0,
        4,
        3,
        4,
        4,
        1,
        4,
        3,
        1,
        0
      ],
      [
        2,
        1,
        3,
        3,
        4,
        2,
        0,
        0,
        2,
        0
      ],
      [
        3,
        3,
        3,
        4,
        4,
        4,
        1,
        0,
        0,
        4
      ],
      [
        2,
        3,
        3,
        4,
        4,
        4,
        3,
        0,
        1,
        0
      ],
      [
        0,
        0,
        4,
        2,
        4,
        3,
        3,
        2,
        4,
        0
      ],
      [
        0,
        0,
        0,
        3,
        4,
        3,
        1,
        0,
        0,
        0
      ]
    ]
  },
  "features": {
    "color_entropy": 1.8492783807763118,
    "max_chain_depth": 11.0,
    "avg_cluster_size": 1.9666666666666666,
    "floating_potential": 0.4473684210526316,
    "density": 0.7375,
    "shot_pressure": 0.23728813559322035
  },
  "bots": {
    "weak": {
      "bot_name": "weak",
      "runs": 60,
      "clear_rate": 0.65,
      "eac": 25.23076923076923,
      "eac_all": 31.1,
      "avg_popped": 88.71666666666667
    },
    "medium": {
      "bot_name": "medium",
      "runs": 60,
      "clear_rate": 0.65,
      "eac": 26.82051282051282,
      "eac_all": 32.13333333333333,
      "avg_popped": 89.6
    },
    "strong": {
      "bot_name": "strong",
      "runs": 60,
      "clear_rate": 0.8666666666666667,
      "eac": 24.51923076923077,
      "eac_all": 26.85,
      "avg_popped": 85.33333333333333
    }
  },
  "spec": {
    "target_features": {
      "color_entropy": 1.8453223869280813,
      "max_chain_depth": 11,
      "floating_potential": 0.41910233508111516,
      "density": 0.5980139434368241
    },
    "weights": {
      "color_entropy": 1.0,
      "max_chain_depth": 0.5,
      "floating_potential": 1.0,
      "density": 2.0
    },
    "rows": 8,
    "cols": 10,
    "num_colors": 4,
    "shots_remaining": 14,
    "target_density": 0.5980139434368241,
    "num_seeds": 6
  }
}