{
  "level_id": "L086",
  "board": {
    "rows": 8,
    "cols": 10,
    "num_colors": 4,
    "shots_remaining": 14,
    "seed": 1086,
    "cells": [
      [
        0,
        3,
        2,
        0,
        1,
        0,
        1,
        0,
        3,
        0
      ],
      [
        1,
        4,
        3,
        4,
        1,
        0,
        0,
        2,
        1,
        1
      ],
      [
        0,
        1,
        4,
        0,
        1,
        2,
        0,
        2,
        3,
        0
      ],
      [
        0,
        1,
        3,
        0,
        3,
        0,
        2,
        4,
        1,
        0
      ],
      [
        0,
        3,
        4,
        0,
        0,
        1,
        0,
        0,
        2,
        3
      ],
      [
        4,
        3,
        1,
        4,
        4,
        0,
        0,
        0,
        1,
        3
      ],
      [
        1,
        1,
        2,
        0,
        0,
        0,
        0,
        3,
        1,
        0
      ],
      [
        0,
        0,
        0,
        0,
        0,
        0,
        0,
        0,
        0,
        0
      ]
    ]
  },
  "features": {
    "color_entropy": 1.9231452261260578,
    "max_chain_depth": 5.0,
    "avg_cluster_size": 1.4482758620689655,
    "floating_potential": 0.9632352941176471,
    "density": 0.525,
    "shot_pressure": 0.3333333333333333
  },
  "bots": {
    "weak": {
      "bot_name": "weak",
      "runs": 60,
      "clear_rate": 0.7,
      "eac": 27.452380952380953,
      "eac_all": 31.816666666666666,
      "avg_popped": 72.5
    },
    "medium": {
      "bot_name": "medium",
      "runs": 60,
      "clear_rate": 0.6333333333333333,
      "eac": 24.94736842105263,
      "eac_all": 31.2,
      "avg_popped": 71.75
    },
    "strong": {
      "bot_name": "strong",
      "runs": 60,
      "clear_rate": 0.8166666666666667,
      "eac": 25.367346938775512,
      "eac_all": 28.416666666666668,
      "avg_popped": 69.58333333333333
    }
  },
  "spec": {
    "target_features": {
      "color_entropy": 1.9213106890613005,
      "max_chain_depth": 4,
      "floating_potential": 0.9493262075735748,
      "density": 0.5111392451989147
    },
    "weights": {
      "color_entropy": 1.0,
      "max_chain_depth": 0.5,
      "floating_potential": 1.0,
      "density": 2.0
    },
    "rows": 8,
    "cols": 10,
    "num_colors": 4,
    "shots_remaining": 14,
    "target_density": 0.5111392451989147,
    "num_seeds": 7
  }
}