{
  "level_id": "L087",
  "board": {
    "rows": 8,
    "cols": 10,
    "num_colors": 4,
    "shots_remaining": 14,
    "seed": 1087,
    "cells": [
      [
        0,
        3,
        0,
        0,
        3,
        0,
        0,
        0,
        3,
        3
      ],
      [
        4,
        0,
        0,
        4,
        0,
        0,
        1,
        3,
        3,
        3
      ],
      [
        0,
        0,
        0,
        3,
        0,
        0,
        0,
        0,
        3,
        3
      ],
      [
        0,
        0,
        0,
        4,
        3,
        0,
        3,
        1,
        4,
        4
      ],
      [
        3,
        0,
        1,
        3,
        0,
        1,
        4,
        4,
        3,
        3
      ],
      [
        0,
        3,
        4,
        3,
        3,
        4,
        3,
        3,
        0,
        4
      ],
      [
        0,
        4,
        1,
        4,
        3,
        3,
        1,
        4,
        0,
        3
      ],
      [
        0,
        0,
        3,
        4,
        1,
        1,
        3,
        3,
        0,
        3
      ]
    ]
  },
  "features": {
    "color_entropy": 1.4056780552463373,
    "max_chain_depth": 11.0,
    "avg_cluster_size": 1.7857142857142858,
    "floating_potential": 0.7583333333333333,
    "density": 0.625,
    "shot_pressure": 0.28
  },
  "bots": {
    "weak": {
      "bot_name": "weak",
      "runs": 60,
      "clear_rate": 0.36666666666666664,
      "eac": 28.545454545454547,
      "eac_all": 37.06666666666667,
      "avg_popped": 84.31666666666666
    },
    "medium": {
      "bot_name": "medium",
      "runs": 60,
      "clear_rate": 0.7,
      "eac": 22.047619047619047,
      "eac_all": 28.033333333333335,
      "avg_popped": 76.91666666666667
    },
    "strong": {
      "bot_name": "strong",
      "runs": 60,
      "clear_rate": 0.95,
      "eac": 20.280701754385966,
      "eac_all": 21.366666666666667,
      "avg_popped": 71.13333333333334
    }
  },
  "spec": {
    "target_features": {
      "color_entropy": 1.2967394285293115,
      "max_chain_depth": 11,
      "floating_potential": 0.7558934448319343,
      "density": 0.5739527834879359
    },
    "weights": {
      "color_entropy": 1.0,
      "max_chain_depth": 0.5,
      "floating_potential": 1.0,
      "density": 2.0
    },
    "rows": 8,
    "cols": 10,
    "num_colors": 4,
    "shots_remaining": 14,
    "target_density": 0.5739527834879359,
    "num_seeds": 7
  }
}