{
  "level_id": "L088",
  "board": {
    "rows": 8,
    "cols": 10,
    "num_colors": 4,
    "shots_remaining": 14,
    "seed": 1088,
    "cells": [
      [
        0,
        0,
        0,
        4,
        2,
        4,
        2,
        2,
        2,
        4
      ],
      [
        2,
        0,
        0,
        2,
        4,
        4,
        0,
        2,
        2,
        0
      ],
      [
        4,
        0,
        0,
        2,
        2,
        2,
        4,
        2,
        2,
        1
      ],
      [
        2,
        3,
        4,
        1,
        4,
        1,
        1,
        4,
        4,
        2
      ],
      [
        0,
        4,
        0,
        0,
        0,
        1,
        4,
        4,
        4,
        2
      ],
      [
        4,
        0,
        0,
        2,
        2,
        3,
        0,
        0,
        4,
        2
      ],
      [
        0,
        2,
        4,
        4,
        0,
        0,
        4,
        2,
        2,
        2
      ],
      [
        0,
        4,
        2,
        1,
        0,
        0,
        0,
        2,
        2,
        0
      ]
    ]
  },
  "features": {
    "color_entropy": 1.563907467081945,
    "max_chain_depth": 9.0,
    "avg_cluster_size": 2.2916666666666665,
    "floating_potential": 1.49,
    "density": 0.6875,
    "shot_pressure": 0.2545454545454545
  },
  "bots": {
    "weak": {
      "bot_name": "weak",
      "runs": 60,
      "clear_rate": 0.6,
      "eac": 28.833333333333332,
      "eac_all": 34.1,
      "avg_popped": 87.31666666666666
    },
    "medium": {
      "bot_name": "medium",
      "runs": 60,
      "clear_rate": 0.55,
      "eac": 25.545454545454547,
      "eac_all": 32.95,
      "avg_popped": 86.21666666666667
    },
    "strong": {
      "bot_name": "strong",
      "runs": 60,
      "clear_rate": 0.8166666666666667,
      "eac": 23.428571428571427,
      "eac_all": 26.833333333333332,
      "avg_popped": 81.01666666666667
    }
  },
  "spec": {
    "target_features": {
      "color_entropy": 1.2283053128851993,
      "max_chain_depth": 9,
      "floating_potential": 1.5400639916874401,
      "density": 0.6331858454313894
    },
    "weights": {
      "color_entropy": 1.0,
      "max_chain_depth": 0.5,
      "floating_potential": 1.0,
      "density": 2.0
    },
    "rows": 8,
    "cols": 10,
    "num_colors": 4,
    "shots_remaining": 14,
    "target_density": 0.6331858454313894,
    "num_seeds": 4
  }
}