{
  "level_id": "L090",
  "board": {
    "rows": 8,
    "cols": 10,
    "num_colors": 4,
    "shots_remaining": 14,
    "seed": 1090,
    "cells": [
      [
        3,
        0,
        1,
        3,
        3,
        2,
        0,
        1,
        3,
        0
      ],
      [
        4,
        0,
        1,
        4,
        1,
        3,
        2,
        0,
        1,
        0
      ],
      [
        1,
        0,
        0,
        3,
        0,
        0,
        4,
        0,
        0,
        0
      ],
      [
        0,
        0,
        0,
        3,
        0,
        0,
        0,
        0,
        2,
        0
      ],
      [
        0,
        0,
        0,
        0,
        0,
        0,
        0,
        0,
        1,
        3
      ],
      [
        3,
        0,
        1,
        0,
        0,
        0,
        0,
        3,
        0,
        0
      ],
      [
        1,
        0,
        4,
        0,
        0,
        0,
        0,
        0,
        4,
        1
      ],
      [
        1,
        0,
        0,
        0,
        0,
        0,
        0,
        0,
        0,
        3
      ]
    ]
  },
  "features": {
    "color_entropy": 1.8244898093878246,
    "max_chain_depth": 15.0,
    "avg_cluster_size": 1.1538461538461537,
    "floating_potential": 1.4276315789473684,
    "density": 0.375,
    "shot_pressure": 0.4666666666666667
  },
  "bots": {
    "weak": {
      "bot_name": "weak",
      "runs": 60,
      "clear_rate": 0.48333333333333334,
      "eac": 30.586206896551722,
      "eac_all": 36.483333333333334,
      "avg_popped": 64.55
    },
    "medium": {
      "bot_name": "medium",
      "runs": 60,
      "clear_rate": 0.4166666666666667,
      "eac": 28.48,
      "eac_all": 36.36666666666667,
      "avg_popped": 64.05
    },
    "strong": {
      "bot_name": "strong",
      "runs": 60,
      "clear_rate": 0.7666666666666667,
      "eac": 26.456521739130434,
      "eac_all": 30.083333333333332,
      "avg_popped": 59.2
    }
  },
  "spec": {
    "target_features": {
      "color_entropy": 1.7863905078762472,
      "max_chain_depth": 10,
      "floating_potential": 1.4161231443468334,
      "density": 0.35703148348595487
    },
    "weights": {
      "color_entropy": 1.0,
      "max_chain_depth": 0.5,
      "floating_potential": 1.0,
      "density": 2.0
    },
    "rows": 8,
    "cols": 10,
    "num_colors": 4,
    "shots_remaining": 14,
    "target_density": 0.35703148348595487,
    "num_seeds": 4
  }
}