{
  "level_id": "L091",
  "board": {
    "rows": 8,
    "cols": 10,
    "num_colors": 4,
    "shots_remaining": 14,
    "seed": 1091,
    "cells": [
      [
        0,
        4,
        0,
        3,
        0,
        0,
        0,
        3,
        0,
        0
      ],
      [
        0,
        1,
        1,
        1,
        0,
        4,
        1,
        0,
        1,
        0
      ],
      [
        1,
        3,
        0,
        0,
        0,
        3,
        3,
        0,
        3,
        0
      ],
      [
        1,
        0,
        2,
        1,
        1,
        3,
        1,
        2,
        1,
        1
      ],
      [
        0,
        1,
        3,
        1,
        1,
        1,
        4,
        0,
        4,
        1
      ],
      [
        3,
        4,
        1,
        3,
        3,
        4,
        0,
        3,
        1,
        1
      ],
      [
        0,
        0,
        4,
        3,
        3,
        1,
        1,
        1,
        0,
        0
      ],
      [
        4,
        1,
        0,
        3,
        3,
        1,
        0,
        0,
        0,
        0
      ]
    ]
  },
  "features": {
    "color_entropy": 1.6313193665917287,
    "max_chain_depth": 10.0,
    "avg_cluster_size": 1.9615384615384615,
    "floating_potential": 1.3055555555555556,
    "density": 0.6375,
    "shot_pressure": 0.27450980392156865
  },
  "bots": {
    "weak": {
      "bot_name": "weak",
      "runs": 60,
      "clear_rate": 0.48333333333333334,
      "eac": 29.275862068965516,
      "eac_all": 35.85,
      "avg_popped": 84.66666666666667
    },
    "medium": {
      "bot_name": "medium",
      "runs": 60,
      "clear_rate": 0.65,
      "eac": 23.358974358974358,
      "eac_all": 29.883333333333333,
      "avg_popped": 79.53333333333333
    },
    "strong": {
      "bot_name": "strong",
      "runs": 60,
      "clear_rate": 0.9666666666666667,
      "eac": 23.586206896551722,
      "eac_all": 24.2,
      "avg_popped": 75.03333333333333
    }
  },
  "spec": {
    "target_features": {
      "color_entropy": 1.615513788098436,
      "max_chain_depth": 10,
      "floating_potential": 1.3044525505251476,
      "density": 0.6388828001870092
    },
    "weights": {
      "color_entropy": 1.0,
      "max_chain_depth": 0.5,
      "floating_potential": 1.0,
      "density": 2.0
    },
    "rows": 8,
    "cols": 10,
    "num_colors": 4,
    "shots_remaining": 14,
    "target_density": 0.6388828001870092,
    "num_seeds": 8
  }
}