{
  "level_id": "L094",
  "board": {
    "rows": 8,
    "cols": 10,
    "num_colors": 4,
    "shots_remaining": 14,
    "seed": 1094,
    "cells": [
      [
        0,
        1,
        3,
        3,
        2,
        0,
        1,
        3,
        1,
        0
      ],
      [
        0,
        2,
        3,
        1,
        0,
        3,
        2,
        3,
        2,
        0
      ],
      [
        3,
        3,
        1,
        2,
        0,
        2,
        1,
        2,
        1,
        0
      ],
      [
        1,
        2,
        3,
        0,
        0,
        1,
        3,
        3,
        1,
        3
      ],
      [
        3,
        0,
        1,
        0,
        0,
        3,
        2,
        3,
        3,
        2
      ],
      [
        0,
        0,
        0,
        0,
        0,
        0,
        2,
        0,
        4,
        0
      ],
      [
        0,
        0,
        3,
        2,
        3,
        1,
        1,
        3,
        1,
        0
      ],
      [
        0,
        0,
        1,
        0,
        0,
        1,
        3,
        0,
        0,
        0
      ]
    ]
  },
  "features": {
    "color_entropy": 1.666585111331512,
    "max_chain_depth": 8.0,
    "avg_cluster_size": 1.4,
    "floating_potential": 0.5803571428571429,
    "density": 0.6125,
    "shot_pressure": 0.2857142857142857
  },
  "bots": {
    "weak": {
      "bot_name": "weak",
      "runs": 60,
      "clear_rate": 0.5333333333333333,
      "eac": 31.25,
      "eac_all": 36.266666666666666,
      "avg_popped": 83.21666666666667
    },
    "medium": {
      "bot_name": "medium",
      "runs": 60,
      "clear_rate": 0.45,
      "eac": 30.51851851851852,
      "eac_all": 36.833333333333336,
      "avg_popped": 83.68333333333334
    },
    "strong": {
      "bot_name": "strong",
      "runs": 60,
      "clear_rate": 0.8333333333333334,
      "eac": 28.66,
      "eac_all": 30.883333333333333,
      "avg_popped": 79.21666666666667
    }
  },
  "spec": {
    "target_features": {
      "color_entropy": 1.551934475837408,
      "max_chain_depth": 8,
      "floating_potential": 0.4678393426876239,
      "density": 0.5376847713744232
    },
    "weights": {
      "color_entropy": 1.0,
      "max_chain_depth": 0.5,
      "floating_potential": 1.0,
      "density": 2.0
    },
    "rows": 8,
    "cols": 10,
    "num_colors": 4,
    "shots_remaining": 14,
    "target_density": 0.5376847713744232,
    "num_seeds": 6
  }
}