{
  "level_id": "L097",
  "board": {
    "rows": 8,
    "cols": 10,
    "num_colors": 4,
    "shots_remaining": 14,
    "seed": 1097,
    "cells": [
      [
        2,
        3,
        0,
        3,
        0,
        0,
        0,
        2,
        2,
        1
      ],
      [
        0,
        0,
        1,
        0,
        2,
        1,
        4,
        1,
        0,
        2
      ],
      [
        0,
        3,
        1,
        3,
        3,
        4,
        2,
        2,
        2,
        0
      ],
      [
        0,
        0,
        3,
        1,
        1,
        0,
        1,
        4,
        2,
        0
      ],
      [
        0,
        1,
        1,
        0,
        0,
        0,
        2,
        1,
        4,
        0
      ],
      [
        0,
        4,
        2,
        2,
        3,
        0,
        1,
        2,
        1,
        0
      ],
      [
        0,
        0,
        0,
        0,
        0,
        2,
        2,
        0,
        1,
        0
      ],
      [
        0,
        0,
        0,
        0,
        0,
        3,
        0,
        3,
        0,
        0
      ]
    ]
  },
  "features": {
    "color_entropy": 1.8903277005078687,
    "max_chain_depth": 8.0,
    "avg_cluster_size": 1.5357142857142858,
    "floating_potential": 1.4516129032258065,
    "density": 0.5375,
    "shot_pressure": 0.32558139534883723
  },
  "bots": {
    "weak": {
      "bot_name": "weak",
      "runs": 60,
      "clear_rate": 0.7166666666666667,
      "eac": 27.46511627906977,
      "eac_all": 31.583333333333332,
      "avg_popped": 73.28333333333333
    },
    "medium": {
      "bot_name": "medium",
      "runs": 60,
      "clear_rate": 0.6333333333333333,
      "eac": 24.710526315789473,
      "eac_all": 31.05,
      "avg_popped": 72.55
    },
    "strong": {
      "bot_name": "strong",
      "runs": 60,
      "clear_rate": 0.9333333333333333,
      "eac": 21.839285714285715,
      "eac_all": 23.183333333333334,
      "avg_popped": 65.9
    }
  },
  "spec": {
    "target_features": {
      "color_entropy": 1.749384275358604,
      "max_chain_depth": 7,
      "floating_potential": 1.486620822407085,
      "density": 0.4590287379337205
    },
    "weights": {
      "color_entropy": 1.0,
      "max_chain_depth": 0.5,
      "floating_potential": 1.0,
      "density": 2.0
    },
    "rows": 8,
    "cols": 10,
    "num_colors": 4,
    "shots_remaining": 14,
    "target_density": 0.4590287379337205,
    "num_seeds": 4
  }
}