{
  "level_id": "L099",
  "board": {
    "rows": 8,
    "cols": 10,
    "num_colors": 4,
    "shots_remaining": 14,
    "seed": 1099,
    "cells": [
      [
        1,
        1,
        0,
        4,
        4,
        0,
        3,
        3,
        0,
        1
      ],
      [
        2,
        0,
        2,
        0,
        3,
        4,
        1,
        2,
        1,
        2
      ],
      [
        0,
        4,
        2,
        3,
        1,
        0,
        1,
        2,
        3,
        0
      ],
      [
        1,
        4,
        1,
        3,
        0,
        3,
        1,
        2,
        4,
        3
      ],
      [
        1,
        4,
        0,
        0,
        3,
        0,
        0,
        0,
        3,
        2
      ],
      [
        0,
        0,
        0,
        0,
        0,
        0,
        0,
        0,
        1,
        0
      ],
      [
        0,
        0,
        0,
        0,
        0,
        0,
        3,
        3,
        3,
        0
      ],
      [
        0,
        0,
        0,
        0,
        0,
        1,
        0,
        0,
        0,
        0
      ]
    ]
  },
  "features": {
    "color_entropy": 1.9462613430065807,
    "max_chain_depth": 6.0,
    "avg_cluster_size": 1.64,
    "floating_potential": 1.5714285714285714,
    "density": 0.5125,
    "shot_pressure": 0.34146341463414637
  },
  "bots": {
    "weak": {
      "bot_name": "weak",
      "runs": 60,
      "clear_rate": 0.8333333333333334,
      "eac": 19.2,
      "eac_all": 23.0,
      "avg_popped": 63.36666666666667
    },
    "medium": {
      "bot_name": "medium",
      "runs": 60,
      "clear_rate": 0.8833333333333333,
      "eac": 18.22641509433962,
      "eac_all": 21.0,
      "avg_popped": 61.55
    },
    "strong": {
      "bot_name": "strong",
      "runs": 60,
      "clear_rate": 1.0,
      "eac": 12.583333333333334,
      "eac_all": 12.583333333333334,
      "avg_popped": 53.583333333333336
    }
  },
  "spec": {
    "target_features": {
      "color_entropy": 1.943766333360852,
      "max_chain_depth": 5,
      "floating_potential": 1.5733626190426908,
      "density": 0.5081954595553064
    },
    "weights": {
      "color_entropy": 1.0,
      "max_chain_depth": 0.5,
      "floating_potential": 1.0,
      "density": 2.0
    },
    "rows": 8,
    "cols": 10,
    "num_colors": 4,
    "shots_remaining": 14,
    "target_density": 0.5081954595553064,
    "num_seeds": 4
  }
}