{
  "level_id": "L001",
  "board": {
    "rows": 8,
    "cols": 10,
    "num_colors": 4,
    "shots_remaining": 20,
    "seed": 20260507,
    "cells": [
      [
        1,
        2,
        3,
        3,
        1,
        1,
        3,
        3,
        2,
        1
      ],
      [
        4,
        2,
        0,
        2,
        0,
        2,
        0,
        2,
        4
      ],
      [
        1,
        2,
        1,
        1,
        0,
        0,
        1,
        1,
        2,
        1
      ],
      [
        1,
        4,
        4,
        2,
        0,
        2,
        4,
        4,
        1
      ],
      [
        0,
        0,
        3,
        2,
        0,
        0,
        2,
        3,
        0,
        0
      ],
      [
        1,
        2,
        4,
        0,
        0,
        0,
        4,
        2,
        1
      ],
      [
        0,
        2,
        4,
        0,
        0,
        0,
        0,
        4,
        2,
        0
      ],
      [
        0,
        0,
        0,
        0,
        0,
        0,
        0,
        0,
        0
      ]
    ]
  },
  "features": {
    "color_entropy": 1.9141701112307732,
    "max_chain_depth": 5.0,
    "avg_cluster_size": 1.7037037037037037,
    "floating_potential": 1.4270833333333333,
    "density": 0.6052631578947368,
    "shot_pressure": 0.43478260869565216
  },
  "bots": {
    "weak": {
      "bot_name": "weak",
      "runs": 60,
      "clear_rate": 0.8666666666666667,
      "eac": 40.30769230769231,
      "eac_all": 42.93333333333333,
      "avg_popped": 88.53333333333333
    },
    "medium": {
      "bot_name": "medium",
      "runs": 60,
      "clear_rate": 0.9166666666666666,
      "eac": 35.21818181818182,
      "eac_all": 37.28333333333333,
      "avg_popped": 82.88333333333334
    },
    "strong": {
      "bot_name": "strong",
      "runs": 60,
      "clear_rate": 0.9833333333333333,
      "eac": 32.47457627118644,
      "eac_all": 32.93333333333333,
      "avg_popped": 78.9
    }
  },
  "spec": {
    "target_features": {
      "color_entropy": 1.9027860653538666,
      "max_chain_depth": 5,
      "floating_potential": 1.4246537083069861,
      "density": 0.5948147664882597
    },
    "weights": {
      "color_entropy": 1.0,
      "max_chain_depth": 0.5,
      "floating_potential": 1.0,
      "density": 2.0
    },
    "rows": 8,
    "cols": 10,
    "num_colors": 4,
    "shots_remaining": 20,
    "target_density": 0.5948147664882597,
    "num_seeds": 7,
    "level_index": 14,
    "symmetric": false,
    "symmetry_axis": "horizontal"
  },
  "rationale": {
    "summary": "초반 4색 — 색 분리 훈련",
    "band": "L015: 초반 (4색)",
    "axis": "좌우 대칭 패턴 — 시각적 일관성, 양쪽 동시 학습 가능.",
    "intent": "색 엔트로피 1.90로 색 분포를 균등화. 4색 중 매칭 후보를 빠르게 골라내는 시야 훈련.",
    "key_feature": "color_entropy",
    "achieved": "color_entropy 일치 (목표 1.90 → 도달 1.91)",
    "expected_play": "기초 — 즉각 클리어 가능, 온보딩 적합. 봇 W87% / S98%, 평균 33발.",
    "skill_trained": "4색 분리와 빠른 색 탐색.",
    "notes": []
  }
}