{
  "level_id": "L002",
  "board": {
    "rows": 8,
    "cols": 10,
    "num_colors": 5,
    "shots_remaining": 21,
    "seed": 20260508,
    "cells": [
      [
        0,
        3,
        0,
        3,
        1,
        1,
        3,
        0,
        3,
        0
      ],
      [
        0,
        4,
        0,
        1,
        3,
        1,
        0,
        4,
        0
      ],
      [
        0,
        0,
        1,
        5,
        3,
        3,
        5,
        1,
        0,
        0
      ],
      [
        3,
        2,
        3,
        3,
        1,
        3,
        3,
        2,
        3
      ],
      [
        0,
        5,
        0,
        0,
        0,
        0,
        0,
        0,
        5,
        0
      ],
      [
        0,
        1,
        0,
        0,
        0,
        0,
        0,
        1,
        0
      ],
      [
        0,
        0,
        5,
        3,
        0,
        0,
        3,
        5,
        0,
        0
      ],
      [
        0,
        0,
        0,
        0,
        0,
        0,
        0,
        0,
        0
      ]
    ]
  },
  "features": {
    "color_entropy": 1.9509199309140004,
    "max_chain_depth": 9.0,
    "avg_cluster_size": 1.36,
    "floating_potential": 0.4,
    "density": 0.4473684210526316,
    "shot_pressure": 0.6176470588235294
  },
  "bots": {
    "weak": {
      "bot_name": "weak",
      "runs": 60,
      "clear_rate": 0.8333333333333334,
      "eac": 19.34,
      "eac_all": 26.616666666666667,
      "avg_popped": 59.733333333333334
    },
    "medium": {
      "bot_name": "medium",
      "runs": 60,
      "clear_rate": 0.8666666666666667,
      "eac": 17.653846153846153,
      "eac_all": 23.7,
      "avg_popped": 57.11666666666667
    },
    "strong": {
      "bot_name": "strong",
      "runs": 60,
      "clear_rate": 1.0,
      "eac": 13.083333333333334,
      "eac_all": 13.083333333333334,
      "avg_popped": 47.083333333333336
    }
  },
  "spec": {
    "target_features": {
      "color_entropy": 1.9439787585781967,
      "max_chain_depth": 9,
      "floating_potential": 0.4079475689432236,
      "density": 0.4403279507405173
    },
    "weights": {
      "color_entropy": 1.0,
      "max_chain_depth": 0.5,
      "floating_potential": 1.0,
      "density": 2.0
    },
    "rows": 8,
    "cols": 10,
    "num_colors": 5,
    "shots_remaining": 21,
    "target_density": 0.4403279507405173,
    "num_seeds": 5,
    "level_index": 24,
    "symmetric": false,
    "symmetry_axis": "horizontal"
  },
  "rationale": {
    "summary": "중반 5색 — 키스톤 부유 훈련",
    "band": "L025: 중반 (5색)",
    "axis": "좌우 대칭 패턴 — 시각적 일관성, 양쪽 동시 학습 가능.",
    "intent": "부유 잠재력 0.4 — 천장과 약하게 연결된 키스톤 버블을 한 둘 떨어뜨리면 그 아래 부유 그룹이 함께 풀리도록 설계.",
    "key_feature": "floating_potential",
    "achieved": "floating_potential 일치 (목표 0.41 → 도달 0.40)",
    "expected_play": "기초 — 즉각 클리어 가능, 온보딩 적합. 봇 W83% / S100%, 평균 13발.",
    "skill_trained": "키스톤 버블 인식 — 부수면 풍성한 부유.",
    "notes": []
  }
}