{
  "level_id": "L005",
  "board": {
    "rows": 8,
    "cols": 10,
    "num_colors": 6,
    "shots_remaining": 22,
    "seed": 20260511,
    "cells": [
      [
        3,
        2,
        2,
        2,
        0,
        1,
        3,
        2,
        4,
        0
      ],
      [
        2,
        2,
        4,
        2,
        2,
        3,
        5,
        3,
        3
      ],
      [
        3,
        3,
        5,
        3,
        2,
        5,
        3,
        2,
        3,
        4
      ],
      [
        0,
        2,
        4,
        3,
        4,
        0,
        3,
        0,
        0
      ],
      [
        0,
        0,
        2,
        3,
        2,
        0,
        0,
        5,
        2,
        0
      ],
      [
        0,
        0,
        2,
        4,
        1,
        0,
        0,
        0,
        0
      ],
      [
        0,
        0,
        3,
        0,
        2,
        0,
        0,
        0,
        0,
        0
      ],
      [
        0,
        0,
        0,
        0,
        0,
        0,
        0,
        0,
        0
      ]
    ]
  },
  "features": {
    "color_entropy": 1.9920139962755843,
    "max_chain_depth": 11.0,
    "avg_cluster_size": 1.68,
    "floating_potential": 0.5378787878787878,
    "density": 0.5526315789473685,
    "shot_pressure": 0.5238095238095238
  },
  "bots": {
    "weak": {
      "bot_name": "weak",
      "runs": 60,
      "clear_rate": 0.48333333333333334,
      "eac": 36.758620689655174,
      "eac_all": 51.86666666666667,
      "avg_popped": 91.15
    },
    "medium": {
      "bot_name": "medium",
      "runs": 60,
      "clear_rate": 0.5666666666666667,
      "eac": 39.970588235294116,
      "eac_all": 51.25,
      "avg_popped": 90.91666666666667
    },
    "strong": {
      "bot_name": "strong",
      "runs": 60,
      "clear_rate": 0.8333333333333334,
      "eac": 35.34,
      "eac_all": 40.45,
      "avg_popped": 81.6
    }
  },
  "spec": {
    "target_features": {
      "color_entropy": 1.9874604292998845,
      "max_chain_depth": 11,
      "floating_potential": 0.524084680947712,
      "density": 0.558889370883781
    },
    "weights": {
      "color_entropy": 1.0,
      "max_chain_depth": 0.5,
      "floating_potential": 1.0,
      "density": 2.0
    },
    "rows": 8,
    "cols": 10,
    "num_colors": 6,
    "shots_remaining": 22,
    "target_density": 0.558889370883781,
    "num_seeds": 4,
    "level_index": 54,
    "symmetric": false,
    "symmetry_axis": "none"
  },
  "rationale": {
    "summary": "엔드게임 6색 — 색 분리 훈련",
    "band": "L055: 엔드게임 (6색)",
    "axis": "비대칭 자유 배치 — 패턴 의존을 막고 즉흥 판단을 요구.",
    "intent": "색 엔트로피 1.99로 색 분포를 균등화. 6색 중 매칭 후보를 빠르게 골라내는 시야 훈련.",
    "key_feature": "color_entropy",
    "achieved": "color_entropy 일치 (목표 1.99 → 도달 1.99)",
    "expected_play": "기술 격차가 큰 레벨 — 키스톤 패턴 인식이 결과를 가른다. 봇 W48% / S83%, 평균 40발.",
    "skill_trained": "6색 분리와 빠른 색 탐색.",
    "notes": []
  }
}