{
  "level_id": "L006",
  "board": {
    "rows": 8,
    "cols": 10,
    "num_colors": 7,
    "shots_remaining": 19,
    "seed": 20260512,
    "cells": [
      [
        0,
        6,
        3,
        6,
        3,
        3,
        6,
        3,
        6,
        0
      ],
      [
        6,
        6,
        3,
        3,
        3,
        3,
        3,
        6,
        6
      ],
      [
        6,
        0,
        6,
        6,
        1,
        1,
        6,
        6,
        0,
        6
      ],
      [
        0,
        1,
        3,
        1,
        3,
        1,
        3,
        1,
        0
      ],
      [
        0,
        0,
        0,
        6,
        6,
        6,
        6,
        0,
        0,
        0
      ],
      [
        0,
        0,
        0,
        0,
        0,
        0,
        0,
        0,
        0
      ],
      [
        0,
        0,
        0,
        0,
        0,
        0,
        0,
        0,
        0,
        0
      ],
      [
        0,
        0,
        0,
        0,
        0,
        0,
        0,
        0,
        0
      ]
    ]
  },
  "features": {
    "color_entropy": 1.4591479170272448,
    "max_chain_depth": 7.0,
    "avg_cluster_size": 3.0,
    "floating_potential": 0.7333333333333333,
    "density": 0.47368421052631576,
    "shot_pressure": 0.5277777777777778
  },
  "bots": {
    "weak": {
      "bot_name": "weak",
      "runs": 60,
      "clear_rate": 0.2,
      "eac": 41.75,
      "eac_all": 53.95,
      "avg_popped": 85.31666666666666
    },
    "medium": {
      "bot_name": "medium",
      "runs": 60,
      "clear_rate": 0.3333333333333333,
      "eac": 36.7,
      "eac_all": 50.233333333333334,
      "avg_popped": 82.05
    },
    "strong": {
      "bot_name": "strong",
      "runs": 60,
      "clear_rate": 0.6833333333333333,
      "eac": 31.878048780487806,
      "eac_all": 39.833333333333336,
      "avg_popped": 74.01666666666667
    }
  },
  "spec": {
    "target_features": {
      "color_entropy": 1.2182932551869536,
      "max_chain_depth": 7,
      "floating_potential": 0.6655946308494347,
      "density": 0.42807044594478544
    },
    "weights": {
      "color_entropy": 1.0,
      "max_chain_depth": 0.5,
      "floating_potential": 1.0,
      "density": 2.0
    },
    "rows": 8,
    "cols": 10,
    "num_colors": 7,
    "shots_remaining": 19,
    "target_density": 0.42807044594478544,
    "num_seeds": 7,
    "level_index": 64,
    "symmetric": false,
    "symmetry_axis": "horizontal"
  },
  "rationale": {
    "summary": "엔드게임 7색 — 색 분리 훈련",
    "band": "L065: 엔드게임 (7색)",
    "axis": "좌우 대칭 패턴 — 시각적 일관성, 양쪽 동시 학습 가능.",
    "intent": "색 엔트로피 1.22로 색 분포를 균등화. 7색 중 매칭 후보를 빠르게 골라내는 시야 훈련.",
    "key_feature": "color_entropy",
    "achieved": "color_entropy +0.24 이탈 (목표 1.22 → 도달 1.46)",
    "expected_play": "기술 격차가 큰 레벨 — 키스톤 패턴 인식이 결과를 가른다. 봇 W20% / S68%, 평균 40발.",
    "skill_trained": "7색 분리와 빠른 색 탐색.",
    "notes": []
  }
}