{
  "level_id": "L007",
  "board": {
    "rows": 8,
    "cols": 10,
    "num_colors": 7,
    "shots_remaining": 21,
    "seed": 20260513,
    "cells": [
      [
        5,
        1,
        5,
        1,
        5,
        5,
        1,
        5,
        1,
        5
      ],
      [
        5,
        2,
        5,
        2,
        2,
        2,
        5,
        2,
        5
      ],
      [
        0,
        3,
        0,
        1,
        1,
        1,
        1,
        0,
        3,
        0
      ],
      [
        2,
        0,
        0,
        1,
        0,
        1,
        0,
        0,
        2
      ],
      [
        5,
        0,
        0,
        5,
        0,
        0,
        5,
        0,
        0,
        5
      ],
      [
        0,
        0,
        0,
        0,
        0,
        0,
        0,
        0,
        0
      ],
      [
        0,
        0,
        0,
        0,
        0,
        0,
        0,
        0,
        0,
        0
      ],
      [
        0,
        0,
        0,
        0,
        0,
        0,
        0,
        0,
        0
      ]
    ]
  },
  "features": {
    "color_entropy": 1.766402170507444,
    "max_chain_depth": 9.0,
    "avg_cluster_size": 1.5714285714285714,
    "floating_potential": 0.5102040816326531,
    "density": 0.4342105263157895,
    "shot_pressure": 0.6363636363636364
  },
  "bots": {
    "weak": {
      "bot_name": "weak",
      "runs": 60,
      "clear_rate": 0.35,
      "eac": 38.333333333333336,
      "eac_all": 54.36666666666667,
      "avg_popped": 83.28333333333333
    },
    "medium": {
      "bot_name": "medium",
      "runs": 60,
      "clear_rate": 0.25,
      "eac": 35.2,
      "eac_all": 56.05,
      "avg_popped": 84.35
    },
    "strong": {
      "bot_name": "strong",
      "runs": 60,
      "clear_rate": 0.8166666666666667,
      "eac": 34.36734693877551,
      "eac_all": 39.61666666666667,
      "avg_popped": 71.45
    }
  },
  "spec": {
    "target_features": {
      "color_entropy": 1.7589557114069332,
      "max_chain_depth": 9,
      "floating_potential": 0.5003529150704723,
      "density": 0.41261865110023976
    },
    "weights": {
      "color_entropy": 1.0,
      "max_chain_depth": 0.5,
      "floating_potential": 1.0,
      "density": 2.0
    },
    "rows": 8,
    "cols": 10,
    "num_colors": 7,
    "shots_remaining": 21,
    "target_density": 0.41261865110023976,
    "num_seeds": 4,
    "level_index": 74,
    "symmetric": false,
    "symmetry_axis": "horizontal"
  },
  "rationale": {
    "summary": "엔드게임 7색 — 키스톤 부유 훈련",
    "band": "L075: 엔드게임 (7색)",
    "axis": "좌우 대칭 패턴 — 시각적 일관성, 양쪽 동시 학습 가능.",
    "intent": "부유 잠재력 0.5 — 천장과 약하게 연결된 키스톤 버블을 한 둘 떨어뜨리면 그 아래 부유 그룹이 함께 풀리도록 설계.",
    "key_feature": "floating_potential",
    "achieved": "floating_potential 일치 (목표 0.50 → 도달 0.51)",
    "expected_play": "기술 격차가 큰 레벨 — 키스톤 패턴 인식이 결과를 가른다. 봇 W35% / S82%, 평균 40발.",
    "skill_trained": "키스톤 버블 인식 — 부수면 풍성한 부유.",
    "notes": []
  }
}