{
  "level_id": "L008",
  "board": {
    "rows": 8,
    "cols": 10,
    "num_colors": 7,
    "shots_remaining": 22,
    "seed": 20260514,
    "cells": [
      [
        4,
        6,
        3,
        1,
        6,
        0,
        6,
        7,
        7,
        7
      ],
      [
        0,
        6,
        6,
        4,
        6,
        6,
        7,
        0,
        0
      ],
      [
        6,
        6,
        6,
        4,
        0,
        6,
        7,
        0,
        0,
        0
      ],
      [
        0,
        0,
        4,
        6,
        0,
        0,
        7,
        6,
        0
      ],
      [
        0,
        6,
        6,
        6,
        0,
        0,
        0,
        7,
        0,
        0
      ],
      [
        6,
        7,
        6,
        0,
        6,
        6,
        6,
        6,
        0
      ],
      [
        0,
        0,
        0,
        0,
        0,
        0,
        0,
        0,
        1,
        0
      ],
      [
        0,
        0,
        0,
        0,
        0,
        0,
        0,
        0,
        0
      ]
    ]
  },
  "features": {
    "color_entropy": 1.6389805113040703,
    "max_chain_depth": 14.0,
    "avg_cluster_size": 3.0833333333333335,
    "floating_potential": 1.4,
    "density": 0.4868421052631579,
    "shot_pressure": 0.5945945945945946
  },
  "bots": {
    "weak": {
      "bot_name": "weak",
      "runs": 60,
      "clear_rate": 0.26666666666666666,
      "eac": 37.5625,
      "eac_all": 58.416666666666664,
      "avg_popped": 91.08333333333333
    },
    "medium": {
      "bot_name": "medium",
      "runs": 60,
      "clear_rate": 0.43333333333333335,
      "eac": 37.0,
      "eac_all": 53.43333333333333,
      "avg_popped": 87.0
    },
    "strong": {
      "bot_name": "strong",
      "runs": 60,
      "clear_rate": 0.8,
      "eac": 41.541666666666664,
      "eac_all": 46.43333333333333,
      "avg_popped": 82.15
    }
  },
  "spec": {
    "target_features": {
      "color_entropy": 1.6218558267144445,
      "max_chain_depth": 5,
      "floating_potential": 1.391937704592896,
      "density": 0.4998587530928956
    },
    "weights": {
      "color_entropy": 1.0,
      "max_chain_depth": 0.5,
      "floating_potential": 1.0,
      "density": 2.0
    },
    "rows": 8,
    "cols": 10,
    "num_colors": 7,
    "shots_remaining": 22,
    "target_density": 0.4998587530928956,
    "num_seeds": 7,
    "level_index": 84,
    "symmetric": false,
    "symmetry_axis": "none"
  },
  "rationale": {
    "summary": "엔드게임 7색 — 큰 콤보 훈련",
    "band": "L085: 엔드게임 (7색)",
    "axis": "비대칭 자유 배치 — 패턴 의존을 막고 즉흥 판단을 요구.",
    "intent": "한 발에 5개 이상이 깨지는 클러스터를 의도적으로 배치해, 플레이어가 큰 콤보의 시각·청각 보상을 경험하도록 만든다.",
    "key_feature": "max_chain_depth",
    "achieved": "max_chain_depth +9.00 이탈 (목표 5.00 → 도달 14.00)",
    "expected_play": "기술 격차가 큰 레벨 — 키스톤 패턴 인식이 결과를 가른다. 봇 W27% / S80%, 평균 46발.",
    "skill_trained": "큰 클러스터 식별과 한 발 콤보.",
    "notes": []
  }
}